dataset,domain,owner,experiment,config_id,A,B,C,weight_mode,weight_power,sampling_ratio,ir_level,classifier,repeat,fold,seed,n_train,n_test,n_test_pos,n_iter,train_pos_ratio_after,rho_eff,threshold,best_params_json,accuracy,balanced_acc,precision_1,recall_1,f1_1,precision_0,recall_0,f1_0,macro_f1,mcc,roc_auc,pr_auc,gmean,ppr_ratio,fit_time_s,smoke,git_commit,package_versions,timestamp
cicids2017,network_security,member_1,e3,c0_none,0,0,0,none,0.0,0.0,0.15,LR,0,0,2026,5000,5000,750,10,0.15,0.1764705882352941,0.5,"{""clf__base__C"": 86.64678862932995}",0.9554,0.9699215686274508,0.7747653806047967,0.9906666666666668,0.8695143358689292,0.9982677555060628,0.9491764705882352,0.973103365094681,0.9213088504818052,0.8523672259328288,0.9867364705882352,0.868156585976743,0.96969969072702,1.2786666666666666,14.8,False,4514c5e,scikit-learn=1.9.1;imbalanced-learn=0.14.2;xgboost=3.4.1;lightgbm=4.7.0;numpy=2.5.3;pandas=3.0.6,2026-09-27T09:30:37Z
cicids2017,network_security,member_1,e3,c0_none,0,0,0,none,0.0,0.0,0.15,LR,0,1,2027,5000,5000,750,10,0.15,0.1764705882352941,0.5,"{""clf__base__C"": 33.09421283700199}",0.963,0.9568235294117646,0.8296382730455076,0.948,0.8848786558805227,0.9905865314989138,0.9656470588235294,0.9779578219945192,0.931418238937521,0.8656766025751851,0.987849725490196,0.8751121724749511,0.9567828446229092,1.1426666666666667,9.81,False,4514c5e,scikit-learn=1.9.1;imbalanced-learn=0.14.2;xgboost=3.4.1;lightgbm=4.7.0;numpy=2.5.3;pandas=3.0.6,2026-09-27T09:31:33Z
cicids2017,network_security,member_1,e3,c0_none,0,0,0,none,0.0,0.0,0.15,LR,1,0,3026,5000,5000,750,10,0.15,0.1764705882352941,0.5,"{""clf__base__C"": 95.41248660376695}",0.967,0.9734509803921568,0.829021372328459,0.9826666666666668,0.8993288590604027,0.9968377523716856,0.9642352941176472,0.9802655184786508,0.9397971887695268,0.8843119497723549,0.9883736470588236,0.8680113818792586,0.97340735684139,1.1853333333333336,2.72,False,4514c5e,scikit-learn=1.9.1;imbalanced-learn=0.14.2;xgboost=3.4.1;lightgbm=4.7.0;numpy=2.5.3;pandas=3.0.6,2026-09-27T09:31:35Z
cicids2017,network_security,member_1,e3,c0_none,0,0,0,none,0.0,0.0,0.15,LR,1,1,3027,5000,5000,750,10,0.15,0.1764705882352941,0.5,"{""clf__base__C"": 2.427560843432097}",0.9456,0.9410980392156862,0.7586580086580087,0.9346666666666666,0.8375149342891278,0.9879784102060843,0.9475294117647058,0.9673312515013212,0.9024230928952244,0.8115908579672066,0.979329568627451,0.8446322719619795,0.9410760632715854,1.232,1.72,False,4514c5e,scikit-learn=1.9.1;imbalanced-learn=0.14.2;xgboost=3.4.1;lightgbm=4.7.0;numpy=2.5.3;pandas=3.0.6,2026-09-27T09:31:37Z
cicids2017,network_security,member_1,e3,c0_none,0,0,0,none,0.0,0.0,0.15,LR,2,0,4026,5000,5000,750,10,0.15,0.1764705882352941,0.5,"{""clf__base__C"": 2.963965176880303}",0.9454,0.941529411764706,0.7572815533980582,0.936,0.8372093023255814,0.9882150748833785,0.9470588235294116,0.9671993271656856,0.9022043147456336,0.8113675958006633,0.9776006274509804,0.8332867224736181,0.9415131750663552,1.2360000000000002,2.39,False,4514c5e,scikit-learn=1.9.1;imbalanced-learn=0.14.2;xgboost=3.4.1;lightgbm=4.7.0;numpy=2.5.3;pandas=3.0.6,2026-09-27T09:31:40Z
cicids2017,network_security,member_1,e3,c0_none,0,0,0,none,0.0,0.0,0.15,LR,2,1,4027,5000,5000,750,10,0.15,0.1764705882352941,0.5,"{""clf__base__C"": 80.93579062656904}",0.9666,0.974313725490196,0.8256983240223463,0.9853333333333332,0.8984802431610942,0.997320341047503,0.9632941176470587,0.9800119688809096,0.939246106021002,0.8835938537328655,0.9893146666666668,0.894755332726259,0.97425140693846,1.1933333333333334,7.83,False,1f58d07,scikit-learn=1.9.1;imbalanced-learn=0.14.2;xgboost=3.4.1;lightgbm=4.7.0;numpy=2.5.3;pandas=3.0.6,2026-09-27T19:32:44Z
cicids2017,network_security,member_1,e3,c0_none,0,0,0,none,0.0,0.0,0.15,LR,3,0,5026,5000,5000,750,10,0.15,0.1764705882352941,0.5,"{""clf__base__C"": 68.96511808116286}",0.9644,0.9730196078431372,0.8156732891832229,0.9853333333333332,0.892512077294686,0.997313141182218,0.9607058823529412,0.978667305848514,0.9355896915716,0.8769931840935286,0.9872517647058824,0.8941065700078346,0.9729416885979164,1.208,4.5,False,1f58d07,scikit-learn=1.9.1;imbalanced-learn=0.14.2;xgboost=3.4.1;lightgbm=4.7.0;numpy=2.5.3;pandas=3.0.6,2026-09-27T19:32:48Z
cicids2017,network_security,member_1,e3,c0_none,0,0,0,none,0.0,0.0,0.15,LR,3,1,5027,5000,5000,750,10,0.15,0.1764705882352941,0.5,"{""clf__base__C"": 14.586511895863424}",0.9474,0.9465490196078432,0.761546723952739,0.9453333333333334,0.843545508625818,0.9899238142049644,0.947764705882353,0.968385623272028,0.905965565948923,0.8192294331608218,0.9871996862745096,0.8674186503695742,0.9465482389331518,1.2413333333333334,3.81,False,1f58d07,scikit-learn=1.9.1;imbalanced-learn=0.14.2;xgboost=3.4.1;lightgbm=4.7.0;numpy=2.5.3;pandas=3.0.6,2026-09-27T19:32:52Z
cicids2017,network_security,member_1,e3,c0_none,0,0,0,none,0.0,0.0,0.15,LR,4,0,6026,5000,5000,750,10,0.15,0.1764705882352941,0.5,"{""clf__base__C"": 73.66417088381552}",0.9624,0.955372549019608,0.8282710280373832,0.9453333333333334,0.8829389788293898,0.9901061776061776,0.9654117647058824,0.9776030497974744,0.930271014313432,0.8633267216916803,0.9871567058823528,0.8532775963132826,0.9553198006786144,1.1413333333333333,4.18,False,1f58d07,scikit-learn=1.9.1;imbalanced-learn=0.14.2;xgboost=3.4.1;lightgbm=4.7.0;numpy=2.5.3;pandas=3.0.6,2026-09-27T19:32:57Z
cicids2017,network_security,member_1,e3,c0_none,0,0,0,none,0.0,0.0,0.15,LR,4,1,6027,5000,5000,750,10,0.15,0.1764705882352941,0.5,"{""clf__base__C"": 89.78839453758782}",0.9646,0.9753333333333334,0.8138006571741512,0.9906666666666668,0.8935658448586891,0.9982872522632736,0.96,0.9787693414897444,0.9361675931742168,0.8786494784071625,0.9886522352941176,0.9056529057744284,0.9752127972909296,1.2173333333333334,4.04,False,1f58d07,scikit-learn=1.9.1;imbalanced-learn=0.14.2;xgboost=3.4.1;lightgbm=4.7.0;numpy=2.5.3;pandas=3.0.6,2026-09-27T19:33:01Z
cicids2017,network_security,member_1,e3,c0_none,0,0,0,none,0.0,0.0,0.15,RF,0,0,2026,5000,5000,750,10,0.15,0.1764705882352941,0.5,"{""clf__base__max_depth"": 16, ""clf__base__max_features"": ""sqrt"", ""clf__base__min_samples_leaf"": 1, ""clf__base__n_estimators"": 200}",0.9944,0.9956078431372548,0.96640826873385,0.9973333333333332,0.9816272965879264,0.9995267392333176,0.9938823529411764,0.9966965549787636,0.989161925783345,0.9784937055590854,0.998750274509804,0.9933243094669576,0.9956063479106588,1.032,35.77,False,1f58d07,scikit-learn=1.9.1;imbalanced-learn=0.14.2;xgboost=3.4.1;lightgbm=4.7.0;numpy=2.5.3;pandas=3.0.6,2026-09-27T19:33:37Z
cicids2017,network_security,member_1,e3,c0_none,0,0,0,none,0.0,0.0,0.15,RF,0,1,2027,5000,5000,750,10,0.15,0.1764705882352941,0.5,"{""clf__base__max_depth"": 16, ""clf__base__max_features"": ""sqrt"", ""clf__base__min_samples_leaf"": 2, ""clf__base__n_estimators"": 200}",0.9962,0.994470588235294,0.9828269484808454,0.992,0.9873921698739216,0.9985859061984445,0.9969411764705882,0.9977628635346756,0.9925775167042986,0.9851698245023016,0.999542274509804,0.996360571497062,0.9944675193583868,1.0093333333333334,35.24,False,1f58d07,scikit-learn=1.9.1;imbalanced-learn=0.14.2;xgboost=3.4.1;lightgbm=4.7.0;numpy=2.5.3;pandas=3.0.6,2026-09-27T19:34:12Z
cicids2017,network_security,member_1,e3,c0_none,0,0,0,none,0.0,0.0,0.15,RF,1,0,3026,5000,5000,750,10,0.15,0.1764705882352941,0.5,"{""clf__base__max_depth"": 16, ""clf__base__max_features"": ""sqrt"", ""clf__base__min_samples_leaf"": 2, ""clf__base__n_estimators"": 200}",0.9952,0.996078431372549,0.9714285714285714,0.9973333333333332,0.9842105263157894,0.9995271867612292,0.9948235294117648,0.9971698113207548,0.990690168818272,0.981499067197662,0.9993639215686274,0.9943556057939024,0.9960776408828113,1.0266666666666666,42.73,False,1f58d07,scikit-learn=1.9.1;imbalanced-learn=0.14.2;xgboost=3.4.1;lightgbm=4.7.0;numpy=2.5.3;pandas=3.0.6,2026-09-27T19:34:55Z
cicids2017,network_security,member_1,e3,c0_none,0,0,0,none,0.0,0.0,0.15,RF,1,1,3027,5000,5000,750,10,0.15,0.1764705882352941,0.5,"{""clf__base__max_depth"": null, ""clf__base__max_features"": ""log2"", ""clf__base__min_samples_leaf"": 1, ""clf__base__n_estimators"": 200}",0.9952,0.991686274509804,0.9814323607427056,0.9866666666666668,0.9840425531914894,0.9976448422044276,0.9967058823529412,0.9971751412429378,0.9906088472172137,0.9812225256021748,0.9988450196078432,0.9949400105227566,0.9916735705806802,1.0053333333333334,41.62,False,1f58d07,scikit-learn=1.9.1;imbalanced-learn=0.14.2;xgboost=3.4.1;lightgbm=4.7.0;numpy=2.5.3;pandas=3.0.6,2026-09-27T19:35:37Z
cicids2017,network_security,member_1,e3,c0_none,0,0,0,none,0.0,0.0,0.15,RF,2,0,4026,5000,5000,750,10,0.15,0.1764705882352941,0.5,"{""clf__base__max_depth"": null, ""clf__base__max_features"": ""sqrt"", ""clf__base__min_samples_leaf"": 2, ""clf__base__n_estimators"": 200}",0.9948,0.9925490196078433,0.9763157894736842,0.9893333333333332,0.9827814569536424,0.9981132075471698,0.995764705882353,0.9969375736160188,0.9898595152848306,0.9797489955698608,0.9986864313725492,0.994432279604662,0.9925438104619234,1.0133333333333334,33.75,False,1f58d07,scikit-learn=1.9.1;imbalanced-learn=0.14.2;xgboost=3.4.1;lightgbm=4.7.0;numpy=2.5.3;pandas=3.0.6,2026-09-27T19:36:11Z
cicids2017,network_security,member_1,e3,c0_none,0,0,0,none,0.0,0.0,0.15,RF,2,1,4027,5000,5000,750,10,0.15,0.1764705882352941,0.5,"{""clf__base__max_depth"": 16, ""clf__base__max_features"": ""sqrt"", ""clf__base__min_samples_leaf"": 2, ""clf__base__n_estimators"": 400}",0.9964,0.9945882352941176,0.984126984126984,0.992,0.9880478087649402,0.9985862393967956,0.9971764705882352,0.9978808570755828,0.9929643329202616,0.9859395509084924,0.9995959215686274,0.9965743759413797,0.9945848675822136,1.008,38.28,False,1f58d07,scikit-learn=1.9.1;imbalanced-learn=0.14.2;xgboost=3.4.1;lightgbm=4.7.0;numpy=2.5.3;pandas=3.0.6,2026-09-27T19:36:49Z
cicids2017,network_security,member_1,e3,c0_none,0,0,0,none,0.0,0.0,0.15,RF,3,0,5026,5000,5000,750,10,0.15,0.1764705882352941,0.5,"{""clf__base__max_depth"": 16, ""clf__base__max_features"": ""sqrt"", ""clf__base__min_samples_leaf"": 2, ""clf__base__n_estimators"": 200}",0.9954,0.9956470588235292,0.9739243807040416,0.996,0.984838497033619,0.9992912827781716,0.9952941176470588,0.9972886950371332,0.991063596035376,0.9822132978187056,0.999756862745098,0.9984623614472302,0.9956469962674876,1.0226666666666668,36.97,False,1f58d07,scikit-learn=1.9.1;imbalanced-learn=0.14.2;xgboost=3.4.1;lightgbm=4.7.0;numpy=2.5.3;pandas=3.0.6,2026-09-27T19:37:26Z
cicids2017,network_security,member_1,e3,c0_none,0,0,0,none,0.0,0.0,0.15,RF,3,1,5027,5000,5000,750,10,0.15,0.1764705882352941,0.5,"{""clf__base__max_depth"": null, ""clf__base__max_features"": ""sqrt"", ""clf__base__min_samples_leaf"": 1, ""clf__base__n_estimators"": 200}",0.9944,0.9890196078431372,0.9813333333333332,0.9813333333333332,0.9813333333333332,0.9967058823529412,0.9967058823529412,0.9967058823529412,0.9890196078431372,0.9780392156862744,0.9990509803921568,0.9899525464349106,0.9889897400288604,1.0,48.39,False,1f58d07,scikit-learn=1.9.1;imbalanced-learn=0.14.2;xgboost=3.4.1;lightgbm=4.7.0;numpy=2.5.3;pandas=3.0.6,2026-09-27T19:38:15Z
cicids2017,network_security,member_1,e3,c0_none,0,0,0,none,0.0,0.0,0.15,RF,4,0,6026,5000,5000,750,10,0.15,0.1764705882352941,0.5,"{""clf__base__max_depth"": null, ""clf__base__max_features"": ""sqrt"", ""clf__base__min_samples_leaf"": 2, ""clf__base__n_estimators"": 200}",0.9944,0.9967058823529412,0.9640102827763496,1.0,0.981675392670157,1.0,0.9934117647058824,0.9966949952785646,0.9891851939743608,0.9786006111828616,0.9995115294117648,0.9956413994877038,0.9967004388008878,1.0373333333333332,41.17,False,1f58d07,scikit-learn=1.9.1;imbalanced-learn=0.14.2;xgboost=3.4.1;lightgbm=4.7.0;numpy=2.5.3;pandas=3.0.6,2026-09-27T19:38:56Z
cicids2017,network_security,member_1,e3,c0_none,0,0,0,none,0.0,0.0,0.15,RF,4,1,6027,5000,5000,750,10,0.15,0.1764705882352941,0.5,"{""clf__base__max_depth"": null, ""clf__base__max_features"": ""sqrt"", ""clf__base__min_samples_leaf"": 1, ""clf__base__n_estimators"": 200}",0.996,0.9916078431372548,0.9879679144385026,0.9853333333333332,0.986648865153538,0.9974129821260584,0.9978823529411764,0.9976476123265114,0.9921482387400248,0.9842976960541544,0.9994447058823528,0.9947601335870072,0.9915879916064126,0.9973333333333334,44.15,False,1f58d07,scikit-learn=1.9.1;imbalanced-learn=0.14.2;xgboost=3.4.1;lightgbm=4.7.0;numpy=2.5.3;pandas=3.0.6,2026-09-27T19:40:04Z
cicids2017,network_security,member_1,e3,c0_none,0,0,0,none,0.0,0.0,0.15,XGB,0,0,2026,5000,5000,750,10,0.15,0.1764705882352941,0.5,"{""clf__base__colsample_bytree"": 0.6009588691348985, ""clf__base__learning_rate"": 0.04742768608332035, ""clf__base__max_depth"": 4, ""clf__base__min_child_weight"": 3, ""clf__base__n_estimators"": 400, ""clf__base__reg_lambda"": 9.747606633400663, ""clf__base__subsample"": 0.785273015173192}",0.9982,0.9972941176470588,0.9920318725099602,0.996,0.994011976047904,0.9992936190251942,0.9985882352941176,0.9989408026362244,0.9964763893420644,0.992955523287938,0.9997223529411764,0.9980266499277042,0.99729327800449,1.0040000000000002,26.23,False,1f58d07,scikit-learn=1.9.1;imbalanced-learn=0.14.2;xgboost=3.4.1;lightgbm=4.7.0;numpy=2.5.3;pandas=3.0.6,2026-09-27T19:40:30Z
cicids2017,network_security,member_1,e3,c0_none,0,0,0,none,0.0,0.0,0.15,XGB,0,1,2027,5000,5000,750,10,0.15,0.1764705882352941,0.5,"{""clf__base__colsample_bytree"": 0.9367080900800241, ""clf__base__learning_rate"": 0.021966262532687294, ""clf__base__max_depth"": 8, ""clf__base__min_child_weight"": 3, ""clf__base__n_estimators"": 800, ""clf__base__reg_lambda"": 3.6644207629451695, ""clf__base__subsample"": 0.9110993697209724}",0.9984,0.9979607843137256,0.9920424403183024,0.9973333333333332,0.9946808510638298,0.9995289684408856,0.9985882352941176,0.9990583804143126,0.9968696157390712,0.9937441083184252,0.999912,0.9994682163759196,0.9979605870641052,1.0053333333333334,35.98,False,1f58d07,scikit-learn=1.9.1;imbalanced-learn=0.14.2;xgboost=3.4.1;lightgbm=4.7.0;numpy=2.5.3;pandas=3.0.6,2026-09-27T19:41:06Z
cicids2017,network_security,member_1,e3,c0_none,0,0,0,none,0.0,0.0,0.15,XGB,1,0,3026,5000,5000,750,10,0.15,0.1764705882352941,0.5,"{""clf__base__colsample_bytree"": 0.6750002232167834, ""clf__base__learning_rate"": 0.055707861774863386, ""clf__base__max_depth"": 4, ""clf__base__min_child_weight"": 1, ""clf__base__n_estimators"": 800, ""clf__base__reg_lambda"": 0.08372426491886341, ""clf__base__subsample"": 0.7362258226856279}",0.9982,0.9989411764705882,0.9881422924901184,1.0,0.9940357852882704,1.0,0.9978823529411764,0.9989400541750088,0.9964879197316396,0.9930003805994878,0.9995546666666666,0.996585546535516,0.9989406153226408,1.012,38.52,False,1f58d07,scikit-learn=1.9.1;imbalanced-learn=0.14.2;xgboost=3.4.1;lightgbm=4.7.0;numpy=2.5.3;pandas=3.0.6,2026-09-27T19:41:45Z
cicids2017,network_security,member_1,e3,c0_none,0,0,0,none,0.0,0.0,0.15,XGB,1,1,3027,5000,5000,750,10,0.15,0.1764705882352941,0.5,"{""clf__base__colsample_bytree"": 0.8513470081401819, ""clf__base__learning_rate"": 0.25382642172504044, ""clf__base__max_depth"": 4, ""clf__base__min_child_weight"": 1, ""clf__base__n_estimators"": 200, ""clf__base__reg_lambda"": 0.012756619257647156, ""clf__base__subsample"": 0.9023643959650978}",0.9974,0.993529411764706,0.9946308724832216,0.988,0.991304347826087,0.9978848413631022,0.9990588235294118,0.9984714873603764,0.9948879175932316,0.989783508068106,0.9999339607843136,0.999614906597902,0.9935140248869458,0.9933333333333332,37.1,False,1f58d07,scikit-learn=1.9.1;imbalanced-learn=0.14.2;xgboost=3.4.1;lightgbm=4.7.0;numpy=2.5.3;pandas=3.0.6,2026-09-27T19:42:22Z
cicids2017,network_security,member_1,e3,c0_none,0,0,0,none,0.0,0.0,0.15,XGB,2,0,4026,5000,5000,750,10,0.15,0.1764705882352941,0.5,"{""clf__base__colsample_bytree"": 0.659630670299126, ""clf__base__learning_rate"": 0.03834557874295529, ""clf__base__max_depth"": 4, ""clf__base__min_child_weight"": 1, ""clf__base__n_estimators"": 800, ""clf__base__reg_lambda"": 0.0752355555373566, ""clf__base__subsample"": 0.6669423150701586}",0.998,0.9971764705882352,0.9907161803713528,0.996,0.9933510638297872,0.9992934526613284,0.9983529411764706,0.9988229755178908,0.996087019673839,0.9921789104788938,0.9998469019607844,0.9989999591938769,0.9971757765869388,1.0053333333333334,37.54,False,1f58d07,scikit-learn=1.9.1;imbalanced-learn=0.14.2;xgboost=3.4.1;lightgbm=4.7.0;numpy=2.5.3;pandas=3.0.6,2026-09-27T19:43:00Z
cicids2017,network_security,member_1,e3,c0_none,0,0,0,none,0.0,0.0,0.15,XGB,2,1,4027,5000,5000,750,10,0.15,0.1764705882352941,0.5,"{""clf__base__colsample_bytree"": 0.6559882439510808, ""clf__base__learning_rate"": 0.08120637239751023, ""clf__base__max_depth"": 4, ""clf__base__min_child_weight"": 1, ""clf__base__n_estimators"": 800, ""clf__base__reg_lambda"": 0.12873875292508413, ""clf__base__subsample"": 0.9865367520977653}",0.998,0.9971764705882352,0.9907161803713528,0.996,0.9933510638297872,0.9992934526613284,0.9983529411764706,0.9988229755178908,0.996087019673839,0.9921789104788938,0.9997552941176472,0.998203897213191,0.9971757765869388,1.0053333333333334,40.06,False,1f58d07,scikit-learn=1.9.1;imbalanced-learn=0.14.2;xgboost=3.4.1;lightgbm=4.7.0;numpy=2.5.3;pandas=3.0.6,2026-09-27T19:43:40Z
cicids2017,network_security,member_1,e3,c0_none,0,0,0,none,0.0,0.0,0.15,XGB,3,0,5026,5000,5000,750,10,0.15,0.1764705882352941,0.5,"{""clf__base__colsample_bytree"": 0.7542890799948759, ""clf__base__learning_rate"": 0.19191750289230153, ""clf__base__max_depth"": 8, ""clf__base__min_child_weight"": 3, ""clf__base__n_estimators"": 400, ""clf__base__reg_lambda"": 0.7269417058364168, ""clf__base__subsample"": 0.9589918836811703}",0.9984,0.9985098039215686,0.9907407407407408,0.9986666666666668,0.99468791500664,0.9997643732327992,0.9983529411764706,0.999058158700259,0.9968730368534496,0.9937570227679,0.9999269019607844,0.9995634603062556,0.998509791600247,1.008,28.76,False,1f58d07,scikit-learn=1.9.1;imbalanced-learn=0.14.2;xgboost=3.4.1;lightgbm=4.7.0;numpy=2.5.3;pandas=3.0.6,2026-09-27T19:44:09Z
cicids2017,network_security,member_1,e3,c0_none,0,0,0,none,0.0,0.0,0.15,XGB,3,1,5027,5000,5000,750,10,0.15,0.1764705882352941,0.5,"{""clf__base__colsample_bytree"": 0.8634559321903776, ""clf__base__learning_rate"": 0.16823585588908077, ""clf__base__max_depth"": 3, ""clf__base__min_child_weight"": 3, ""clf__base__n_estimators"": 200, ""clf__base__reg_lambda"": 0.037719245495274424, ""clf__base__subsample"": 0.7664752431509683}",0.998,0.996078431372549,0.9933333333333332,0.9933333333333332,0.9933333333333332,0.9988235294117648,0.9988235294117648,0.9988235294117648,0.996078431372549,0.992156862745098,0.9994610196078432,0.9951201486125748,0.9960746487499584,1.0,33.4,False,1f58d07,scikit-learn=1.9.1;imbalanced-learn=0.14.2;xgboost=3.4.1;lightgbm=4.7.0;numpy=2.5.3;pandas=3.0.6,2026-09-27T19:44:43Z
cicids2017,network_security,member_1,e3,c0_none,0,0,0,none,0.0,0.0,0.15,XGB,4,0,6026,5000,5000,750,10,0.15,0.1764705882352941,0.5,"{""clf__base__colsample_bytree"": 0.6019883151666798, ""clf__base__learning_rate"": 0.05495868370296514, ""clf__base__max_depth"": 3, ""clf__base__min_child_weight"": 1, ""clf__base__n_estimators"": 200, ""clf__base__reg_lambda"": 0.012258452796480747, ""clf__base__subsample"": 0.8499805869873966}",0.998,0.9971764705882352,0.9907161803713528,0.996,0.9933510638297872,0.9992934526613284,0.9983529411764706,0.9988229755178908,0.996087019673839,0.9921789104788938,0.9998059607843136,0.9987024980549168,0.9971757765869388,1.0053333333333334,23.71,False,1f58d07,scikit-learn=1.9.1;imbalanced-learn=0.14.2;xgboost=3.4.1;lightgbm=4.7.0;numpy=2.5.3;pandas=3.0.6,2026-09-27T19:45:07Z
cicids2017,network_security,member_1,e3,c0_none,0,0,0,none,0.0,0.0,0.15,XGB,4,1,6027,5000,5000,750,10,0.15,0.1764705882352941,0.5,"{""clf__base__colsample_bytree"": 0.7400831131827571, ""clf__base__learning_rate"": 0.021664971667522914, ""clf__base__max_depth"": 8, ""clf__base__min_child_weight"": 1, ""clf__base__n_estimators"": 400, ""clf__base__reg_lambda"": 0.0421316488972222, ""clf__base__subsample"": 0.6098935341153626}",0.998,0.996078431372549,0.9933333333333332,0.9933333333333332,0.9933333333333332,0.9988235294117648,0.9988235294117648,0.9988235294117648,0.996078431372549,0.992156862745098,0.999801725490196,0.9986805663338464,0.9960746487499584,1.0,29.21,False,1f58d07,scikit-learn=1.9.1;imbalanced-learn=0.14.2;xgboost=3.4.1;lightgbm=4.7.0;numpy=2.5.3;pandas=3.0.6,2026-09-27T19:45:36Z
cicids2017,network_security,member_1,e3,c1_A_smotetomek,1,0,0,none,0.0,1.0,0.15,LR,0,0,2026,5000,5000,750,10,0.5,1.0,0.5,"{""clf__base__C"": 86.64678862932995}",0.9478,0.966,0.7447447447447447,0.992,0.8507718696397941,0.9985003749062734,0.94,0.968367470609623,0.9095696701247086,0.8322886827986723,0.9866396862745096,0.8570043842410608,0.96565004012841,1.332,18.49,False,1f58d07,scikit-learn=1.9.1;imbalanced-learn=0.14.2;xgboost=3.4.1;lightgbm=4.7.0;numpy=2.5.3;pandas=3.0.6,2026-09-27T19:45:55Z
cicids2017,network_security,member_1,e3,c1_A_smotetomek,1,0,0,none,0.0,1.0,0.15,LR,0,1,2027,5000,5000,750,10,0.5,1.0,0.5,"{""clf__base__C"": 33.09421283700199}",0.9548,0.9695686274509804,0.7723492723492723,0.9906666666666668,0.8679906542056075,0.9982664685487864,0.948470588235294,0.9727316602316602,0.920361157218634,0.8507137894093663,0.9878439215686275,0.8722322224170084,0.9693390511469304,1.2826666666666666,19.05,False,1f58d07,scikit-learn=1.9.1;imbalanced-learn=0.14.2;xgboost=3.4.1;lightgbm=4.7.0;numpy=2.5.3;pandas=3.0.6,2026-09-27T19:46:14Z
cicids2017,network_security,member_1,e3,c1_A_smotetomek,1,0,0,none,0.0,1.0,0.15,LR,1,0,3026,5000,5000,750,10,0.5,1.0,0.5,"{""clf__base__C"": 95.41248660376695}",0.9504,0.9686274509803922,0.7535353535353535,0.9946666666666668,0.8574712643678161,0.999002493765586,0.9425882352941176,0.9699757869249396,0.9137235256463778,0.8398331895643455,0.986976,0.8510358640078242,0.9682773869296007,1.32,19.14,False,1f58d07,scikit-learn=1.9.1;imbalanced-learn=0.14.2;xgboost=3.4.1;lightgbm=4.7.0;numpy=2.5.3;pandas=3.0.6,2026-09-27T19:46:34Z
cicids2017,network_security,member_1,e3,c1_A_smotetomek,1,0,0,none,0.0,1.0,0.15,LR,1,1,3027,5000,5000,750,10,0.5,1.0,0.5,"{""clf__base__C"": 4.686201792798966}",0.946,0.9627450980392156,0.74,0.9866666666666668,0.8457142857142858,0.9975,0.9388235294117648,0.9672727272727272,0.9064935064935064,0.8261652495765258,0.9836527058823528,0.8627268356647442,0.9624478595502932,1.3333333333333337,16.63,False,1f58d07,scikit-learn=1.9.1;imbalanced-learn=0.14.2;xgboost=3.4.1;lightgbm=4.7.0;numpy=2.5.3;pandas=3.0.6,2026-09-27T19:46:51Z
cicids2017,network_security,member_1,e3,c1_A_smotetomek,1,0,0,none,0.0,1.0,0.15,LR,2,0,4026,5000,5000,750,10,0.5,1.0,0.5,"{""clf__base__C"": 2.963965176880303}",0.9476,0.9664313725490196,0.7435129740518962,0.9933333333333332,0.8504566210045662,0.9987493746873436,0.9395294117647058,0.96823472356935,0.9093456722869582,0.8321231232382653,0.976865568627451,0.8124859047330638,0.9660568732496764,1.336,16.49,False,1f58d07,scikit-learn=1.9.1;imbalanced-learn=0.14.2;xgboost=3.4.1;lightgbm=4.7.0;numpy=2.5.3;pandas=3.0.6,2026-09-27T19:47:07Z
cicids2017,network_security,member_1,e3,c1_A_smotetomek,1,0,0,none,0.0,1.0,0.15,LR,2,1,4027,5000,5000,750,10,0.5,1.0,0.5,"{""clf__base__C"": 80.93579062656904}",0.9486,0.9642745098039216,0.7497467071935157,0.9866666666666668,0.8520437535981578,0.9975080986792924,0.9418823529411764,0.9688974948565896,0.9104706242273736,0.832984223974527,0.9897824313725492,0.8930299157352362,0.9640144820326236,1.316,18.11,False,1f58d07,scikit-learn=1.9.1;imbalanced-learn=0.14.2;xgboost=3.4.1;lightgbm=4.7.0;numpy=2.5.3;pandas=3.0.6,2026-09-27T19:47:26Z
cicids2017,network_security,member_1,e3,c1_A_smotetomek,1,0,0,none,0.0,1.0,0.15,LR,3,0,5026,5000,5000,750,10,0.5,1.0,0.5,"{""clf__base__C"": 5.661146596775842}",0.946,0.9632941176470587,0.7395209580838323,0.988,0.8458904109589042,0.9977488744372186,0.9385882352941176,0.9672647914645974,0.9065776012117508,0.826526196228087,0.9796680784313724,0.836656084225238,0.9629772460814368,1.336,18.01,False,1f58d07,scikit-learn=1.9.1;imbalanced-learn=0.14.2;xgboost=3.4.1;lightgbm=4.7.0;numpy=2.5.3;pandas=3.0.6,2026-09-27T19:47:44Z
cicids2017,network_security,member_1,e3,c1_A_smotetomek,1,0,0,none,0.0,1.0,0.15,LR,3,1,5027,5000,5000,750,10,0.5,1.0,0.5,"{""clf__base__C"": 14.115241548086104}",0.9466,0.9663921568627452,0.7393458870168483,0.9946666666666668,0.8482092097782831,0.9989977449260836,0.9381176470588236,0.9676010192937752,0.9079051145360292,0.8298887624347457,0.9870225882352942,0.8594998300692243,0.9659784433108104,1.3453333333333335,17.83,False,1f58d07,scikit-learn=1.9.1;imbalanced-learn=0.14.2;xgboost=3.4.1;lightgbm=4.7.0;numpy=2.5.3;pandas=3.0.6,2026-09-27T19:48:02Z
cicids2017,network_security,member_1,e3,c1_A_smotetomek,1,0,0,none,0.0,1.0,0.15,LR,4,0,6026,5000,5000,750,10,0.5,1.0,0.5,"{""clf__base__C"": 73.66417088381552}",0.9566,0.970078431372549,0.7802313354363828,0.9893333333333332,0.8724279835390947,0.9980242035070388,0.9508235294117648,0.9738522713579948,0.9231401274485448,0.8553842913609313,0.9871174901960784,0.8466551654793518,0.9698873191070734,1.268,17.36,False,1f58d07,scikit-learn=1.9.1;imbalanced-learn=0.14.2;xgboost=3.4.1;lightgbm=4.7.0;numpy=2.5.3;pandas=3.0.6,2026-09-27T19:48:19Z
cicids2017,network_security,member_1,e3,c1_A_smotetomek,1,0,0,none,0.0,1.0,0.15,LR,4,1,6027,5000,5000,750,10,0.5,1.0,0.5,"{""clf__base__C"": 89.78839453758782}",0.9442,0.9644313725490196,0.7311089303238469,0.9933333333333332,0.8422837761447145,0.9987440341622708,0.9355294117647058,0.9661037541003524,0.9041937651225334,0.8233670069358603,0.9890425098039216,0.9025124122800504,0.9639982100707488,1.3586666666666667,17.61,False,1f58d07,scikit-learn=1.9.1;imbalanced-learn=0.14.2;xgboost=3.4.1;lightgbm=4.7.0;numpy=2.5.3;pandas=3.0.6,2026-09-27T19:48:37Z
cicids2017,network_security,member_1,e3,c1_A_smotetomek,1,0,0,none,0.0,1.0,0.15,RF,0,0,2026,5000,5000,750,10,0.5,1.0,0.5,"{""clf__base__max_depth"": 16, ""clf__base__max_features"": ""sqrt"", ""clf__base__min_samples_leaf"": 1, ""clf__base__n_estimators"": 200}",0.995,0.9965098039215686,0.9689521345407504,0.9986666666666668,0.9835850295469468,0.9997634255973504,0.9943529411764706,0.9970508434587708,0.9903179365028588,0.9807923050472416,0.998648,0.9916216364718744,0.9965074697436552,1.0306666666666666,75.71,False,1f58d07,scikit-learn=1.9.1;imbalanced-learn=0.14.2;xgboost=3.4.1;lightgbm=4.7.0;numpy=2.5.3;pandas=3.0.6,2026-09-27T19:49:53Z
cicids2017,network_security,member_1,e3,c1_A_smotetomek,1,0,0,none,0.0,1.0,0.15,RF,0,1,2027,5000,5000,750,10,0.5,1.0,0.5,"{""clf__base__max_depth"": 16, ""clf__base__max_features"": ""sqrt"", ""clf__base__min_samples_leaf"": 2, ""clf__base__n_estimators"": 200}",0.996,0.9965490196078431,0.9765013054830288,0.9973333333333332,0.9868073878627968,0.9995276334435522,0.995764705882353,0.9976426214049976,0.9922250046338972,0.9845264981023896,0.9995220392156862,0.9964248418713996,0.9965487109686778,1.0213333333333334,242.92,False,1f58d07,scikit-learn=1.9.1;imbalanced-learn=0.14.2;xgboost=3.4.1;lightgbm=4.7.0;numpy=2.5.3;pandas=3.0.6,2026-09-27T19:55:36Z
cicids2017,network_security,member_1,e3,c1_A_smotetomek,1,0,0,none,0.0,1.0,0.15,RF,1,0,3026,5000,5000,750,10,0.5,1.0,0.5,"{""clf__base__max_depth"": 16, ""clf__base__max_features"": ""sqrt"", ""clf__base__min_samples_leaf"": 2, ""clf__base__n_estimators"": 400}",0.995,0.9970588235294118,0.967741935483871,1.0,0.9836065573770492,1.0,0.9941176470588236,0.9970501474926252,0.9903283524348372,0.980841136914321,0.999345411764706,0.9943803274230604,0.9970544855015816,1.0333333333333334,285.0,False,1f58d07,scikit-learn=1.9.1;imbalanced-learn=0.14.2;xgboost=3.4.1;lightgbm=4.7.0;numpy=2.5.3;pandas=3.0.6,2026-09-27T20:00:37Z
cicids2017,network_security,member_1,e3,c1_A_smotetomek,1,0,0,none,0.0,1.0,0.15,RF,1,1,3027,5000,5000,750,10,0.5,1.0,0.5,"{""clf__base__max_depth"": 16, ""clf__base__max_features"": ""log2"", ""clf__base__min_samples_leaf"": 1, ""clf__base__n_estimators"": 400}",0.9942,0.9943921568627452,0.96757457846952,0.9946666666666668,0.9809335963182118,0.999054149917238,0.9941176470588236,0.9965797853520464,0.9887566908351292,0.9776437612061174,0.9989076078431371,0.9966849596211884,0.9943921189724454,1.028,287.42,False,1f58d07,scikit-learn=1.9.1;imbalanced-learn=0.14.2;xgboost=3.4.1;lightgbm=4.7.0;numpy=2.5.3;pandas=3.0.6,2026-09-27T20:05:24Z
cicids2017,network_security,member_1,e3,c1_A_smotetomek,1,0,0,none,0.0,1.0,0.15,RF,2,0,4026,5000,5000,750,10,0.5,1.0,0.5,"{""clf__base__max_depth"": null, ""clf__base__max_features"": ""sqrt"", ""clf__base__min_samples_leaf"": 2, ""clf__base__n_estimators"": 200}",0.9942,0.9949411764705882,0.9663648124191462,0.996,0.9809586342744584,0.9992902767920512,0.9938823529411764,0.996578978412174,0.9887688063433162,0.977693679962186,0.9986964705882354,0.9949609830285836,0.9949406130666352,1.0306666666666666,169.38,False,1f58d07,scikit-learn=1.9.1;imbalanced-learn=0.14.2;xgboost=3.4.1;lightgbm=4.7.0;numpy=2.5.3;pandas=3.0.6,2026-09-27T20:08:14Z
cicids2017,network_security,member_1,e3,c1_A_smotetomek,1,0,0,none,0.0,1.0,0.15,RF,2,1,4027,5000,5000,750,10,0.5,1.0,0.5,"{""clf__base__max_depth"": 16, ""clf__base__max_features"": ""sqrt"", ""clf__base__min_samples_leaf"": 2, ""clf__base__n_estimators"": 200}",0.9968,0.9981176470588236,0.97911227154047,1.0,0.9894459102902374,1.0,0.9962352941176472,0.998114097123998,0.9937800037071178,0.9876366750036764,0.999646274509804,0.997067169948858,0.9981158720898328,1.0213333333333334,207.52,False,1f58d07,scikit-learn=1.9.1;imbalanced-learn=0.14.2;xgboost=3.4.1;lightgbm=4.7.0;numpy=2.5.3;pandas=3.0.6,2026-09-27T20:12:47Z
cicids2017,network_security,member_1,e3,c1_A_smotetomek,1,0,0,none,0.0,1.0,0.15,RF,3,0,5026,5000,5000,750,10,0.5,1.0,0.5,"{""clf__base__max_depth"": 16, ""clf__base__max_features"": ""sqrt"", ""clf__base__min_samples_leaf"": 2, ""clf__base__n_estimators"": 200}",0.9954,0.9961960784313726,0.9726918075422628,0.9973333333333332,0.9848584595128372,0.9995272985109904,0.9950588235294118,0.9972880556538144,0.991073257583326,0.9822538447872616,0.999643137254902,0.9977500782999246,0.9961954292875136,1.0253333333333334,207.81,False,1f58d07,scikit-learn=1.9.1;imbalanced-learn=0.14.2;xgboost=3.4.1;lightgbm=4.7.0;numpy=2.5.3;pandas=3.0.6,2026-09-27T20:16:15Z
cicids2017,network_security,member_1,e3,c1_A_smotetomek,1,0,0,none,0.0,1.0,0.15,RF,3,1,5027,5000,5000,750,10,0.5,1.0,0.5,"{""clf__base__max_depth"": null, ""clf__base__max_features"": ""sqrt"", ""clf__base__min_samples_leaf"": 1, ""clf__base__n_estimators"": 200}",0.996,0.9943529411764708,0.9815303430079156,0.992,0.986737400530504,0.9985855728429984,0.9967058823529412,0.9976448422044276,0.992191121367466,0.9844015295546524,0.998380705882353,0.9887579859684374,0.9943501572857107,1.0106666666666668,274.29,False,1f58d07,scikit-learn=1.9.1;imbalanced-learn=0.14.2;xgboost=3.4.1;lightgbm=4.7.0;numpy=2.5.3;pandas=3.0.6,2026-09-27T20:20:50Z
cicids2017,network_security,member_1,e3,c1_A_smotetomek,1,0,0,none,0.0,1.0,0.15,RF,4,0,6026,5000,5000,750,10,0.5,1.0,0.5,"{""clf__base__max_depth"": 16, ""clf__base__max_features"": ""sqrt"", ""clf__base__min_samples_leaf"": 2, ""clf__base__n_estimators"": 400}",0.9944,0.9967058823529412,0.9640102827763496,1.0,0.981675392670157,1.0,0.9934117647058824,0.9966949952785646,0.9891851939743608,0.9786006111828616,0.9994869019607844,0.9959907473142768,0.9967004388008878,1.0373333333333332,292.53,False,1f58d07,scikit-learn=1.9.1;imbalanced-learn=0.14.2;xgboost=3.4.1;lightgbm=4.7.0;numpy=2.5.3;pandas=3.0.6,2026-09-27T20:25:43Z
cicids2017,network_security,member_1,e3,c1_A_smotetomek,1,0,0,none,0.0,1.0,0.15,RF,4,1,6027,5000,5000,750,10,0.5,1.0,0.5,"{""clf__base__max_depth"": null, ""clf__base__max_features"": ""sqrt"", ""clf__base__min_samples_leaf"": 1, ""clf__base__n_estimators"": 200}",0.9958,0.99478431372549,0.9789750328515112,0.9933333333333332,0.986101919258769,0.9988204765274828,0.9962352941176472,0.9975262103899164,0.9918140648243428,0.9836644550576702,0.9988136470588236,0.9938305104627628,0.9947832555336846,1.0146666666666668,205.27,False,1f58d07,scikit-learn=1.9.1;imbalanced-learn=0.14.2;xgboost=3.4.1;lightgbm=4.7.0;numpy=2.5.3;pandas=3.0.6,2026-09-27T20:29:08Z
cicids2017,network_security,member_1,e3,c1_A_smotetomek,1,0,0,none,0.0,1.0,0.15,XGB,0,0,2026,5000,5000,750,10,0.5,1.0,0.5,"{""clf__base__colsample_bytree"": 0.8730309932691698, ""clf__base__learning_rate"": 0.199046962929904, ""clf__base__max_depth"": 8, ""clf__base__min_child_weight"": 3, ""clf__base__n_estimators"": 800, ""clf__base__reg_lambda"": 0.012097667712699732, ""clf__base__subsample"": 0.893015156710232}",0.9974,0.9973725490196078,0.9855072463768116,0.9973333333333332,0.9913850231941684,0.9995284131101156,0.9974117647058824,0.9984689671416794,0.9949269951679238,0.9898784741918812,0.9998083137254902,0.998784962425378,0.9973725482486472,1.012,97.3,False,1f58d07,scikit-learn=1.9.1;imbalanced-learn=0.14.2;xgboost=3.4.1;lightgbm=4.7.0;numpy=2.5.3;pandas=3.0.6,2026-09-27T20:30:46Z
cicids2017,network_security,member_1,e3,c1_A_smotetomek,1,0,0,none,0.0,1.0,0.15,XGB,0,1,2027,5000,5000,750,10,0.5,1.0,0.5,"{""clf__base__colsample_bytree"": 0.9336243488325542, ""clf__base__learning_rate"": 0.02529671021412237, ""clf__base__max_depth"": 6, ""clf__base__min_child_weight"": 1, ""clf__base__n_estimators"": 200, ""clf__base__reg_lambda"": 0.010969279606290043, ""clf__base__subsample"": 0.7794315780052847}",0.9972,0.9983529411764708,0.981675392670157,1.0,0.9907529722589168,1.0,0.9967058823529412,0.9983502238981852,0.9945515980785512,0.9891620890609784,0.9997821176470588,0.9983434126021324,0.9983515825364034,1.0186666666666666,107.39,False,1f58d07,scikit-learn=1.9.1;imbalanced-learn=0.14.2;xgboost=3.4.1;lightgbm=4.7.0;numpy=2.5.3;pandas=3.0.6,2026-09-27T20:32:34Z
cicids2017,network_security,member_1,e3,c1_A_smotetomek,1,0,0,none,0.0,1.0,0.15,XGB,1,0,3026,5000,5000,750,10,0.5,1.0,0.5,"{""clf__base__colsample_bytree"": 0.9309234777238906, ""clf__base__learning_rate"": 0.04043516810958894, ""clf__base__max_depth"": 6, ""clf__base__min_child_weight"": 1, ""clf__base__n_estimators"": 800, ""clf__base__reg_lambda"": 0.07885568670293347, ""clf__base__subsample"": 0.6164565020946385}",0.9974,0.998470588235294,0.982961992136304,1.0,0.991407799074686,1.0,0.9969411764705882,0.9984682455520208,0.9949380223133534,0.9899269088504666,0.9996310588235292,0.9974364331774096,0.9984694168929704,1.0173333333333334,140.71,False,1f58d07,scikit-learn=1.9.1;imbalanced-learn=0.14.2;xgboost=3.4.1;lightgbm=4.7.0;numpy=2.5.3;pandas=3.0.6,2026-09-27T20:34:55Z
cicids2017,network_security,member_1,e3,c1_A_smotetomek,1,0,0,none,0.0,1.0,0.15,XGB,1,1,3027,5000,5000,750,10,0.5,1.0,0.5,"{""clf__base__colsample_bytree"": 0.7328262798016196, ""clf__base__learning_rate"": 0.05921003296229738, ""clf__base__max_depth"": 3, ""clf__base__min_child_weight"": 1, ""clf__base__n_estimators"": 200, ""clf__base__reg_lambda"": 0.018405914544812812, ""clf__base__subsample"": 0.6200696058918139}",0.9978,0.998156862745098,0.9868247694334652,0.9986666666666668,0.9927104042412194,0.9997642065550578,0.9976470588235294,0.998704510658344,0.9957074574497816,0.9914394273956844,0.99988768627451,0.9993153539735742,0.9981567325551124,1.012,129.28,False,1f58d07,scikit-learn=1.9.1;imbalanced-learn=0.14.2;xgboost=3.4.1;lightgbm=4.7.0;numpy=2.5.3;pandas=3.0.6,2026-09-27T20:37:30Z
cicids2017,network_security,member_1,e3,c1_A_smotetomek,1,0,0,none,0.0,1.0,0.15,XGB,2,0,4026,5000,5000,750,10,0.5,1.0,0.5,"{""clf__base__colsample_bytree"": 0.659630670299126, ""clf__base__learning_rate"": 0.03834557874295529, ""clf__base__max_depth"": 4, ""clf__base__min_child_weight"": 1, ""clf__base__n_estimators"": 800, ""clf__base__reg_lambda"": 0.0752355555373566, ""clf__base__subsample"": 0.6669423150701586}",0.9976,0.9974901960784314,0.9868073878627968,0.9973333333333332,0.9920424403183024,0.9995285242809996,0.9976470588235294,0.9985869053226566,0.9953146728204796,0.99064872314218,0.999817411764706,0.9987308858853696,0.9974901837445151,1.0106666666666668,66.0,False,1f58d07,scikit-learn=1.9.1;imbalanced-learn=0.14.2;xgboost=3.4.1;lightgbm=4.7.0;numpy=2.5.3;pandas=3.0.6,2026-09-27T20:38:36Z
cicids2017,network_security,member_1,e3,c1_A_smotetomek,1,0,0,none,0.0,1.0,0.15,XGB,2,1,4027,5000,5000,750,10,0.5,1.0,0.5,"{""clf__base__colsample_bytree"": 0.7962534959268627, ""clf__base__learning_rate"": 0.14932277327771687, ""clf__base__max_depth"": 3, ""clf__base__min_child_weight"": 1, ""clf__base__n_estimators"": 200, ""clf__base__reg_lambda"": 0.019567811559382847, ""clf__base__subsample"": 0.9688357828106124}",0.998,0.9988235294117648,0.986842105263158,1.0,0.9933774834437086,1.0,0.9976470588235294,0.9988221436984688,0.9960998135710888,0.9922298744943177,0.99984,0.998908177319966,0.9988228365548764,1.0133333333333334,74.47,False,1f58d07,scikit-learn=1.9.1;imbalanced-learn=0.14.2;xgboost=3.4.1;lightgbm=4.7.0;numpy=2.5.3;pandas=3.0.6,2026-09-27T20:39:50Z
cicids2017,network_security,member_1,e3,c1_A_smotetomek,1,0,0,none,0.0,1.0,0.15,XGB,3,0,5026,5000,5000,750,10,0.5,1.0,0.5,"{""clf__base__colsample_bytree"": 0.7542890799948759, ""clf__base__learning_rate"": 0.19191750289230153, ""clf__base__max_depth"": 8, ""clf__base__min_child_weight"": 3, ""clf__base__n_estimators"": 400, ""clf__base__reg_lambda"": 0.7269417058364168, ""clf__base__subsample"": 0.9589918836811703}",0.9972,0.9983529411764708,0.981675392670157,1.0,0.9907529722589168,1.0,0.9967058823529412,0.9983502238981852,0.9945515980785512,0.9891620890609784,0.9999013333333332,0.9994147271803756,0.9983515825364034,1.0186666666666666,60.12,False,1f58d07,scikit-learn=1.9.1;imbalanced-learn=0.14.2;xgboost=3.4.1;lightgbm=4.7.0;numpy=2.5.3;pandas=3.0.6,2026-09-27T20:40:51Z
cicids2017,network_security,member_1,e3,c1_A_smotetomek,1,0,0,none,0.0,1.0,0.15,XGB,3,1,5027,5000,5000,750,10,0.5,1.0,0.5,"{""clf__base__colsample_bytree"": 0.7358923256366228, ""clf__base__learning_rate"": 0.2906786222275891, ""clf__base__max_depth"": 8, ""clf__base__min_child_weight"": 3, ""clf__base__n_estimators"": 200, ""clf__base__reg_lambda"": 4.014777801848153, ""clf__base__subsample"": 0.8554556299308018}",0.998,0.9982745098039216,0.9881266490765171,0.9986666666666668,0.993368700265252,0.9997642621404996,0.9978823529411764,0.998822421102214,0.996095560683733,0.9922105215390618,0.9995190588235294,0.9956168980274566,0.9982744327775076,1.0106666666666668,56.58,False,1f58d07,scikit-learn=1.9.1;imbalanced-learn=0.14.2;xgboost=3.4.1;lightgbm=4.7.0;numpy=2.5.3;pandas=3.0.6,2026-09-27T20:41:47Z
cicids2017,network_security,member_1,e3,c1_A_smotetomek,1,0,0,none,0.0,1.0,0.15,XGB,4,0,6026,5000,5000,750,10,0.5,1.0,0.5,"{""clf__base__colsample_bytree"": 0.6430964645008799, ""clf__base__learning_rate"": 0.11900147712804574, ""clf__base__max_depth"": 6, ""clf__base__min_child_weight"": 3, ""clf__base__n_estimators"": 800, ""clf__base__reg_lambda"": 5.320668227960565, ""clf__base__subsample"": 0.8406463455818014}",0.996,0.9976470588235292,0.974025974025974,1.0,0.986842105263158,1.0,0.9952941176470588,0.9976415094339622,0.99224180734856,0.9846026215603424,0.9998123921568628,0.9988248659141948,0.9976442841248871,1.0266666666666666,49.61,False,1f58d07,scikit-learn=1.9.1;imbalanced-learn=0.14.2;xgboost=3.4.1;lightgbm=4.7.0;numpy=2.5.3;pandas=3.0.6,2026-09-27T20:42:37Z
cicids2017,network_security,member_1,e3,c1_A_smotetomek,1,0,0,none,0.0,1.0,0.15,XGB,4,1,6027,5000,5000,750,10,0.5,1.0,0.5,"{""clf__base__colsample_bytree"": 0.7400831131827571, ""clf__base__learning_rate"": 0.021664971667522914, ""clf__base__max_depth"": 8, ""clf__base__min_child_weight"": 1, ""clf__base__n_estimators"": 400, ""clf__base__reg_lambda"": 0.0421316488972222, ""clf__base__subsample"": 0.6098935341153626}",0.998,0.9977254901960784,0.9894179894179894,0.9973333333333332,0.9933598937583,0.9995287464655984,0.9981176470588236,0.9988226983753238,0.996091296066812,0.9921935283960186,0.999824,0.998851175001186,0.9977254131272792,1.008,30.48,False,1f58d07,scikit-learn=1.9.1;imbalanced-learn=0.14.2;xgboost=3.4.1;lightgbm=4.7.0;numpy=2.5.3;pandas=3.0.6,2026-09-27T20:43:08Z
cicids2017,network_security,member_1,e3,c2_B_weights,0,1,0,orig,1.0,0.0,0.15,LR,0,0,2026,5000,5000,750,10,0.15,1.0,0.5,"{""clf__base__C"": 76.41478416943613}",0.944,0.9637647058823527,0.730844793713163,0.992,0.8416289592760181,0.9984932194876946,0.9355294117647058,0.9659863945578232,0.9038076769169204,0.8224855368709111,0.9833909019607844,0.8378555513122605,0.9633510141535058,1.3573333333333335,4.37,False,1f58d07,scikit-learn=1.9.1;imbalanced-learn=0.14.2;xgboost=3.4.1;lightgbm=4.7.0;numpy=2.5.3;pandas=3.0.6,2026-09-27T20:43:12Z
cicids2017,network_security,member_1,e3,c2_B_weights,0,1,0,orig,1.0,0.0,0.15,LR,0,1,2027,5000,5000,750,10,0.15,1.0,0.5,"{""clf__base__C"": 20.397711403252764}",0.9492,0.9662745098039216,0.7505050505050505,0.9906666666666668,0.8540229885057471,0.9982543640897756,0.9418823529411764,0.9692493946731234,0.9116361915894352,0.8356164538845245,0.9878316862745096,0.8729182339744931,0.9659665889565706,1.32,4.39,False,1f58d07,scikit-learn=1.9.1;imbalanced-learn=0.14.2;xgboost=3.4.1;lightgbm=4.7.0;numpy=2.5.3;pandas=3.0.6,2026-09-27T20:43:17Z
cicids2017,network_security,member_1,e3,c2_B_weights,0,1,0,orig,1.0,0.0,0.15,LR,1,0,3026,5000,5000,750,10,0.15,1.0,0.5,"{""clf__base__C"": 8.942052164025482}",0.946,0.9665882352941176,0.7366863905325444,0.996,0.8469387755102041,0.9992473657802308,0.9371764705882352,0.9672170956775132,0.9070779355938589,0.8287074666628134,0.9775370980392156,0.8005133692354002,0.9661406547216002,1.352,4.12,False,1f58d07,scikit-learn=1.9.1;imbalanced-learn=0.14.2;xgboost=3.4.1;lightgbm=4.7.0;numpy=2.5.3;pandas=3.0.6,2026-09-27T20:43:21Z
cicids2017,network_security,member_1,e3,c2_B_weights,0,1,0,orig,1.0,0.0,0.15,LR,1,1,3027,5000,5000,750,10,0.15,1.0,0.5,"{""clf__base__C"": 2.427560843432097}",0.945,0.9632549019607844,0.7353815659068385,0.9893333333333332,0.8436611711199545,0.9979954898521674,0.9371764705882352,0.9666302633175584,0.9051457172187564,0.8243063945717356,0.9782920784313726,0.817334004609207,0.9629018234319776,1.3453333333333335,2.99,False,1f58d07,scikit-learn=1.9.1;imbalanced-learn=0.14.2;xgboost=3.4.1;lightgbm=4.7.0;numpy=2.5.3;pandas=3.0.6,2026-09-27T20:43:24Z
cicids2017,network_security,member_1,e3,c2_B_weights,0,1,0,orig,1.0,0.0,0.15,LR,2,0,4026,5000,5000,750,10,0.15,1.0,0.5,"{""clf__base__C"": 2.963965176880303}",0.9472,0.9661960784313726,0.7420318725099602,0.9933333333333332,0.8494868871151653,0.9987487487487487,0.9390588235294116,0.967984477322338,0.9087356822187516,0.831082451515812,0.976796862745098,0.8120863206514928,0.9658149053377406,1.338666666666667,2.92,False,1f58d07,scikit-learn=1.9.1;imbalanced-learn=0.14.2;xgboost=3.4.1;lightgbm=4.7.0;numpy=2.5.3;pandas=3.0.6,2026-09-27T20:43:27Z
cicids2017,network_security,member_1,e3,c2_B_weights,0,1,0,orig,1.0,0.0,0.15,LR,2,1,4027,5000,5000,750,10,0.15,1.0,0.5,"{""clf__base__C"": 80.93579062656904}",0.947,0.9638823529411764,0.7432296890672017,0.988,0.8483113909559244,0.9977516862353236,0.939764705882353,0.9678904640736702,0.9081009275147972,0.82912988591767,0.9893658039215686,0.887358434745255,0.963580577539712,1.3293333333333333,3.78,False,1f58d07,scikit-learn=1.9.1;imbalanced-learn=0.14.2;xgboost=3.4.1;lightgbm=4.7.0;numpy=2.5.3;pandas=3.0.6,2026-09-27T20:43:31Z
cicids2017,network_security,member_1,e3,c2_B_weights,0,1,0,orig,1.0,0.0,0.15,LR,3,0,5026,5000,5000,750,10,0.15,1.0,0.5,"{""clf__base__C"": 5.661146596775842}",0.9458,0.9631764705882352,0.7387836490528414,0.988,0.845407872219053,0.9977483112334252,0.9383529411764706,0.9671395659027524,0.9062737190609028,0.8260075954140218,0.9762425098039216,0.8073068365608926,0.9628565344236664,1.3373333333333337,3.51,False,1f58d07,scikit-learn=1.9.1;imbalanced-learn=0.14.2;xgboost=3.4.1;lightgbm=4.7.0;numpy=2.5.3;pandas=3.0.6,2026-09-27T20:43:35Z
cicids2017,network_security,member_1,e3,c2_B_weights,0,1,0,orig,1.0,0.0,0.15,LR,3,1,5027,5000,5000,750,10,0.15,1.0,0.5,"{""clf__base__C"": 12.776241362116359}",0.9454,0.965686274509804,0.734975369458128,0.9946666666666668,0.8453257790368272,0.9989962358845672,0.9367058823529412,0.966848816029144,0.9060872975329854,0.8268016720931566,0.983710901960784,0.8469696677178503,0.9652513235665926,1.3533333333333335,3.31,False,1f58d07,scikit-learn=1.9.1;imbalanced-learn=0.14.2;xgboost=3.4.1;lightgbm=4.7.0;numpy=2.5.3;pandas=3.0.6,2026-09-27T20:43:38Z
cicids2017,network_security,member_1,e3,c2_B_weights,0,1,0,orig,1.0,0.0,0.15,LR,4,0,6026,5000,5000,750,10,0.15,1.0,0.5,"{""clf__base__C"": 73.66417088381552}",0.9486,0.965372549019608,0.7487386478304743,0.9893333333333332,0.8523836875358989,0.9980044898977302,0.9414117647058824,0.9688824312870808,0.9106330594114898,0.8336831022246697,0.9852442352941176,0.8354583643112371,0.965075146926749,1.3213333333333332,3.55,False,1f58d07,scikit-learn=1.9.1;imbalanced-learn=0.14.2;xgboost=3.4.1;lightgbm=4.7.0;numpy=2.5.3;pandas=3.0.6,2026-09-27T20:43:42Z
cicids2017,network_security,member_1,e3,c2_B_weights,0,1,0,orig,1.0,0.0,0.15,LR,4,1,6027,5000,5000,750,10,0.15,1.0,0.5,"{""clf__base__C"": 27.845724467332477}",0.943,0.9637254901960784,0.7268292682926829,0.9933333333333332,0.8394366197183099,0.99874213836478,0.9341176470588236,0.9653495440729484,0.9023930818956292,0.8203242727415666,0.9848881568627452,0.8936861000095367,0.9632705726214372,1.3666666666666667,3.62,False,1f58d07,scikit-learn=1.9.1;imbalanced-learn=0.14.2;xgboost=3.4.1;lightgbm=4.7.0;numpy=2.5.3;pandas=3.0.6,2026-09-27T20:43:45Z
cicids2017,network_security,member_1,e3,c2_B_weights,0,1,0,orig,1.0,0.0,0.15,RF,0,0,2026,5000,5000,750,10,0.15,1.0,0.5,"{""clf__base__max_depth"": 16, ""clf__base__max_features"": ""sqrt"", ""clf__base__min_samples_leaf"": 1, ""clf__base__n_estimators"": 400}",0.9944,0.996156862745098,0.9652061855670104,0.9986666666666668,0.981651376146789,0.9997632575757576,0.9936470588235294,0.9966957753127212,0.9891735757297552,0.9785460761298876,0.9987562352941176,0.9945887928326546,0.9961537010313376,1.0346666666666668,25.32,False,1f58d07,scikit-learn=1.9.1;imbalanced-learn=0.14.2;xgboost=3.4.1;lightgbm=4.7.0;numpy=2.5.3;pandas=3.0.6,2026-09-27T20:44:11Z
cicids2017,network_security,member_1,e3,c2_B_weights,0,1,0,orig,1.0,0.0,0.15,RF,0,1,2027,5000,5000,750,10,0.15,1.0,0.5,"{""clf__base__max_depth"": 16, ""clf__base__max_features"": ""sqrt"", ""clf__base__min_samples_leaf"": 2, ""clf__base__n_estimators"": 200}",0.996,0.9965490196078431,0.9765013054830288,0.9973333333333332,0.9868073878627968,0.9995276334435522,0.995764705882353,0.9976426214049976,0.9922250046338972,0.9845264981023896,0.9995576470588236,0.9962098043790968,0.9965487109686778,1.0213333333333334,43.64,False,1f58d07,scikit-learn=1.9.1;imbalanced-learn=0.14.2;xgboost=3.4.1;lightgbm=4.7.0;numpy=2.5.3;pandas=3.0.6,2026-09-27T20:45:40Z
cicids2017,network_security,member_1,e3,c2_B_weights,0,1,0,orig,1.0,0.0,0.15,RF,1,0,3026,5000,5000,750,10,0.15,1.0,0.5,"{""clf__base__max_depth"": null, ""clf__base__max_features"": ""log2"", ""clf__base__min_samples_leaf"": 1, ""clf__base__n_estimators"": 400}",0.995,0.9965098039215686,0.9689521345407504,0.9986666666666668,0.9835850295469468,0.9997634255973504,0.9943529411764706,0.9970508434587708,0.9903179365028588,0.9807923050472416,0.9992155294117648,0.9910741042564386,0.9965074697436552,1.0306666666666666,61.67,False,1f58d07,scikit-learn=1.9.1;imbalanced-learn=0.14.2;xgboost=3.4.1;lightgbm=4.7.0;numpy=2.5.3;pandas=3.0.6,2026-09-27T20:46:42Z
cicids2017,network_security,member_1,e3,c2_B_weights,0,1,0,orig,1.0,0.0,0.15,RF,1,1,3027,5000,5000,750,10,0.15,1.0,0.5,"{""clf__base__max_depth"": 16, ""clf__base__max_features"": ""log2"", ""clf__base__min_samples_leaf"": 1, ""clf__base__n_estimators"": 400}",0.9948,0.9947450980392156,0.9713541666666666,0.9946666666666668,0.9828722002635046,0.999054820415879,0.9948235294117648,0.996934685215751,0.9899034427396278,0.9799031477164364,0.999486588235294,0.9969325858885668,0.9947450949472276,1.024,43.01,False,1f58d07,scikit-learn=1.9.1;imbalanced-learn=0.14.2;xgboost=3.4.1;lightgbm=4.7.0;numpy=2.5.3;pandas=3.0.6,2026-09-27T20:47:37Z
cicids2017,network_security,member_1,e3,c2_B_weights,0,1,0,orig,1.0,0.0,0.15,RF,2,0,4026,5000,5000,750,10,0.15,1.0,0.5,"{""clf__base__max_depth"": null, ""clf__base__max_features"": ""sqrt"", ""clf__base__min_samples_leaf"": 1, ""clf__base__n_estimators"": 200}",0.995,0.994313725490196,0.9738562091503268,0.9933333333333332,0.9834983498349836,0.998819362455726,0.9952941176470588,0.9970536240424278,0.9902759869387056,0.9806190753742188,0.9986081568627452,0.991650510623419,0.9943132421573252,1.02,47.92,False,1f58d07,scikit-learn=1.9.1;imbalanced-learn=0.14.2;xgboost=3.4.1;lightgbm=4.7.0;numpy=2.5.3;pandas=3.0.6,2026-09-27T20:48:25Z
cicids2017,network_security,member_1,e3,c2_B_weights,0,1,0,orig,1.0,0.0,0.15,RF,2,1,4027,5000,5000,750,10,0.15,1.0,0.5,"{""clf__base__max_depth"": null, ""clf__base__max_features"": ""log2"", ""clf__base__min_samples_leaf"": 1, ""clf__base__n_estimators"": 200}",0.9966,0.9969019607843136,0.980340760157274,0.9973333333333332,0.9887640449438202,0.9995279679018172,0.996470588235294,0.997996936491104,0.9933804907174622,0.9868117270115854,0.9996677647058824,0.9970834601338224,0.9969018674540304,1.0173333333333334,43.59,False,1f58d07,scikit-learn=1.9.1;imbalanced-learn=0.14.2;xgboost=3.4.1;lightgbm=4.7.0;numpy=2.5.3;pandas=3.0.6,2026-09-27T20:49:09Z
cicids2017,network_security,member_1,e3,c2_B_weights,0,1,0,orig,1.0,0.0,0.15,RF,3,0,5026,5000,5000,750,10,0.15,1.0,0.5,"{""clf__base__max_depth"": 16, ""clf__base__max_features"": ""sqrt"", ""clf__base__min_samples_leaf"": 2, ""clf__base__n_estimators"": 200}",0.9948,0.995843137254902,0.9689119170984456,0.9973333333333332,0.9829172141918529,0.999526963103122,0.9943529411764706,0.9969332389714556,0.9899252265816544,0.9799936454883464,0.9997499607843136,0.9983758007280245,0.9958420222772952,1.0293333333333334,45.67,False,1f58d07,scikit-learn=1.9.1;imbalanced-learn=0.14.2;xgboost=3.4.1;lightgbm=4.7.0;numpy=2.5.3;pandas=3.0.6,2026-09-27T20:49:55Z
cicids2017,network_security,member_1,e3,c2_B_weights,0,1,0,orig,1.0,0.0,0.15,RF,3,1,5027,5000,5000,750,10,0.15,1.0,0.5,"{""clf__base__max_depth"": null, ""clf__base__max_features"": ""sqrt"", ""clf__base__min_samples_leaf"": 1, ""clf__base__n_estimators"": 400}",0.9952,0.9933333333333334,0.9776315789473684,0.9906666666666668,0.9841059602649008,0.9983490566037736,0.996,0.9971731448763252,0.9906395525706128,0.981309105435418,0.998478431372549,0.9901224952306216,0.9933297539085396,1.0133333333333334,63.62,False,1f58d07,scikit-learn=1.9.1;imbalanced-learn=0.14.2;xgboost=3.4.1;lightgbm=4.7.0;numpy=2.5.3;pandas=3.0.6,2026-09-27T20:51:00Z
cicids2017,network_security,member_1,e3,c2_B_weights,0,1,0,orig,1.0,0.0,0.15,RF,4,0,6026,5000,5000,750,10,0.15,1.0,0.5,"{""clf__base__max_depth"": 16, ""clf__base__max_features"": ""sqrt"", ""clf__base__min_samples_leaf"": 2, ""clf__base__n_estimators"": 400}",0.9938,0.9963529411764708,0.9603072983354674,1.0,0.9797517962116264,1.0,0.9927058823529412,0.9963395914511748,0.9880456938314006,0.976372215870607,0.9995490196078431,0.9961480237971094,0.9963462662914642,1.0413333333333334,50.58,False,1f58d07,scikit-learn=1.9.1;imbalanced-learn=0.14.2;xgboost=3.4.1;lightgbm=4.7.0;numpy=2.5.3;pandas=3.0.6,2026-09-27T20:51:50Z
cicids2017,network_security,member_1,e3,c2_B_weights,0,1,0,orig,1.0,0.0,0.15,RF,4,1,6027,5000,5000,750,10,0.15,1.0,0.5,"{""clf__base__max_depth"": null, ""clf__base__max_features"": ""sqrt"", ""clf__base__min_samples_leaf"": 1, ""clf__base__n_estimators"": 200}",0.996,0.9949019607843136,0.9802631578947368,0.9933333333333332,0.9867549668874172,0.9988207547169812,0.996470588235294,0.9976442873969376,0.9921996271421774,0.984429325166532,0.9988101960784314,0.9935610457009356,0.9949007241832686,1.0133333333333334,43.43,False,1f58d07,scikit-learn=1.9.1;imbalanced-learn=0.14.2;xgboost=3.4.1;lightgbm=4.7.0;numpy=2.5.3;pandas=3.0.6,2026-09-27T20:52:34Z
cicids2017,network_security,member_1,e3,c2_B_weights,0,1,0,orig,1.0,0.0,0.15,XGB,0,0,2026,5000,5000,750,10,0.15,1.0,0.5,"{""clf__base__colsample_bytree"": 0.7454858521062648, ""clf__base__learning_rate"": 0.10613301204677336, ""clf__base__max_depth"": 8, ""clf__base__min_child_weight"": 3, ""clf__base__n_estimators"": 200, ""clf__base__reg_lambda"": 0.011329243151337227, ""clf__base__subsample"": 0.6537567085978578}",0.9978,0.9976078431372548,0.988110964332893,0.9973333333333332,0.9927007299270072,0.9995286353994814,0.9978823529411764,0.9987048157306015,0.9957027728288044,0.9914204063057898,0.9997195294117648,0.9979820892171236,0.9976078053690906,1.0093333333333334,24.28,False,1f58d07,scikit-learn=1.9.1;imbalanced-learn=0.14.2;xgboost=3.4.1;lightgbm=4.7.0;numpy=2.5.3;pandas=3.0.6,2026-09-27T20:52:58Z
cicids2017,network_security,member_1,e3,c2_B_weights,0,1,0,orig,1.0,0.0,0.15,XGB,0,1,2027,5000,5000,750,10,0.15,1.0,0.5,"{""clf__base__colsample_bytree"": 0.9708534199704669, ""clf__base__learning_rate"": 0.0442673907270532, ""clf__base__max_depth"": 8, ""clf__base__min_child_weight"": 1, ""clf__base__n_estimators"": 200, ""clf__base__reg_lambda"": 0.04693946850954257, ""clf__base__subsample"": 0.9120151652522048}",0.998,0.9977254901960784,0.9894179894179894,0.9973333333333332,0.9933598937583,0.9995287464655984,0.9981176470588236,0.9988226983753238,0.996091296066812,0.9921935283960186,0.9998516078431372,0.999041590101572,0.9977254131272792,1.008,27.6,False,1f58d07,scikit-learn=1.9.1;imbalanced-learn=0.14.2;xgboost=3.4.1;lightgbm=4.7.0;numpy=2.5.3;pandas=3.0.6,2026-09-27T20:53:26Z
cicids2017,network_security,member_1,e3,c2_B_weights,0,1,0,orig,1.0,0.0,0.15,XGB,1,0,3026,5000,5000,750,10,0.15,1.0,0.5,"{""clf__base__colsample_bytree"": 0.9309234777238906, ""clf__base__learning_rate"": 0.04043516810958894, ""clf__base__max_depth"": 6, ""clf__base__min_child_weight"": 1, ""clf__base__n_estimators"": 800, ""clf__base__reg_lambda"": 0.07885568670293347, ""clf__base__subsample"": 0.6164565020946385}",0.9976,0.9985882352941176,0.984251968503937,1.0,0.992063492063492,1.0,0.9971764705882352,0.9985862393967956,0.9953248657301438,0.9906931432700434,0.999705411764706,0.9979521624708336,0.998587237344958,1.016,47.37,False,1f58d07,scikit-learn=1.9.1;imbalanced-learn=0.14.2;xgboost=3.4.1;lightgbm=4.7.0;numpy=2.5.3;pandas=3.0.6,2026-09-27T20:54:14Z
cicids2017,network_security,member_1,e3,c2_B_weights,0,1,0,orig,1.0,0.0,0.15,XGB,1,1,3027,5000,5000,750,10,0.15,1.0,0.5,"{""clf__base__colsample_bytree"": 0.7104807071006849, ""clf__base__learning_rate"": 0.04849185141838699, ""clf__base__max_depth"": 6, ""clf__base__min_child_weight"": 1, ""clf__base__n_estimators"": 800, ""clf__base__reg_lambda"": 0.10018170767019599, ""clf__base__subsample"": 0.8054452821394007}",0.9974,0.994078431372549,0.9933065595716198,0.9893333333333332,0.991315965263861,0.9981189748412884,0.9988235294117648,0.998471127837234,0.9948935465505476,0.9897898492765228,0.9998964705882352,0.9993734054054996,0.9940671062683372,0.996,44.89,False,1f58d07,scikit-learn=1.9.1;imbalanced-learn=0.14.2;xgboost=3.4.1;lightgbm=4.7.0;numpy=2.5.3;pandas=3.0.6,2026-09-27T20:54:59Z
cicids2017,network_security,member_1,e3,c2_B_weights,0,1,0,orig,1.0,0.0,0.15,XGB,2,0,4026,5000,5000,750,10,0.15,1.0,0.5,"{""clf__base__colsample_bytree"": 0.659630670299126, ""clf__base__learning_rate"": 0.03834557874295529, ""clf__base__max_depth"": 4, ""clf__base__min_child_weight"": 1, ""clf__base__n_estimators"": 800, ""clf__base__reg_lambda"": 0.0752355555373566, ""clf__base__subsample"": 0.6669423150701586}",0.9984,0.9979607843137256,0.9920424403183024,0.9973333333333332,0.9946808510638298,0.9995289684408856,0.9985882352941176,0.9990583804143126,0.9968696157390712,0.9937441083184252,0.999873411764706,0.9992293103879296,0.9979605870641052,1.0053333333333334,45.1,False,1f58d07,scikit-learn=1.9.1;imbalanced-learn=0.14.2;xgboost=3.4.1;lightgbm=4.7.0;numpy=2.5.3;pandas=3.0.6,2026-09-27T20:55:44Z
cicids2017,network_security,member_1,e3,c2_B_weights,0,1,0,orig,1.0,0.0,0.15,XGB,2,1,4027,5000,5000,750,10,0.15,1.0,0.5,"{""clf__base__colsample_bytree"": 0.6559882439510808, ""clf__base__learning_rate"": 0.08120637239751023, ""clf__base__max_depth"": 4, ""clf__base__min_child_weight"": 1, ""clf__base__n_estimators"": 800, ""clf__base__reg_lambda"": 0.12873875292508413, ""clf__base__subsample"": 0.9865367520977653}",0.998,0.9977254901960784,0.9894179894179894,0.9973333333333332,0.9933598937583,0.9995287464655984,0.9981176470588236,0.9988226983753238,0.996091296066812,0.9921935283960186,0.9998105098039216,0.998619498767511,0.9977254131272792,1.008,50.75,False,1f58d07,scikit-learn=1.9.1;imbalanced-learn=0.14.2;xgboost=3.4.1;lightgbm=4.7.0;numpy=2.5.3;pandas=3.0.6,2026-09-27T20:56:35Z
cicids2017,network_security,member_1,e3,c2_B_weights,0,1,0,orig,1.0,0.0,0.15,XGB,3,0,5026,5000,5000,750,10,0.15,1.0,0.5,"{""clf__base__colsample_bytree"": 0.9369849539075679, ""clf__base__learning_rate"": 0.099377037427928, ""clf__base__max_depth"": 8, ""clf__base__min_child_weight"": 3, ""clf__base__n_estimators"": 400, ""clf__base__reg_lambda"": 0.34988735789611514, ""clf__base__subsample"": 0.8318157203528463}",0.9966,0.997450980392157,0.9790849673202614,0.9986666666666668,0.9887788778877888,0.9997638724911452,0.9962352941176472,0.9979964643488508,0.9933876711183198,0.9868427585182044,0.999939294117647,0.9996382742757844,0.99745023955692,1.02,38.18,False,1f58d07,scikit-learn=1.9.1;imbalanced-learn=0.14.2;xgboost=3.4.1;lightgbm=4.7.0;numpy=2.5.3;pandas=3.0.6,2026-09-27T20:57:13Z
cicids2017,network_security,member_1,e3,c2_B_weights,0,1,0,orig,1.0,0.0,0.15,XGB,3,1,5027,5000,5000,750,10,0.15,1.0,0.5,"{""clf__base__colsample_bytree"": 0.8405279927109883, ""clf__base__learning_rate"": 0.03965143905411441, ""clf__base__max_depth"": 8, ""clf__base__min_child_weight"": 1, ""clf__base__n_estimators"": 400, ""clf__base__reg_lambda"": 0.025783651592417578, ""clf__base__subsample"": 0.6276769187790308}",0.9972,0.9956078431372548,0.9880636604774536,0.9933333333333332,0.990691489361702,0.998822421102214,0.9978823529411764,0.998352165725047,0.9945218275433746,0.9890485147998312,0.9995399215686276,0.9965605687161472,0.9956052450251398,1.0053333333333334,39.82,False,1f58d07,scikit-learn=1.9.1;imbalanced-learn=0.14.2;xgboost=3.4.1;lightgbm=4.7.0;numpy=2.5.3;pandas=3.0.6,2026-09-27T20:57:53Z
cicids2017,network_security,member_1,e3,c2_B_weights,0,1,0,orig,1.0,0.0,0.15,XGB,4,0,6026,5000,5000,750,10,0.15,1.0,0.5,"{""clf__base__colsample_bytree"": 0.8054931707609041, ""clf__base__learning_rate"": 0.0741136801321364, ""clf__base__max_depth"": 3, ""clf__base__min_child_weight"": 1, ""clf__base__n_estimators"": 200, ""clf__base__reg_lambda"": 0.6105355904706413, ""clf__base__subsample"": 0.8743098875360427}",0.9976,0.9985882352941176,0.984251968503937,1.0,0.992063492063492,1.0,0.9971764705882352,0.9985862393967956,0.9953248657301438,0.9906931432700434,0.9998238431372548,0.9988541757405748,0.998587237344958,1.016,27.44,False,1f58d07,scikit-learn=1.9.1;imbalanced-learn=0.14.2;xgboost=3.4.1;lightgbm=4.7.0;numpy=2.5.3;pandas=3.0.6,2026-09-27T20:58:21Z
cicids2017,network_security,member_1,e3,c2_B_weights,0,1,0,orig,1.0,0.0,0.15,XGB,4,1,6027,5000,5000,750,10,0.15,1.0,0.5,"{""clf__base__colsample_bytree"": 0.7400831131827571, ""clf__base__learning_rate"": 0.021664971667522914, ""clf__base__max_depth"": 8, ""clf__base__min_child_weight"": 1, ""clf__base__n_estimators"": 400, ""clf__base__reg_lambda"": 0.0421316488972222, ""clf__base__subsample"": 0.6098935341153626}",0.9978,0.9970588235294118,0.9894039735099338,0.996,0.9926910299003322,0.9992932862190812,0.9981176470588236,0.9987051206592114,0.9956980752797716,0.9914037489818742,0.9997836862745098,0.9985106760487892,0.9970582613220696,1.0066666666666666,35.64,False,1f58d07,scikit-learn=1.9.1;imbalanced-learn=0.14.2;xgboost=3.4.1;lightgbm=4.7.0;numpy=2.5.3;pandas=3.0.6,2026-09-27T20:58:57Z
cicids2017,network_security,member_1,e3,c4_AB_smotetomek_weights,1,1,0,orig,1.0,1.0,0.15,LR,0,0,2026,5000,5000,750,10,0.5,5.666666666666667,0.5,"{""clf__base__C"": 76.41478416943613}",0.9394,0.9627058823529412,0.7134670487106017,0.996,0.8313856427378965,0.9992410827219832,0.9294117647058824,0.9630622942825796,0.897223968510238,0.8121259074978833,0.9713938823529412,0.7188400320701172,0.9621299899946258,1.396,15.4,False,1f58d07,scikit-learn=1.9.1;imbalanced-learn=0.14.2;xgboost=3.4.1;lightgbm=4.7.0;numpy=2.5.3;pandas=3.0.6,2026-09-27T20:59:12Z
cicids2017,network_security,member_1,e3,c4_AB_smotetomek_weights,1,1,0,orig,1.0,1.0,0.15,LR,0,1,2027,5000,5000,750,10,0.5,5.666666666666667,0.5,"{""clf__base__C"": 8.004475763115407}",0.944,0.9637647058823527,0.730844793713163,0.992,0.8416289592760181,0.9984932194876946,0.9355294117647058,0.9659863945578232,0.9038076769169204,0.8224855368709111,0.9787298823529412,0.820730355785907,0.9633510141535058,1.3573333333333335,12.12,False,1f58d07,scikit-learn=1.9.1;imbalanced-learn=0.14.2;xgboost=3.4.1;lightgbm=4.7.0;numpy=2.5.3;pandas=3.0.6,2026-09-27T20:59:24Z
cicids2017,network_security,member_1,e3,c4_AB_smotetomek_weights,1,1,0,orig,1.0,1.0,0.15,LR,1,0,3026,5000,5000,750,10,0.5,5.666666666666667,0.5,"{""clf__base__C"": 95.41248660376695}",0.9344,0.9608627450980392,0.6960966542750929,0.9986666666666668,0.8203723986856517,0.9997451580020388,0.9230588235294116,0.959872767310986,0.8901225829983188,0.8008589985259994,0.9727323921568628,0.7265546492373521,0.9601187835009648,1.4346666666666668,12.14,False,1f58d07,scikit-learn=1.9.1;imbalanced-learn=0.14.2;xgboost=3.4.1;lightgbm=4.7.0;numpy=2.5.3;pandas=3.0.6,2026-09-27T20:59:37Z
cicids2017,network_security,member_1,e3,c4_AB_smotetomek_weights,1,1,0,orig,1.0,1.0,0.15,LR,1,1,3027,5000,5000,750,10,0.5,5.666666666666667,0.5,"{""clf__base__C"": 4.686201792798966}",0.942,0.9620392156862744,0.7241715399610137,0.9906666666666668,0.8367117117117117,0.998238550578762,0.9334117647058824,0.9647373540856032,0.9007245328986574,0.8170456433233684,0.9741171764705882,0.7422869139646321,0.9616131870812856,1.368,9.31,False,1f58d07,scikit-learn=1.9.1;imbalanced-learn=0.14.2;xgboost=3.4.1;lightgbm=4.7.0;numpy=2.5.3;pandas=3.0.6,2026-09-27T20:59:46Z
cicids2017,network_security,member_1,e3,c4_AB_smotetomek_weights,1,1,0,orig,1.0,1.0,0.15,LR,2,0,4026,5000,5000,750,10,0.5,5.666666666666667,0.5,"{""clf__base__C"": 11.333229684537264}",0.9416,0.9645490196078432,0.720616570327553,0.9973333333333332,0.8366890380313199,0.9994952044422007,0.9317647058823528,0.9644422795908428,0.9005656588110813,0.8179574793072719,0.9723250196078432,0.7383208597539511,0.9639917012090924,1.384,11.59,False,1f58d07,scikit-learn=1.9.1;imbalanced-learn=0.14.2;xgboost=3.4.1;lightgbm=4.7.0;numpy=2.5.3;pandas=3.0.6,2026-09-27T20:59:58Z
cicids2017,network_security,member_1,e3,c4_AB_smotetomek_weights,1,1,0,orig,1.0,1.0,0.15,LR,2,1,4027,5000,5000,750,10,0.5,5.666666666666667,0.5,"{""clf__base__C"": 80.93579062656904}",0.942,0.9631372549019608,0.7233009708737864,0.9933333333333332,0.8370786516853933,0.9987405541561712,0.9329411764705884,0.964720194647202,0.9008994231662976,0.8178072264630584,0.9839036862745096,0.8591542112548401,0.96266378794855,1.3733333333333333,11.56,False,1f58d07,scikit-learn=1.9.1;imbalanced-learn=0.14.2;xgboost=3.4.1;lightgbm=4.7.0;numpy=2.5.3;pandas=3.0.6,2026-09-27T21:00:09Z
cicids2017,network_security,member_1,e3,c4_AB_smotetomek_weights,1,1,0,orig,1.0,1.0,0.15,LR,3,0,5026,5000,5000,750,10,0.5,5.666666666666667,0.5,"{""clf__base__C"": 25.223556555634133}",0.9428,0.9625098039215688,0.7270058708414873,0.9906666666666668,0.8386004514672686,0.9982403217697337,0.9343529411764706,0.96524064171123,0.9019205465892493,0.8190646791792208,0.9752564705882354,0.7909722839205704,0.9620978711781304,1.3626666666666667,8.93,False,1f58d07,scikit-learn=1.9.1;imbalanced-learn=0.14.2;xgboost=3.4.1;lightgbm=4.7.0;numpy=2.5.3;pandas=3.0.6,2026-09-27T21:00:18Z
cicids2017,network_security,member_1,e3,c4_AB_smotetomek_weights,1,1,0,orig,1.0,1.0,0.15,LR,3,1,5027,5000,5000,750,10,0.5,5.666666666666667,0.5,"{""clf__base__C"": 14.115241548086104}",0.9366,0.9616078431372548,0.7036688617121355,0.9973333333333332,0.8251516822945394,0.999491998983998,0.9258823529411764,0.9612800781727128,0.8932158802336261,0.8057103304345525,0.9769709803921568,0.7774652342122885,0.9609439803304526,1.4173333333333336,11.54,False,1f58d07,scikit-learn=1.9.1;imbalanced-learn=0.14.2;xgboost=3.4.1;lightgbm=4.7.0;numpy=2.5.3;pandas=3.0.6,2026-09-27T21:00:30Z
cicids2017,network_security,member_1,e3,c4_AB_smotetomek_weights,1,1,0,orig,1.0,1.0,0.15,LR,4,0,6026,5000,5000,750,10,0.5,5.666666666666667,0.5,"{""clf__base__C"": 11.931263751588402}",0.9444,0.964,0.7322834645669292,0.992,0.8425821064552661,0.9984939759036144,0.936,0.9662375516152538,0.90440982903526,0.8235055948545004,0.9784883137254904,0.7896723381668802,0.9635932751944672,1.354666666666667,8.92,False,1f58d07,scikit-learn=1.9.1;imbalanced-learn=0.14.2;xgboost=3.4.1;lightgbm=4.7.0;numpy=2.5.3;pandas=3.0.6,2026-09-27T21:00:39Z
cicids2017,network_security,member_1,e3,c4_AB_smotetomek_weights,1,1,0,orig,1.0,1.0,0.15,LR,4,1,6027,5000,5000,750,10,0.5,5.666666666666667,0.5,"{""clf__base__C"": 3.663404056321904}",0.9356,0.9604705882352942,0.700750469043152,0.996,0.8226872246696035,0.9992374173868837,0.9249411764705884,0.960654936461388,0.8916710805654958,0.8028995377032156,0.9713992156862744,0.7282389500272524,0.959813217123366,1.4213333333333331,11.11,False,1f58d07,scikit-learn=1.9.1;imbalanced-learn=0.14.2;xgboost=3.4.1;lightgbm=4.7.0;numpy=2.5.3;pandas=3.0.6,2026-09-27T21:00:50Z
cicids2017,network_security,member_1,e3,c4_AB_smotetomek_weights,1,1,0,orig,1.0,1.0,0.15,RF,0,0,2026,5000,5000,750,10,0.5,5.666666666666667,0.5,"{""clf__base__max_depth"": 16, ""clf__base__max_features"": ""sqrt"", ""clf__base__min_samples_leaf"": 1, ""clf__base__n_estimators"": 200}",0.994,0.995921568627451,0.9627249357326478,0.9986666666666668,0.9803664921465968,0.9997631454287068,0.9931764705882352,0.996458923512748,0.9884127078296724,0.977055370994668,0.9987123137254902,0.9944188396941636,0.9959177854090756,1.0373333333333332,52.71,False,1f58d07,scikit-learn=1.9.1;imbalanced-learn=0.14.2;xgboost=3.4.1;lightgbm=4.7.0;numpy=2.5.3;pandas=3.0.6,2026-09-27T21:01:43Z
cicids2017,network_security,member_1,e3,c4_AB_smotetomek_weights,1,1,0,orig,1.0,1.0,0.15,RF,0,1,2027,5000,5000,750,10,0.5,5.666666666666667,0.5,"{""clf__base__max_depth"": 16, ""clf__base__max_features"": ""sqrt"", ""clf__base__min_samples_leaf"": 2, ""clf__base__n_estimators"": 200}",0.9954,0.9967450980392156,0.9714656290531776,0.9986666666666668,0.984878369493754,0.9997635374793096,0.9948235294117648,0.9972874159688644,0.9910828927313092,0.9822966227649632,0.999372862745098,0.9953754726603476,0.996743245795634,1.028,52.15,False,1f58d07,scikit-learn=1.9.1;imbalanced-learn=0.14.2;xgboost=3.4.1;lightgbm=4.7.0;numpy=2.5.3;pandas=3.0.6,2026-09-27T21:02:35Z
cicids2017,network_security,member_1,e3,c4_AB_smotetomek_weights,1,1,0,orig,1.0,1.0,0.15,RF,1,0,3026,5000,5000,750,10,0.5,5.666666666666667,0.5,"{""clf__base__max_depth"": null, ""clf__base__max_features"": ""log2"", ""clf__base__min_samples_leaf"": 1, ""clf__base__n_estimators"": 400}",0.9944,0.9967058823529412,0.9640102827763496,1.0,0.981675392670157,1.0,0.9934117647058824,0.9966949952785646,0.9891851939743608,0.9786006111828616,0.9991490196078432,0.990783239029741,0.9967004388008878,1.0373333333333332,199.96,False,1f58d07,scikit-learn=1.9.1;imbalanced-learn=0.14.2;xgboost=3.4.1;lightgbm=4.7.0;numpy=2.5.3;pandas=3.0.6,2026-09-27T21:05:56Z
cicids2017,network_security,member_1,e3,c4_AB_smotetomek_weights,1,1,0,orig,1.0,1.0,0.15,RF,1,1,3027,5000,5000,750,10,0.5,5.666666666666667,0.5,"{""clf__base__max_depth"": null, ""clf__base__max_features"": ""log2"", ""clf__base__min_samples_leaf"": 1, ""clf__base__n_estimators"": 200}",0.9946,0.9951764705882352,0.9688715953307392,0.996,0.9822485207100592,0.9992906124379286,0.9943529411764706,0.9968156622243188,0.989532091467189,0.979194715059066,0.999523450980392,0.997336027742103,0.9951761298442424,1.028,98.3,False,1f58d07,scikit-learn=1.9.1;imbalanced-learn=0.14.2;xgboost=3.4.1;lightgbm=4.7.0;numpy=2.5.3;pandas=3.0.6,2026-09-27T21:07:34Z
cicids2017,network_security,member_1,e3,c4_AB_smotetomek_weights,1,1,0,orig,1.0,1.0,0.15,RF,2,0,4026,5000,5000,750,10,0.5,5.666666666666667,0.5,"{""clf__base__max_depth"": null, ""clf__base__max_features"": ""sqrt"", ""clf__base__min_samples_leaf"": 1, ""clf__base__n_estimators"": 200}",0.9926,0.9945490196078433,0.9553001277139208,0.9973333333333332,0.9758643183300716,0.9995257291913684,0.991764705882353,0.9956300933034132,0.9857472058167424,0.9718108781329106,0.9986912941176472,0.9939748916956848,0.9945451221538416,1.044,85.22,False,1f58d07,scikit-learn=1.9.1;imbalanced-learn=0.14.2;xgboost=3.4.1;lightgbm=4.7.0;numpy=2.5.3;pandas=3.0.6,2026-09-27T21:08:59Z
cicids2017,network_security,member_1,e3,c4_AB_smotetomek_weights,1,1,0,orig,1.0,1.0,0.15,RF,2,1,4027,5000,5000,750,10,0.5,5.666666666666667,0.5,"{""clf__base__max_depth"": null, ""clf__base__max_features"": ""log2"", ""clf__base__min_samples_leaf"": 1, ""clf__base__n_estimators"": 200}",0.9962,0.9977647058823528,0.9752925877763328,1.0,0.9874917709019092,1.0,0.995529411764706,0.9977596981488032,0.9926257345253562,0.9853590493862888,0.9996748235294116,0.9972545168234492,0.9977622020124364,1.0253333333333334,84.02,False,1f58d07,scikit-learn=1.9.1;imbalanced-learn=0.14.2;xgboost=3.4.1;lightgbm=4.7.0;numpy=2.5.3;pandas=3.0.6,2026-09-27T21:10:23Z
cicids2017,network_security,member_1,e3,c4_AB_smotetomek_weights,1,1,0,orig,1.0,1.0,0.15,RF,3,0,5026,5000,5000,750,10,0.5,5.666666666666667,0.5,"{""clf__base__max_depth"": 16, ""clf__base__max_features"": ""sqrt"", ""clf__base__min_samples_leaf"": 2, ""clf__base__n_estimators"": 200}",0.994,0.995921568627451,0.9627249357326478,0.9986666666666668,0.9803664921465968,0.9997631454287068,0.9931764705882352,0.996458923512748,0.9884127078296724,0.977055370994668,0.999494431372549,0.9968680750018628,0.9959177854090756,1.0373333333333332,92.73,False,1f58d07,scikit-learn=1.9.1;imbalanced-learn=0.14.2;xgboost=3.4.1;lightgbm=4.7.0;numpy=2.5.3;pandas=3.0.6,2026-09-27T21:11:56Z
cicids2017,network_security,member_1,e3,c4_AB_smotetomek_weights,1,1,0,orig,1.0,1.0,0.15,RF,3,1,5027,5000,5000,750,10,0.5,5.666666666666667,0.5,"{""clf__base__max_depth"": null, ""clf__base__max_features"": ""sqrt"", ""clf__base__min_samples_leaf"": 1, ""clf__base__n_estimators"": 400}",0.9938,0.994156862745098,0.965071151358344,0.9946666666666668,0.979645436638214,0.9990537023894016,0.9936470588235294,0.9963430458888758,0.987994241263545,0.9761443674196584,0.9984309019607844,0.9900079827722906,0.9941567320312916,1.0306666666666666,123.04,False,1f58d07,scikit-learn=1.9.1;imbalanced-learn=0.14.2;xgboost=3.4.1;lightgbm=4.7.0;numpy=2.5.3;pandas=3.0.6,2026-09-27T21:14:00Z
cicids2017,network_security,member_1,e3,c4_AB_smotetomek_weights,1,1,0,orig,1.0,1.0,0.15,RF,4,0,6026,5000,5000,750,10,0.5,5.666666666666667,0.5,"{""clf__base__max_depth"": 16, ""clf__base__max_features"": ""sqrt"", ""clf__base__min_samples_leaf"": 2, ""clf__base__n_estimators"": 400}",0.9932,0.996,0.9566326530612244,1.0,0.9778357235984356,1.0,0.992,0.9959839357429718,0.9869098296707036,0.9741558354989897,0.9994986666666666,0.9963590911069212,0.9959919678390986,1.0453333333333334,116.27,False,1f58d07,scikit-learn=1.9.1;imbalanced-learn=0.14.2;xgboost=3.4.1;lightgbm=4.7.0;numpy=2.5.3;pandas=3.0.6,2026-09-27T21:15:56Z
cicids2017,network_security,member_1,e3,c4_AB_smotetomek_weights,1,1,0,orig,1.0,1.0,0.15,RF,4,1,6027,5000,5000,750,10,0.5,5.666666666666667,0.5,"{""clf__base__max_depth"": null, ""clf__base__max_features"": ""log2"", ""clf__base__min_samples_leaf"": 1, ""clf__base__n_estimators"": 200}",0.9952,0.995529411764706,0.97265625,0.996,0.984189723320158,0.9992911153119092,0.9950588235294118,0.9971704786606932,0.9906801009904256,0.9814565769296836,0.998817725490196,0.994477607671394,0.99552930054082,1.024,80.6,False,1f58d07,scikit-learn=1.9.1;imbalanced-learn=0.14.2;xgboost=3.4.1;lightgbm=4.7.0;numpy=2.5.3;pandas=3.0.6,2026-09-27T21:17:17Z
cicids2017,network_security,member_1,e3,c4_AB_smotetomek_weights,1,1,0,orig,1.0,1.0,0.15,XGB,0,0,2026,5000,5000,750,10,0.5,5.666666666666667,0.5,"{""clf__base__colsample_bytree"": 0.6299297262516527, ""clf__base__learning_rate"": 0.24209961404115907, ""clf__base__max_depth"": 3, ""clf__base__min_child_weight"": 1, ""clf__base__n_estimators"": 400, ""clf__base__reg_lambda"": 0.013825769701893902, ""clf__base__subsample"": 0.7881804586451416}",0.9958,0.9969803921568628,0.9739921976592978,0.9986666666666668,0.9861751152073732,0.9997636492554952,0.9952941176470588,0.9975238769013088,0.991849496054341,0.9838064470867752,0.9997570196078432,0.9982056866066042,0.9969789660888184,1.0253333333333334,37.97,False,1f58d07,scikit-learn=1.9.1;imbalanced-learn=0.14.2;xgboost=3.4.1;lightgbm=4.7.0;numpy=2.5.3;pandas=3.0.6,2026-09-27T21:17:55Z
cicids2017,network_security,member_1,e3,c4_AB_smotetomek_weights,1,1,0,orig,1.0,1.0,0.15,XGB,0,1,2027,5000,5000,750,10,0.5,5.666666666666667,0.5,"{""clf__base__colsample_bytree"": 0.9708534199704669, ""clf__base__learning_rate"": 0.0442673907270532, ""clf__base__max_depth"": 8, ""clf__base__min_child_weight"": 1, ""clf__base__n_estimators"": 200, ""clf__base__reg_lambda"": 0.04693946850954257, ""clf__base__subsample"": 0.9120151652522048}",0.9964,0.9978823529411764,0.9765625,1.0,0.9881422924901184,1.0,0.995764705882353,0.99787785899552,0.9930100757428192,0.9861168645694258,0.9998789019607844,0.9992500534060528,0.9978801059658184,1.024,38.77,False,1f58d07,scikit-learn=1.9.1;imbalanced-learn=0.14.2;xgboost=3.4.1;lightgbm=4.7.0;numpy=2.5.3;pandas=3.0.6,2026-09-27T21:18:34Z
cicids2017,network_security,member_1,e3,c4_AB_smotetomek_weights,1,1,0,orig,1.0,1.0,0.15,XGB,1,0,3026,5000,5000,750,10,0.5,5.666666666666667,0.5,"{""clf__base__colsample_bytree"": 0.6427066924659094, ""clf__base__learning_rate"": 0.14362393914105898, ""clf__base__max_depth"": 6, ""clf__base__min_child_weight"": 1, ""clf__base__n_estimators"": 400, ""clf__base__reg_lambda"": 0.614643025252804, ""clf__base__subsample"": 0.9355678497997515}",0.9954,0.9972941176470588,0.9702457956015524,1.0,0.9848982271831912,1.0,0.9945882352941176,0.9972867759820692,0.9910925015826302,0.9823416175897696,0.9996263529411764,0.997137961783058,0.9972904468078082,1.0306666666666666,39.04,False,1f58d07,scikit-learn=1.9.1;imbalanced-learn=0.14.2;xgboost=3.4.1;lightgbm=4.7.0;numpy=2.5.3;pandas=3.0.6,2026-09-27T21:19:13Z
cicids2017,network_security,member_1,e3,c4_AB_smotetomek_weights,1,1,0,orig,1.0,1.0,0.15,XGB,1,1,3027,5000,5000,750,10,0.5,5.666666666666667,0.5,"{""clf__base__colsample_bytree"": 0.8513470081401819, ""clf__base__learning_rate"": 0.25382642172504044, ""clf__base__max_depth"": 4, ""clf__base__min_child_weight"": 1, ""clf__base__n_estimators"": 200, ""clf__base__reg_lambda"": 0.012756619257647156, ""clf__base__subsample"": 0.9023643959650978}",0.9954,0.9961960784313726,0.9726918075422628,0.9973333333333332,0.9848584595128372,0.9995272985109904,0.9950588235294118,0.9972880556538144,0.991073257583326,0.9822538447872616,0.999897725490196,0.999374774697814,0.9961954292875136,1.0253333333333334,36.67,False,1f58d07,scikit-learn=1.9.1;imbalanced-learn=0.14.2;xgboost=3.4.1;lightgbm=4.7.0;numpy=2.5.3;pandas=3.0.6,2026-09-27T21:19:50Z
cicids2017,network_security,member_1,e3,c4_AB_smotetomek_weights,1,1,0,orig,1.0,1.0,0.15,XGB,2,0,4026,5000,5000,750,10,0.5,5.666666666666667,0.5,"{""clf__base__colsample_bytree"": 0.659630670299126, ""clf__base__learning_rate"": 0.03834557874295529, ""clf__base__max_depth"": 4, ""clf__base__min_child_weight"": 1, ""clf__base__n_estimators"": 800, ""clf__base__reg_lambda"": 0.0752355555373566, ""clf__base__subsample"": 0.6669423150701586}",0.9962,0.9972156862745098,0.9765319426336376,0.9986666666666668,0.987475280158207,0.9997637609260572,0.995764705882353,0.997760226335023,0.9926177532466148,0.9853218136753992,0.9998101960784314,0.9988364912951344,0.9972146306627492,1.0226666666666668,40.86,False,1f58d07,scikit-learn=1.9.1;imbalanced-learn=0.14.2;xgboost=3.4.1;lightgbm=4.7.0;numpy=2.5.3;pandas=3.0.6,2026-09-27T21:20:31Z
cicids2017,network_security,member_1,e3,c4_AB_smotetomek_weights,1,1,0,orig,1.0,1.0,0.15,XGB,2,1,4027,5000,5000,750,10,0.5,5.666666666666667,0.5,"{""clf__base__colsample_bytree"": 0.6559882439510808, ""clf__base__learning_rate"": 0.08120637239751023, ""clf__base__max_depth"": 4, ""clf__base__min_child_weight"": 1, ""clf__base__n_estimators"": 800, ""clf__base__reg_lambda"": 0.12873875292508413, ""clf__base__subsample"": 0.9865367520977653}",0.997,0.9982352941176472,0.9803921568627452,1.0,0.99009900990099,1.0,0.996470588235294,0.9982321744254566,0.9941655921632232,0.9883986793042008,0.99989568627451,0.9993258180005004,0.9982337342703332,1.02,78.04,False,1f58d07,scikit-learn=1.9.1;imbalanced-learn=0.14.2;xgboost=3.4.1;lightgbm=4.7.0;numpy=2.5.3;pandas=3.0.6,2026-09-27T21:21:49Z
cicids2017,network_security,member_1,e3,c4_AB_smotetomek_weights,1,1,0,orig,1.0,1.0,0.15,XGB,3,0,5026,5000,5000,750,10,0.5,5.666666666666667,0.5,"{""clf__base__colsample_bytree"": 0.966186289625362, ""clf__base__learning_rate"": 0.29511899190869545, ""clf__base__max_depth"": 6, ""clf__base__min_child_weight"": 1, ""clf__base__n_estimators"": 200, ""clf__base__reg_lambda"": 1.784943962718507, ""clf__base__subsample"": 0.76926012218394}",0.996,0.9970980392156864,0.9752604166666666,0.9986666666666668,0.9868247694334652,0.9997637051039696,0.995529411764706,0.9976420655505776,0.9922334174920212,0.9845634353561784,0.9999270588235294,0.999576566316658,0.9970968053382212,1.024,46.76,False,1f58d07,scikit-learn=1.9.1;imbalanced-learn=0.14.2;xgboost=3.4.1;lightgbm=4.7.0;numpy=2.5.3;pandas=3.0.6,2026-09-27T21:22:36Z
cicids2017,network_security,member_1,e3,c4_AB_smotetomek_weights,1,1,0,orig,1.0,1.0,0.15,XGB,3,1,5027,5000,5000,750,10,0.5,5.666666666666667,0.5,"{""clf__base__colsample_bytree"": 0.7569788188513907, ""clf__base__learning_rate"": 0.22391260675549185, ""clf__base__max_depth"": 4, ""clf__base__min_child_weight"": 1, ""clf__base__n_estimators"": 800, ""clf__base__reg_lambda"": 0.013517068075739864, ""clf__base__subsample"": 0.6656234019226878}",0.9964,0.99678431372549,0.9790575916230366,0.9973333333333332,0.988110964332893,0.9995278564683664,0.9962352941176472,0.9978788592976668,0.99299491181528,0.986048579180396,0.999564549019608,0.9965824605183164,0.9967841625280104,1.0186666666666666,67.32,False,1f58d07,scikit-learn=1.9.1;imbalanced-learn=0.14.2;xgboost=3.4.1;lightgbm=4.7.0;numpy=2.5.3;pandas=3.0.6,2026-09-27T21:23:43Z
cicids2017,network_security,member_1,e3,c4_AB_smotetomek_weights,1,1,0,orig,1.0,1.0,0.15,XGB,4,0,6026,5000,5000,750,10,0.5,5.666666666666667,0.5,"{""clf__base__colsample_bytree"": 0.8054931707609041, ""clf__base__learning_rate"": 0.0741136801321364, ""clf__base__max_depth"": 3, ""clf__base__min_child_weight"": 1, ""clf__base__n_estimators"": 200, ""clf__base__reg_lambda"": 0.6105355904706413, ""clf__base__subsample"": 0.8743098875360427}",0.992,0.9952941176470588,0.9493670886075948,1.0,0.974025974025974,1.0,0.9905882352941175,0.9952718676122932,0.9846489208191336,0.9697586653132376,0.999764862745098,0.998413579163664,0.9952829925674996,1.0533333333333337,49.02,False,1f58d07,scikit-learn=1.9.1;imbalanced-learn=0.14.2;xgboost=3.4.1;lightgbm=4.7.0;numpy=2.5.3;pandas=3.0.6,2026-09-27T21:24:32Z
cicids2017,network_security,member_1,e3,c4_AB_smotetomek_weights,1,1,0,orig,1.0,1.0,0.15,XGB,4,1,6027,5000,5000,750,10,0.5,5.666666666666667,0.5,"{""clf__base__colsample_bytree"": 0.7400831131827571, ""clf__base__learning_rate"": 0.021664971667522914, ""clf__base__max_depth"": 8, ""clf__base__min_child_weight"": 1, ""clf__base__n_estimators"": 400, ""clf__base__reg_lambda"": 0.0421316488972222, ""clf__base__subsample"": 0.6098935341153626}",0.9972,0.9978039215686274,0.9829396325459318,0.9986666666666668,0.9907407407407408,0.9997640396413404,0.9969411764705882,0.9983506126295948,0.9945456766851676,0.9891347145406584,0.9997941960784312,0.9986320449452945,0.9978035485849044,1.016,50.63,False,1f58d07,scikit-learn=1.9.1;imbalanced-learn=0.14.2;xgboost=3.4.1;lightgbm=4.7.0;numpy=2.5.3;pandas=3.0.6,2026-09-27T21:25:23Z
cicids2017,network_security,member_1,e3,c8_A_Brecalc,1,1,0,recalc,1.0,1.0,0.15,LR,0,0,2026,5000,5000,750,0,0.5,1.0,0.5,"{""clf__base__C"": 86.64678862932995}",0.9478,0.966,0.7447447447447447,0.992,0.8507718696397941,0.9985003749062734,0.94,0.968367470609623,0.9095696701247086,0.8322886827986723,0.9866396862745096,0.8570043842410608,0.96565004012841,1.332,4.68,False,1f58d07,scikit-learn=1.9.1;imbalanced-learn=0.14.2;xgboost=3.4.1;lightgbm=4.7.0;numpy=2.5.3;pandas=3.0.6,2026-09-27T21:25:28Z
cicids2017,network_security,member_1,e3,c8_A_Brecalc,1,1,0,recalc,1.0,1.0,0.15,LR,0,1,2027,5000,5000,750,0,0.5,1.0,0.5,"{""clf__base__C"": 33.09421283700199}",0.9548,0.9695686274509804,0.7723492723492723,0.9906666666666668,0.8679906542056075,0.9982664685487864,0.948470588235294,0.9727316602316602,0.920361157218634,0.8507137894093663,0.9878439215686275,0.8722322224170084,0.9693390511469304,1.2826666666666666,4.0,False,1f58d07,scikit-learn=1.9.1;imbalanced-learn=0.14.2;xgboost=3.4.1;lightgbm=4.7.0;numpy=2.5.3;pandas=3.0.6,2026-09-27T21:25:32Z
cicids2017,network_security,member_1,e3,c8_A_Brecalc,1,1,0,recalc,1.0,1.0,0.15,LR,1,0,3026,5000,5000,750,0,0.5,1.0,0.5,"{""clf__base__C"": 95.41248660376695}",0.9504,0.9686274509803922,0.7535353535353535,0.9946666666666668,0.8574712643678161,0.999002493765586,0.9425882352941176,0.9699757869249396,0.9137235256463778,0.8398331895643455,0.986976,0.8510358640078242,0.9682773869296007,1.32,4.96,False,1f58d07,scikit-learn=1.9.1;imbalanced-learn=0.14.2;xgboost=3.4.1;lightgbm=4.7.0;numpy=2.5.3;pandas=3.0.6,2026-09-27T21:25:37Z
cicids2017,network_security,member_1,e3,c8_A_Brecalc,1,1,0,recalc,1.0,1.0,0.15,LR,1,1,3027,5000,5000,750,0,0.5,1.0,0.5,"{""clf__base__C"": 4.686201792798966}",0.946,0.9627450980392156,0.74,0.9866666666666668,0.8457142857142858,0.9975,0.9388235294117648,0.9672727272727272,0.9064935064935064,0.8261652495765258,0.9836527058823528,0.8627268356647442,0.9624478595502932,1.3333333333333337,5.6,False,1f58d07,scikit-learn=1.9.1;imbalanced-learn=0.14.2;xgboost=3.4.1;lightgbm=4.7.0;numpy=2.5.3;pandas=3.0.6,2026-09-27T21:25:43Z
cicids2017,network_security,member_1,e3,c8_A_Brecalc,1,1,0,recalc,1.0,1.0,0.15,LR,2,0,4026,5000,5000,750,0,0.5,1.0,0.5,"{""clf__base__C"": 2.963965176880303}",0.9476,0.9664313725490196,0.7435129740518962,0.9933333333333332,0.8504566210045662,0.9987493746873436,0.9395294117647058,0.96823472356935,0.9093456722869582,0.8321231232382653,0.976865568627451,0.8124859047330638,0.9660568732496764,1.336,6.02,False,1f58d07,scikit-learn=1.9.1;imbalanced-learn=0.14.2;xgboost=3.4.1;lightgbm=4.7.0;numpy=2.5.3;pandas=3.0.6,2026-09-27T21:25:49Z
cicids2017,network_security,member_1,e3,c8_A_Brecalc,1,1,0,recalc,1.0,1.0,0.15,LR,2,1,4027,5000,5000,750,0,0.5,1.0,0.5,"{""clf__base__C"": 80.93579062656904}",0.9486,0.9642745098039216,0.7497467071935157,0.9866666666666668,0.8520437535981578,0.9975080986792924,0.9418823529411764,0.9688974948565896,0.9104706242273736,0.832984223974527,0.9897824313725492,0.8930299157352362,0.9640144820326236,1.316,7.02,False,1f58d07,scikit-learn=1.9.1;imbalanced-learn=0.14.2;xgboost=3.4.1;lightgbm=4.7.0;numpy=2.5.3;pandas=3.0.6,2026-09-27T21:25:56Z
cicids2017,network_security,member_1,e3,c8_A_Brecalc,1,1,0,recalc,1.0,1.0,0.15,LR,3,0,5026,5000,5000,750,0,0.5,1.0,0.5,"{""clf__base__C"": 5.661146596775842}",0.946,0.9632941176470587,0.7395209580838323,0.988,0.8458904109589042,0.9977488744372186,0.9385882352941176,0.9672647914645974,0.9065776012117508,0.826526196228087,0.9796680784313724,0.836656084225238,0.9629772460814368,1.336,6.19,False,1f58d07,scikit-learn=1.9.1;imbalanced-learn=0.14.2;xgboost=3.4.1;lightgbm=4.7.0;numpy=2.5.3;pandas=3.0.6,2026-09-27T21:26:02Z
cicids2017,network_security,member_1,e3,c8_A_Brecalc,1,1,0,recalc,1.0,1.0,0.15,LR,3,1,5027,5000,5000,750,0,0.5,1.0,0.5,"{""clf__base__C"": 14.115241548086104}",0.9466,0.9663921568627452,0.7393458870168483,0.9946666666666668,0.8482092097782831,0.9989977449260836,0.9381176470588236,0.9676010192937752,0.9079051145360292,0.8298887624347457,0.9870225882352942,0.8594998300692243,0.9659784433108104,1.3453333333333335,6.39,False,1f58d07,scikit-learn=1.9.1;imbalanced-learn=0.14.2;xgboost=3.4.1;lightgbm=4.7.0;numpy=2.5.3;pandas=3.0.6,2026-09-27T21:26:09Z
cicids2017,network_security,member_1,e3,c8_A_Brecalc,1,1,0,recalc,1.0,1.0,0.15,LR,4,0,6026,5000,5000,750,0,0.5,1.0,0.5,"{""clf__base__C"": 73.66417088381552}",0.9566,0.970078431372549,0.7802313354363828,0.9893333333333332,0.8724279835390947,0.9980242035070388,0.9508235294117648,0.9738522713579948,0.9231401274485448,0.8553842913609313,0.9871174901960784,0.8466551654793518,0.9698873191070734,1.268,7.68,False,1f58d07,scikit-learn=1.9.1;imbalanced-learn=0.14.2;xgboost=3.4.1;lightgbm=4.7.0;numpy=2.5.3;pandas=3.0.6,2026-09-27T21:26:17Z
cicids2017,network_security,member_1,e3,c8_A_Brecalc,1,1,0,recalc,1.0,1.0,0.15,LR,4,1,6027,5000,5000,750,0,0.5,1.0,0.5,"{""clf__base__C"": 89.78839453758782}",0.9442,0.9644313725490196,0.7311089303238469,0.9933333333333332,0.8422837761447145,0.9987440341622708,0.9355294117647058,0.9661037541003524,0.9041937651225334,0.8233670069358603,0.9890425098039216,0.9025124122800504,0.9639982100707488,1.3586666666666667,7.34,False,1f58d07,scikit-learn=1.9.1;imbalanced-learn=0.14.2;xgboost=3.4.1;lightgbm=4.7.0;numpy=2.5.3;pandas=3.0.6,2026-09-27T21:26:24Z
cicids2017,network_security,member_1,e3,c8_A_Brecalc,1,1,0,recalc,1.0,1.0,0.15,RF,0,0,2026,5000,5000,750,0,0.5,1.0,0.5,"{""clf__base__max_depth"": 16, ""clf__base__max_features"": ""sqrt"", ""clf__base__min_samples_leaf"": 1, ""clf__base__n_estimators"": 200}",0.995,0.9965098039215686,0.9689521345407504,0.9986666666666668,0.9835850295469468,0.9997634255973504,0.9943529411764706,0.9970508434587708,0.9903179365028588,0.9807923050472416,0.998648,0.9916216364718744,0.9965074697436552,1.0306666666666666,17.08,False,1f58d07,scikit-learn=1.9.1;imbalanced-learn=0.14.2;xgboost=3.4.1;lightgbm=4.7.0;numpy=2.5.3;pandas=3.0.6,2026-09-27T21:26:41Z
cicids2017,network_security,member_1,e3,c8_A_Brecalc,1,1,0,recalc,1.0,1.0,0.15,RF,0,1,2027,5000,5000,750,0,0.5,1.0,0.5,"{""clf__base__max_depth"": 16, ""clf__base__max_features"": ""sqrt"", ""clf__base__min_samples_leaf"": 2, ""clf__base__n_estimators"": 200}",0.996,0.9965490196078431,0.9765013054830288,0.9973333333333332,0.9868073878627968,0.9995276334435522,0.995764705882353,0.9976426214049976,0.9922250046338972,0.9845264981023896,0.9995220392156862,0.9964248418713996,0.9965487109686778,1.0213333333333334,15.09,False,1f58d07,scikit-learn=1.9.1;imbalanced-learn=0.14.2;xgboost=3.4.1;lightgbm=4.7.0;numpy=2.5.3;pandas=3.0.6,2026-09-27T21:26:57Z
cicids2017,network_security,member_1,e3,c8_A_Brecalc,1,1,0,recalc,1.0,1.0,0.15,RF,1,0,3026,5000,5000,750,0,0.5,1.0,0.5,"{""clf__base__max_depth"": 16, ""clf__base__max_features"": ""sqrt"", ""clf__base__min_samples_leaf"": 2, ""clf__base__n_estimators"": 400}",0.995,0.9970588235294118,0.967741935483871,1.0,0.9836065573770492,1.0,0.9941176470588236,0.9970501474926252,0.9903283524348372,0.980841136914321,0.999345411764706,0.9943803274230604,0.9970544855015816,1.0333333333333334,20.98,False,1f58d07,scikit-learn=1.9.1;imbalanced-learn=0.14.2;xgboost=3.4.1;lightgbm=4.7.0;numpy=2.5.3;pandas=3.0.6,2026-09-27T21:27:18Z
cicids2017,network_security,member_1,e3,c8_A_Brecalc,1,1,0,recalc,1.0,1.0,0.15,RF,1,1,3027,5000,5000,750,0,0.5,1.0,0.5,"{""clf__base__max_depth"": 16, ""clf__base__max_features"": ""log2"", ""clf__base__min_samples_leaf"": 1, ""clf__base__n_estimators"": 400}",0.9942,0.9943921568627452,0.96757457846952,0.9946666666666668,0.9809335963182118,0.999054149917238,0.9941176470588236,0.9965797853520464,0.9887566908351292,0.9776437612061174,0.9989076078431371,0.9966849596211884,0.9943921189724454,1.028,23.64,False,1f58d07,scikit-learn=1.9.1;imbalanced-learn=0.14.2;xgboost=3.4.1;lightgbm=4.7.0;numpy=2.5.3;pandas=3.0.6,2026-09-27T21:27:42Z
cicids2017,network_security,member_1,e3,c8_A_Brecalc,1,1,0,recalc,1.0,1.0,0.15,RF,2,0,4026,5000,5000,750,0,0.5,1.0,0.5,"{""clf__base__max_depth"": null, ""clf__base__max_features"": ""sqrt"", ""clf__base__min_samples_leaf"": 2, ""clf__base__n_estimators"": 200}",0.9942,0.9949411764705882,0.9663648124191462,0.996,0.9809586342744584,0.9992902767920512,0.9938823529411764,0.996578978412174,0.9887688063433162,0.977693679962186,0.9986964705882354,0.9949609830285836,0.9949406130666352,1.0306666666666666,16.08,False,1f58d07,scikit-learn=1.9.1;imbalanced-learn=0.14.2;xgboost=3.4.1;lightgbm=4.7.0;numpy=2.5.3;pandas=3.0.6,2026-09-27T21:27:58Z
cicids2017,network_security,member_1,e3,c8_A_Brecalc,1,1,0,recalc,1.0,1.0,0.15,RF,2,1,4027,5000,5000,750,0,0.5,1.0,0.5,"{""clf__base__max_depth"": 16, ""clf__base__max_features"": ""sqrt"", ""clf__base__min_samples_leaf"": 2, ""clf__base__n_estimators"": 200}",0.9968,0.9981176470588236,0.97911227154047,1.0,0.9894459102902374,1.0,0.9962352941176472,0.998114097123998,0.9937800037071178,0.9876366750036764,0.999646274509804,0.997067169948858,0.9981158720898328,1.0213333333333334,12.78,False,1f58d07,scikit-learn=1.9.1;imbalanced-learn=0.14.2;xgboost=3.4.1;lightgbm=4.7.0;numpy=2.5.3;pandas=3.0.6,2026-09-27T21:28:11Z
cicids2017,network_security,member_1,e3,c8_A_Brecalc,1,1,0,recalc,1.0,1.0,0.15,RF,3,0,5026,5000,5000,750,0,0.5,1.0,0.5,"{""clf__base__max_depth"": 16, ""clf__base__max_features"": ""sqrt"", ""clf__base__min_samples_leaf"": 2, ""clf__base__n_estimators"": 200}",0.9954,0.9961960784313726,0.9726918075422628,0.9973333333333332,0.9848584595128372,0.9995272985109904,0.9950588235294118,0.9972880556538144,0.991073257583326,0.9822538447872616,0.999643137254902,0.9977500782999246,0.9961954292875136,1.0253333333333334,9.9,False,1f58d07,scikit-learn=1.9.1;imbalanced-learn=0.14.2;xgboost=3.4.1;lightgbm=4.7.0;numpy=2.5.3;pandas=3.0.6,2026-09-27T21:28:21Z
cicids2017,network_security,member_1,e3,c8_A_Brecalc,1,1,0,recalc,1.0,1.0,0.15,RF,3,1,5027,5000,5000,750,0,0.5,1.0,0.5,"{""clf__base__max_depth"": null, ""clf__base__max_features"": ""sqrt"", ""clf__base__min_samples_leaf"": 1, ""clf__base__n_estimators"": 200}",0.996,0.9943529411764708,0.9815303430079156,0.992,0.986737400530504,0.9985855728429984,0.9967058823529412,0.9976448422044276,0.992191121367466,0.9844015295546524,0.998380705882353,0.9887579859684374,0.9943501572857107,1.0106666666666668,15.88,False,1f58d07,scikit-learn=1.9.1;imbalanced-learn=0.14.2;xgboost=3.4.1;lightgbm=4.7.0;numpy=2.5.3;pandas=3.0.6,2026-09-27T21:28:37Z
cicids2017,network_security,member_1,e3,c8_A_Brecalc,1,1,0,recalc,1.0,1.0,0.15,RF,4,0,6026,5000,5000,750,0,0.5,1.0,0.5,"{""clf__base__max_depth"": 16, ""clf__base__max_features"": ""sqrt"", ""clf__base__min_samples_leaf"": 2, ""clf__base__n_estimators"": 400}",0.9944,0.9967058823529412,0.9640102827763496,1.0,0.981675392670157,1.0,0.9934117647058824,0.9966949952785646,0.9891851939743608,0.9786006111828616,0.9994869019607844,0.9959907473142768,0.9967004388008878,1.0373333333333332,27.6,False,1f58d07,scikit-learn=1.9.1;imbalanced-learn=0.14.2;xgboost=3.4.1;lightgbm=4.7.0;numpy=2.5.3;pandas=3.0.6,2026-09-27T21:29:04Z
cicids2017,network_security,member_1,e3,c8_A_Brecalc,1,1,0,recalc,1.0,1.0,0.15,RF,4,1,6027,5000,5000,750,0,0.5,1.0,0.5,"{""clf__base__max_depth"": null, ""clf__base__max_features"": ""sqrt"", ""clf__base__min_samples_leaf"": 1, ""clf__base__n_estimators"": 200}",0.9958,0.99478431372549,0.9789750328515112,0.9933333333333332,0.986101919258769,0.9988204765274828,0.9962352941176472,0.9975262103899164,0.9918140648243428,0.9836644550576702,0.9988136470588236,0.9938305104627628,0.9947832555336846,1.0146666666666668,16.54,False,1f58d07,scikit-learn=1.9.1;imbalanced-learn=0.14.2;xgboost=3.4.1;lightgbm=4.7.0;numpy=2.5.3;pandas=3.0.6,2026-09-27T21:29:21Z
cicids2017,network_security,member_1,e3,c8_A_Brecalc,1,1,0,recalc,1.0,1.0,0.15,XGB,0,0,2026,5000,5000,750,0,0.5,1.0,0.5,"{""clf__base__colsample_bytree"": 0.8730309932691698, ""clf__base__learning_rate"": 0.199046962929904, ""clf__base__max_depth"": 8, ""clf__base__min_child_weight"": 3, ""clf__base__n_estimators"": 800, ""clf__base__reg_lambda"": 0.012097667712699732, ""clf__base__subsample"": 0.893015156710232}",0.9974,0.9973725490196078,0.9855072463768116,0.9973333333333332,0.9913850231941684,0.9995284131101156,0.9974117647058824,0.9984689671416794,0.9949269951679238,0.9898784741918812,0.9998083137254902,0.998784962425378,0.9973725482486472,1.012,12.0,False,1f58d07,scikit-learn=1.9.1;imbalanced-learn=0.14.2;xgboost=3.4.1;lightgbm=4.7.0;numpy=2.5.3;pandas=3.0.6,2026-09-27T21:29:33Z
cicids2017,network_security,member_1,e3,c8_A_Brecalc,1,1,0,recalc,1.0,1.0,0.15,XGB,0,1,2027,5000,5000,750,0,0.5,1.0,0.5,"{""clf__base__colsample_bytree"": 0.9336243488325542, ""clf__base__learning_rate"": 0.02529671021412237, ""clf__base__max_depth"": 6, ""clf__base__min_child_weight"": 1, ""clf__base__n_estimators"": 200, ""clf__base__reg_lambda"": 0.010969279606290043, ""clf__base__subsample"": 0.7794315780052847}",0.9972,0.9983529411764708,0.981675392670157,1.0,0.9907529722589168,1.0,0.9967058823529412,0.9983502238981852,0.9945515980785512,0.9891620890609784,0.9997821176470588,0.9983434126021324,0.9983515825364034,1.0186666666666666,7.15,False,1f58d07,scikit-learn=1.9.1;imbalanced-learn=0.14.2;xgboost=3.4.1;lightgbm=4.7.0;numpy=2.5.3;pandas=3.0.6,2026-09-27T21:29:40Z
cicids2017,network_security,member_1,e3,c8_A_Brecalc,1,1,0,recalc,1.0,1.0,0.15,XGB,1,0,3026,5000,5000,750,0,0.5,1.0,0.5,"{""clf__base__colsample_bytree"": 0.9309234777238906, ""clf__base__learning_rate"": 0.04043516810958894, ""clf__base__max_depth"": 6, ""clf__base__min_child_weight"": 1, ""clf__base__n_estimators"": 800, ""clf__base__reg_lambda"": 0.07885568670293347, ""clf__base__subsample"": 0.6164565020946385}",0.9974,0.998470588235294,0.982961992136304,1.0,0.991407799074686,1.0,0.9969411764705882,0.9984682455520208,0.9949380223133534,0.9899269088504666,0.9996310588235292,0.9974364331774096,0.9984694168929704,1.0173333333333334,18.02,False,1f58d07,scikit-learn=1.9.1;imbalanced-learn=0.14.2;xgboost=3.4.1;lightgbm=4.7.0;numpy=2.5.3;pandas=3.0.6,2026-09-27T21:29:58Z
cicids2017,network_security,member_1,e3,c8_A_Brecalc,1,1,0,recalc,1.0,1.0,0.15,XGB,1,1,3027,5000,5000,750,0,0.5,1.0,0.5,"{""clf__base__colsample_bytree"": 0.7328262798016196, ""clf__base__learning_rate"": 0.05921003296229738, ""clf__base__max_depth"": 3, ""clf__base__min_child_weight"": 1, ""clf__base__n_estimators"": 200, ""clf__base__reg_lambda"": 0.018405914544812812, ""clf__base__subsample"": 0.6200696058918139}",0.9978,0.998156862745098,0.9868247694334652,0.9986666666666668,0.9927104042412194,0.9997642065550578,0.9976470588235294,0.998704510658344,0.9957074574497816,0.9914394273956844,0.99988768627451,0.9993153539735742,0.9981567325551124,1.012,9.31,False,1f58d07,scikit-learn=1.9.1;imbalanced-learn=0.14.2;xgboost=3.4.1;lightgbm=4.7.0;numpy=2.5.3;pandas=3.0.6,2026-09-27T21:30:08Z
cicids2017,network_security,member_1,e3,c8_A_Brecalc,1,1,0,recalc,1.0,1.0,0.15,XGB,2,0,4026,5000,5000,750,0,0.5,1.0,0.5,"{""clf__base__colsample_bytree"": 0.659630670299126, ""clf__base__learning_rate"": 0.03834557874295529, ""clf__base__max_depth"": 4, ""clf__base__min_child_weight"": 1, ""clf__base__n_estimators"": 800, ""clf__base__reg_lambda"": 0.0752355555373566, ""clf__base__subsample"": 0.6669423150701586}",0.9976,0.9974901960784314,0.9868073878627968,0.9973333333333332,0.9920424403183024,0.9995285242809996,0.9976470588235294,0.9985869053226566,0.9953146728204796,0.99064872314218,0.999817411764706,0.9987308858853696,0.9974901837445151,1.0106666666666668,18.79,False,1f58d07,scikit-learn=1.9.1;imbalanced-learn=0.14.2;xgboost=3.4.1;lightgbm=4.7.0;numpy=2.5.3;pandas=3.0.6,2026-09-27T21:30:27Z
cicids2017,network_security,member_1,e3,c8_A_Brecalc,1,1,0,recalc,1.0,1.0,0.15,XGB,2,1,4027,5000,5000,750,0,0.5,1.0,0.5,"{""clf__base__colsample_bytree"": 0.7962534959268627, ""clf__base__learning_rate"": 0.14932277327771687, ""clf__base__max_depth"": 3, ""clf__base__min_child_weight"": 1, ""clf__base__n_estimators"": 200, ""clf__base__reg_lambda"": 0.019567811559382847, ""clf__base__subsample"": 0.9688357828106124}",0.998,0.9988235294117648,0.986842105263158,1.0,0.9933774834437086,1.0,0.9976470588235294,0.9988221436984688,0.9960998135710888,0.9922298744943177,0.99984,0.998908177319966,0.9988228365548764,1.0133333333333334,8.3,False,1f58d07,scikit-learn=1.9.1;imbalanced-learn=0.14.2;xgboost=3.4.1;lightgbm=4.7.0;numpy=2.5.3;pandas=3.0.6,2026-09-27T21:30:35Z
cicids2017,network_security,member_1,e3,c8_A_Brecalc,1,1,0,recalc,1.0,1.0,0.15,XGB,3,0,5026,5000,5000,750,0,0.5,1.0,0.5,"{""clf__base__colsample_bytree"": 0.7542890799948759, ""clf__base__learning_rate"": 0.19191750289230153, ""clf__base__max_depth"": 8, ""clf__base__min_child_weight"": 3, ""clf__base__n_estimators"": 400, ""clf__base__reg_lambda"": 0.7269417058364168, ""clf__base__subsample"": 0.9589918836811703}",0.9972,0.9983529411764708,0.981675392670157,1.0,0.9907529722589168,1.0,0.9967058823529412,0.9983502238981852,0.9945515980785512,0.9891620890609784,0.9999013333333332,0.9994147271803756,0.9983515825364034,1.0186666666666666,11.79,False,1f58d07,scikit-learn=1.9.1;imbalanced-learn=0.14.2;xgboost=3.4.1;lightgbm=4.7.0;numpy=2.5.3;pandas=3.0.6,2026-09-27T21:30:47Z
cicids2017,network_security,member_1,e3,c8_A_Brecalc,1,1,0,recalc,1.0,1.0,0.15,XGB,3,1,5027,5000,5000,750,0,0.5,1.0,0.5,"{""clf__base__colsample_bytree"": 0.7358923256366228, ""clf__base__learning_rate"": 0.2906786222275891, ""clf__base__max_depth"": 8, ""clf__base__min_child_weight"": 3, ""clf__base__n_estimators"": 200, ""clf__base__reg_lambda"": 4.014777801848153, ""clf__base__subsample"": 0.8554556299308018}",0.998,0.9982745098039216,0.9881266490765171,0.9986666666666668,0.993368700265252,0.9997642621404996,0.9978823529411764,0.998822421102214,0.996095560683733,0.9922105215390618,0.9995190588235294,0.9956168980274566,0.9982744327775076,1.0106666666666668,7.54,False,1f58d07,scikit-learn=1.9.1;imbalanced-learn=0.14.2;xgboost=3.4.1;lightgbm=4.7.0;numpy=2.5.3;pandas=3.0.6,2026-09-27T21:30:55Z
cicids2017,network_security,member_1,e3,c8_A_Brecalc,1,1,0,recalc,1.0,1.0,0.15,XGB,4,0,6026,5000,5000,750,0,0.5,1.0,0.5,"{""clf__base__colsample_bytree"": 0.6430964645008799, ""clf__base__learning_rate"": 0.11900147712804574, ""clf__base__max_depth"": 6, ""clf__base__min_child_weight"": 3, ""clf__base__n_estimators"": 800, ""clf__base__reg_lambda"": 5.320668227960565, ""clf__base__subsample"": 0.8406463455818014}",0.996,0.9976470588235292,0.974025974025974,1.0,0.986842105263158,1.0,0.9952941176470588,0.9976415094339622,0.99224180734856,0.9846026215603424,0.9998123921568628,0.9988248659141948,0.9976442841248871,1.0266666666666666,10.62,False,1f58d07,scikit-learn=1.9.1;imbalanced-learn=0.14.2;xgboost=3.4.1;lightgbm=4.7.0;numpy=2.5.3;pandas=3.0.6,2026-09-27T21:31:05Z
cicids2017,network_security,member_1,e3,c8_A_Brecalc,1,1,0,recalc,1.0,1.0,0.15,XGB,4,1,6027,5000,5000,750,0,0.5,1.0,0.5,"{""clf__base__colsample_bytree"": 0.7400831131827571, ""clf__base__learning_rate"": 0.021664971667522914, ""clf__base__max_depth"": 8, ""clf__base__min_child_weight"": 1, ""clf__base__n_estimators"": 400, ""clf__base__reg_lambda"": 0.0421316488972222, ""clf__base__subsample"": 0.6098935341153626}",0.998,0.9977254901960784,0.9894179894179894,0.9973333333333332,0.9933598937583,0.9995287464655984,0.9981176470588236,0.9988226983753238,0.996091296066812,0.9921935283960186,0.999824,0.998851175001186,0.9977254131272792,1.008,9.32,False,1f58d07,scikit-learn=1.9.1;imbalanced-learn=0.14.2;xgboost=3.4.1;lightgbm=4.7.0;numpy=2.5.3;pandas=3.0.6,2026-09-27T21:31:21Z
cicids2017,network_security,member_1,e3,c3_C_threshold,0,0,1,none,0.0,0.0,0.15,LR,0,0,2026,5000,5000,750,0,0.15,0.1764705882352941,0.5858585858585859,"{""clf__base__C"": 86.64678862932995}",0.9618,0.953372549019608,0.8276670574443142,0.9413333333333334,0.8808484092326887,0.9893899204244032,0.9654117647058824,0.977253781112302,0.9290510951724952,0.8607336460840807,0.9867364705882352,0.868156585976743,0.953296530209674,1.1373333333333333,7.31,False,1f58d07,scikit-learn=1.9.1;imbalanced-learn=0.14.2;xgboost=3.4.1;lightgbm=4.7.0;numpy=2.5.3;pandas=3.0.6,2026-09-27T21:31:28Z
cicids2017,network_security,member_1,e3,c3_C_threshold,0,0,1,none,0.0,0.0,0.15,LR,0,1,2027,5000,5000,750,0,0.15,0.1764705882352941,0.6161616161616162,"{""clf__base__C"": 33.09421283700199}",0.9674,0.9572156862745098,0.8548972188633616,0.9426666666666668,0.8966391883322765,0.9896956625928588,0.971764705882353,0.980648225097946,0.9386437067151112,0.8788186546922767,0.987849725490196,0.8751121724749511,0.9571051123457816,1.102666666666667,26.5,False,1f58d07,scikit-learn=1.9.1;imbalanced-learn=0.14.2;xgboost=3.4.1;lightgbm=4.7.0;numpy=2.5.3;pandas=3.0.6,2026-09-27T21:31:55Z
cicids2017,network_security,member_1,e3,c3_C_threshold,0,0,1,none,0.0,0.0,0.15,LR,1,0,3026,5000,5000,750,0,0.15,0.1764705882352941,0.5757575757575758,"{""clf__base__C"": 95.41248660376695}",0.9666,0.961686274509804,0.8433451118963486,0.9546666666666668,0.8955597248280175,0.9918092026017828,0.9687058823529412,0.980121414117367,0.9378405694726922,0.8781563461040766,0.9883736470588236,0.8680113818792586,0.9616606551618272,1.132,5.94,False,1f58d07,scikit-learn=1.9.1;imbalanced-learn=0.14.2;xgboost=3.4.1;lightgbm=4.7.0;numpy=2.5.3;pandas=3.0.6,2026-09-27T21:32:01Z
cicids2017,network_security,member_1,e3,c3_C_threshold,0,0,1,none,0.0,0.0,0.15,LR,1,1,3027,5000,5000,750,0,0.15,0.1764705882352941,0.3232323232309801,"{""clf__base__C"": 2.427560843432097}",0.948,0.9639215686274508,0.7474747474747475,0.9866666666666668,0.8505747126436781,0.9975062344139652,0.9411764705882352,0.9685230024213076,0.9095488575324928,0.8313997182047035,0.979329568627451,0.8446322719619795,0.9636531798216575,1.32,4.41,False,1f58d07,scikit-learn=1.9.1;imbalanced-learn=0.14.2;xgboost=3.4.1;lightgbm=4.7.0;numpy=2.5.3;pandas=3.0.6,2026-09-27T21:32:05Z
cicids2017,network_security,member_1,e3,c3_C_threshold,0,0,1,none,0.0,0.0,0.15,LR,2,0,4026,5000,5000,750,0,0.15,0.1764705882352941,0.5858585858585859,"{""clf__base__C"": 2.963965176880303}",0.9472,0.9425882352941176,0.7647058823529411,0.936,0.841726618705036,0.9882410583047526,0.9491764705882352,0.9683149303888622,0.9050207745469492,0.8163889486461626,0.9776006274509804,0.8332867224736181,0.9425652107258088,1.2240000000000002,4.43,False,1f58d07,scikit-learn=1.9.1;imbalanced-learn=0.14.2;xgboost=3.4.1;lightgbm=4.7.0;numpy=2.5.3;pandas=3.0.6,2026-09-27T21:32:10Z
cicids2017,network_security,member_1,e3,c3_C_threshold,0,0,1,none,0.0,0.0,0.15,LR,2,1,4027,5000,5000,750,0,0.15,0.1764705882352941,0.595959595959596,"{""clf__base__C"": 80.93579062656904}",0.9654,0.9598823529411764,0.8390129259694477,0.952,0.8919425359150531,0.9913232104121475,0.967764705882353,0.9794023097987856,0.9356724228569192,0.8739072446561518,0.9893146666666668,0.894755332726259,0.9598499882794186,1.1346666666666667,5.72,False,1f58d07,scikit-learn=1.9.1;imbalanced-learn=0.14.2;xgboost=3.4.1;lightgbm=4.7.0;numpy=2.5.3;pandas=3.0.6,2026-09-27T21:32:16Z
cicids2017,network_security,member_1,e3,c3_C_threshold,0,0,1,none,0.0,0.0,0.15,LR,3,0,5026,5000,5000,750,0,0.15,0.1764705882352941,0.595959595959596,"{""clf__base__C"": 68.96511808116286}",0.9616,0.9538039215686274,0.8259345794392523,0.9426666666666668,0.8804483188044832,0.989623552123552,0.9649411764705882,0.9771265189421016,0.9287874188732924,0.8603528094571241,0.9872517647058824,0.8941065700078346,0.9537388963196064,1.1413333333333333,5.45,False,1f58d07,scikit-learn=1.9.1;imbalanced-learn=0.14.2;xgboost=3.4.1;lightgbm=4.7.0;numpy=2.5.3;pandas=3.0.6,2026-09-27T21:32:22Z
cicids2017,network_security,member_1,e3,c3_C_threshold,0,0,1,none,0.0,0.0,0.15,LR,3,1,5027,5000,5000,750,0,0.15,0.1764705882352941,0.6060606060606061,"{""clf__base__C"": 14.586511895863424}",0.9654,0.9571372549019608,0.8430439952437574,0.9453333333333334,0.8912633563796355,0.9901418610242848,0.9689411764705882,0.979426804614104,0.9353450804968696,0.8727889723839463,0.9871996862745096,0.8674186503695742,0.957064466040226,1.1213333333333333,4.96,False,1f58d07,scikit-learn=1.9.1;imbalanced-learn=0.14.2;xgboost=3.4.1;lightgbm=4.7.0;numpy=2.5.3;pandas=3.0.6,2026-09-27T21:32:27Z
cicids2017,network_security,member_1,e3,c3_C_threshold,0,0,1,none,0.0,0.0,0.15,LR,4,0,6026,5000,5000,750,0,0.15,0.1764705882352941,0.6363636363636365,"{""clf__base__C"": 73.66417088381552}",0.9668,0.9579607843137254,0.8501199040767387,0.9453333333333334,0.8952020202020202,0.9901584253480556,0.9705882352941176,0.9802756653992396,0.93773884280063,0.8772850423724387,0.9871567058823528,0.8532775963132826,0.9578775557265689,1.112,5.15,False,1f58d07,scikit-learn=1.9.1;imbalanced-learn=0.14.2;xgboost=3.4.1;lightgbm=4.7.0;numpy=2.5.3;pandas=3.0.6,2026-09-27T21:32:32Z
cicids2017,network_security,member_1,e3,c3_C_threshold,0,0,1,none,0.0,0.0,0.15,LR,4,1,6027,5000,5000,750,0,0.15,0.1764705882352941,0.5151515151515152,"{""clf__base__C"": 89.78839453758782}",0.9646,0.9753333333333334,0.8138006571741512,0.9906666666666668,0.8935658448586891,0.9982872522632736,0.96,0.9787693414897444,0.9361675931742168,0.8786494784071625,0.9886522352941176,0.9056529057744284,0.9752127972909296,1.2173333333333334,5.39,False,1f58d07,scikit-learn=1.9.1;imbalanced-learn=0.14.2;xgboost=3.4.1;lightgbm=4.7.0;numpy=2.5.3;pandas=3.0.6,2026-09-27T21:32:38Z
cicids2017,network_security,member_1,e3,c3_C_threshold,0,0,1,none,0.0,0.0,0.15,RF,0,0,2026,5000,5000,750,0,0.15,0.1764705882352941,0.5050505050505051,"{""clf__base__max_depth"": 16, ""clf__base__max_features"": ""sqrt"", ""clf__base__min_samples_leaf"": 1, ""clf__base__n_estimators"": 200}",0.9944,0.9956078431372548,0.96640826873385,0.9973333333333332,0.9816272965879264,0.9995267392333176,0.9938823529411764,0.9966965549787636,0.989161925783345,0.9784937055590854,0.998750274509804,0.9933243094669576,0.9956063479106588,1.032,11.64,False,1f58d07,scikit-learn=1.9.1;imbalanced-learn=0.14.2;xgboost=3.4.1;lightgbm=4.7.0;numpy=2.5.3;pandas=3.0.6,2026-09-27T21:32:49Z
cicids2017,network_security,member_1,e3,c3_C_threshold,0,0,1,none,0.0,0.0,0.15,RF,0,1,2027,5000,5000,750,0,0.15,0.1764705882352941,0.5151515151515152,"{""clf__base__max_depth"": 16, ""clf__base__max_features"": ""sqrt"", ""clf__base__min_samples_leaf"": 2, ""clf__base__n_estimators"": 200}",0.9962,0.993921568627451,0.9841059602649008,0.9906666666666668,0.987375415282392,0.9983510011778564,0.9971764705882352,0.9977633902295469,0.9925694027559694,0.9851463683176888,0.999542274509804,0.996360571497062,0.993916239024234,1.0066666666666666,6.53,False,1f58d07,scikit-learn=1.9.1;imbalanced-learn=0.14.2;xgboost=3.4.1;lightgbm=4.7.0;numpy=2.5.3;pandas=3.0.6,2026-09-27T21:32:56Z
cicids2017,network_security,member_1,e3,c3_C_threshold,0,0,1,none,0.0,0.0,0.15,RF,1,0,3026,5000,5000,750,0,0.15,0.1764705882352941,0.595959595959596,"{""clf__base__max_depth"": 16, ""clf__base__max_features"": ""sqrt"", ""clf__base__min_samples_leaf"": 2, ""clf__base__n_estimators"": 200}",0.9954,0.994,0.9776609724047306,0.992,0.984778292521509,0.9985845718329794,0.996,0.9972906113794322,0.9910344519504706,0.9821051866815782,0.9993639215686274,0.9943556057939024,0.993997987925529,1.0146666666666668,5.88,False,1f58d07,scikit-learn=1.9.1;imbalanced-learn=0.14.2;xgboost=3.4.1;lightgbm=4.7.0;numpy=2.5.3;pandas=3.0.6,2026-09-27T21:33:02Z
cicids2017,network_security,member_1,e3,c3_C_threshold,0,0,1,none,0.0,0.0,0.15,RF,1,1,3027,5000,5000,750,0,0.15,0.1764705882352941,0.4646464646464647,"{""clf__base__max_depth"": null, ""clf__base__max_features"": ""log2"", ""clf__base__min_samples_leaf"": 1, ""clf__base__n_estimators"": 200}",0.994,0.9909803921568628,0.9736842105263158,0.9866666666666668,0.9801324503311258,0.9976415094339622,0.9952941176470588,0.9964664310954064,0.988299440713266,0.9766287758387466,0.9988450196078432,0.9949400105227566,0.9909710033153164,1.0133333333333334,8.3,False,1f58d07,scikit-learn=1.9.1;imbalanced-learn=0.14.2;xgboost=3.4.1;lightgbm=4.7.0;numpy=2.5.3;pandas=3.0.6,2026-09-27T21:33:10Z
cicids2017,network_security,member_1,e3,c3_C_threshold,0,0,1,none,0.0,0.0,0.15,RF,2,0,4026,5000,5000,750,0,0.15,0.1764705882352941,0.595959595959596,"{""clf__base__max_depth"": null, ""clf__base__max_features"": ""sqrt"", ""clf__base__min_samples_leaf"": 2, ""clf__base__n_estimators"": 200}",0.9952,0.9900392156862744,0.9852941176470588,0.9826666666666668,0.9839786381842456,0.9969426152398873,0.9974117647058824,0.9971771347918136,0.9905778864880296,0.9811569886640646,0.9986864313725492,0.994432279604662,0.99001176463598,0.9973333333333334,9.44,False,1f58d07,scikit-learn=1.9.1;imbalanced-learn=0.14.2;xgboost=3.4.1;lightgbm=4.7.0;numpy=2.5.3;pandas=3.0.6,2026-09-27T21:33:20Z
cicids2017,network_security,member_1,e3,c3_C_threshold,0,0,1,none,0.0,0.0,0.15,RF,2,1,4027,5000,5000,750,0,0.15,0.1764705882352941,0.6161616161616162,"{""clf__base__max_depth"": 16, ""clf__base__max_features"": ""sqrt"", ""clf__base__min_samples_leaf"": 2, ""clf__base__n_estimators"": 400}",0.995,0.9866274509803922,0.9918588873812756,0.9746666666666668,0.9831876260928044,0.9955430448041286,0.9985882352941176,0.9970633149301068,0.9901254705114556,0.9803028974276238,0.9995959215686274,0.9965743759413797,0.9865549486301646,0.9826666666666668,15.7,False,1f58d07,scikit-learn=1.9.1;imbalanced-learn=0.14.2;xgboost=3.4.1;lightgbm=4.7.0;numpy=2.5.3;pandas=3.0.6,2026-09-27T21:33:36Z
cicids2017,network_security,member_1,e3,c3_C_threshold,0,0,1,none,0.0,0.0,0.15,RF,3,0,5026,5000,5000,750,0,0.15,0.1764705882352941,0.5151515151515152,"{""clf__base__max_depth"": 16, ""clf__base__max_features"": ""sqrt"", ""clf__base__min_samples_leaf"": 2, ""clf__base__n_estimators"": 200}",0.9954,0.9956470588235292,0.9739243807040416,0.996,0.984838497033619,0.9992912827781716,0.9952941176470588,0.9972886950371332,0.991063596035376,0.9822132978187056,0.999756862745098,0.9984623614472302,0.9956469962674876,1.0226666666666668,8.96,False,1f58d07,scikit-learn=1.9.1;imbalanced-learn=0.14.2;xgboost=3.4.1;lightgbm=4.7.0;numpy=2.5.3;pandas=3.0.6,2026-09-27T21:33:45Z
cicids2017,network_security,member_1,e3,c3_C_threshold,0,0,1,none,0.0,0.0,0.15,RF,3,1,5027,5000,5000,750,0,0.15,0.1764705882352941,0.6464646464646465,"{""clf__base__max_depth"": null, ""clf__base__max_features"": ""sqrt"", ""clf__base__min_samples_leaf"": 1, ""clf__base__n_estimators"": 200}",0.9944,0.9857254901960784,0.989159891598916,0.9733333333333334,0.9811827956989247,0.99530736743313,0.9981176470588236,0.9967105263157896,0.9889466610073572,0.9779374642330974,0.9990509803921568,0.9899525464349106,0.9856475924338212,0.984,8.17,False,1f58d07,scikit-learn=1.9.1;imbalanced-learn=0.14.2;xgboost=3.4.1;lightgbm=4.7.0;numpy=2.5.3;pandas=3.0.6,2026-09-27T21:33:53Z
cicids2017,network_security,member_1,e3,c3_C_threshold,0,0,1,none,0.0,0.0,0.15,RF,4,0,6026,5000,5000,750,0,0.15,0.1764705882352941,0.5050505050505051,"{""clf__base__max_depth"": null, ""clf__base__max_features"": ""sqrt"", ""clf__base__min_samples_leaf"": 2, ""clf__base__n_estimators"": 200}",0.9944,0.9967058823529412,0.9640102827763496,1.0,0.981675392670157,1.0,0.9934117647058824,0.9966949952785646,0.9891851939743608,0.9786006111828616,0.9995115294117648,0.9956413994877038,0.9967004388008878,1.0373333333333332,4.97,False,1f58d07,scikit-learn=1.9.1;imbalanced-learn=0.14.2;xgboost=3.4.1;lightgbm=4.7.0;numpy=2.5.3;pandas=3.0.6,2026-09-27T21:33:58Z
cicids2017,network_security,member_1,e3,c3_C_threshold,0,0,1,none,0.0,0.0,0.15,RF,4,1,6027,5000,5000,750,0,0.15,0.1764705882352941,0.5555555555555556,"{""clf__base__max_depth"": null, ""clf__base__max_features"": ""sqrt"", ""clf__base__min_samples_leaf"": 1, ""clf__base__n_estimators"": 200}",0.9966,0.9919607843137256,0.9919463087248322,0.9853333333333332,0.988628762541806,0.9974148061104584,0.9985882352941176,0.9980011757789536,0.9933149691603798,0.986637593064314,0.9994447058823528,0.9947601335870072,0.991938644528886,0.9933333333333332,4.68,False,1f58d07,scikit-learn=1.9.1;imbalanced-learn=0.14.2;xgboost=3.4.1;lightgbm=4.7.0;numpy=2.5.3;pandas=3.0.6,2026-09-27T21:34:03Z
cicids2017,network_security,member_1,e3,c3_C_threshold,0,0,1,none,0.0,0.0,0.15,XGB,0,0,2026,5000,5000,750,0,0.15,0.1764705882352941,0.4733608365058899,"{""clf__base__colsample_bytree"": 0.6009588691348985, ""clf__base__learning_rate"": 0.04742768608332035, ""clf__base__max_depth"": 4, ""clf__base__min_child_weight"": 3, ""clf__base__n_estimators"": 400, ""clf__base__reg_lambda"": 9.747606633400663, ""clf__base__subsample"": 0.785273015173192}",0.998,0.9971764705882352,0.9907161803713528,0.996,0.9933510638297872,0.9992934526613284,0.9983529411764706,0.9988229755178908,0.996087019673839,0.9921789104788938,0.9997223529411764,0.9980266499277042,0.9971757765869388,1.0053333333333334,4.44,False,1f58d07,scikit-learn=1.9.1;imbalanced-learn=0.14.2;xgboost=3.4.1;lightgbm=4.7.0;numpy=2.5.3;pandas=3.0.6,2026-09-27T21:34:07Z
cicids2017,network_security,member_1,e3,c3_C_threshold,0,0,1,none,0.0,0.0,0.15,XGB,0,1,2027,5000,5000,750,0,0.15,0.1764705882352941,0.5040353536605835,"{""clf__base__colsample_bytree"": 0.9367080900800241, ""clf__base__learning_rate"": 0.021966262532687294, ""clf__base__max_depth"": 8, ""clf__base__min_child_weight"": 3, ""clf__base__n_estimators"": 800, ""clf__base__reg_lambda"": 3.6644207629451695, ""clf__base__subsample"": 0.9110993697209724}",0.9984,0.9979607843137256,0.9920424403183024,0.9973333333333332,0.9946808510638298,0.9995289684408856,0.9985882352941176,0.9990583804143126,0.9968696157390712,0.9937441083184252,0.999912,0.9994682163759196,0.9979605870641052,1.0053333333333334,13.67,False,1f58d07,scikit-learn=1.9.1;imbalanced-learn=0.14.2;xgboost=3.4.1;lightgbm=4.7.0;numpy=2.5.3;pandas=3.0.6,2026-09-27T21:34:21Z
cicids2017,network_security,member_1,e3,c3_C_threshold,0,0,1,none,0.0,0.0,0.15,XGB,1,0,3026,5000,5000,750,0,0.15,0.1764705882352941,0.4544472098350525,"{""clf__base__colsample_bytree"": 0.6750002232167834, ""clf__base__learning_rate"": 0.055707861774863386, ""clf__base__max_depth"": 4, ""clf__base__min_child_weight"": 1, ""clf__base__n_estimators"": 800, ""clf__base__reg_lambda"": 0.08372426491886341, ""clf__base__subsample"": 0.7362258226856279}",0.9978,0.9987058823529412,0.985545335085414,1.0,0.9927200529450696,1.0,0.9974117647058824,0.9987042054423372,0.9957121291937032,0.9914607969381304,0.9995546666666666,0.996585546535516,0.9987050438972872,1.0146666666666668,11.33,False,1f58d07,scikit-learn=1.9.1;imbalanced-learn=0.14.2;xgboost=3.4.1;lightgbm=4.7.0;numpy=2.5.3;pandas=3.0.6,2026-09-27T21:34:33Z
cicids2017,network_security,member_1,e3,c3_C_threshold,0,0,1,none,0.0,0.0,0.15,XGB,1,1,3027,5000,5000,750,0,0.15,0.1764705882352941,0.5857793688774109,"{""clf__base__colsample_bytree"": 0.8513470081401819, ""clf__base__learning_rate"": 0.25382642172504044, ""clf__base__max_depth"": 4, ""clf__base__min_child_weight"": 1, ""clf__base__n_estimators"": 200, ""clf__base__reg_lambda"": 0.012756619257647156, ""clf__base__subsample"": 0.9023643959650978}",0.9976,0.9936470588235292,0.995967741935484,0.988,0.9919678714859438,0.9978853383458648,0.9992941176470588,0.9985892311309664,0.9952785513084552,0.9905681702776368,0.9999339607843136,0.999614906597902,0.9936310121143028,0.992,4.54,False,1f58d07,scikit-learn=1.9.1;imbalanced-learn=0.14.2;xgboost=3.4.1;lightgbm=4.7.0;numpy=2.5.3;pandas=3.0.6,2026-09-27T21:34:37Z
cicids2017,network_security,member_1,e3,c3_C_threshold,0,0,1,none,0.0,0.0,0.15,XGB,2,0,4026,5000,5000,750,0,0.15,0.1764705882352941,0.4847418069839477,"{""clf__base__colsample_bytree"": 0.659630670299126, ""clf__base__learning_rate"": 0.03834557874295529, ""clf__base__max_depth"": 4, ""clf__base__min_child_weight"": 1, ""clf__base__n_estimators"": 800, ""clf__base__reg_lambda"": 0.0752355555373566, ""clf__base__subsample"": 0.6669423150701586}",0.998,0.9971764705882352,0.9907161803713528,0.996,0.9933510638297872,0.9992934526613284,0.9983529411764706,0.9988229755178908,0.996087019673839,0.9921789104788938,0.9998469019607844,0.9989999591938769,0.9971757765869388,1.0053333333333334,7.47,False,1f58d07,scikit-learn=1.9.1;imbalanced-learn=0.14.2;xgboost=3.4.1;lightgbm=4.7.0;numpy=2.5.3;pandas=3.0.6,2026-09-27T21:34:45Z
cicids2017,network_security,member_1,e3,c3_C_threshold,0,0,1,none,0.0,0.0,0.15,XGB,2,1,4027,5000,5000,750,0,0.15,0.1764705882352941,0.3838124871253967,"{""clf__base__colsample_bytree"": 0.6559882439510808, ""clf__base__learning_rate"": 0.08120637239751023, ""clf__base__max_depth"": 4, ""clf__base__min_child_weight"": 1, ""clf__base__n_estimators"": 800, ""clf__base__reg_lambda"": 0.12873875292508413, ""clf__base__subsample"": 0.9865367520977653}",0.9982,0.997843137254902,0.990728476821192,0.9973333333333332,0.9940199335548172,0.9995288574793876,0.9983529411764706,0.9989405532666276,0.9964802434107224,0.9929680941479204,0.9997552941176472,0.998203897213191,0.997843007023984,1.0066666666666666,6.69,False,1f58d07,scikit-learn=1.9.1;imbalanced-learn=0.14.2;xgboost=3.4.1;lightgbm=4.7.0;numpy=2.5.3;pandas=3.0.6,2026-09-27T21:34:52Z
cicids2017,network_security,member_1,e3,c3_C_threshold,0,0,1,none,0.0,0.0,0.15,XGB,3,0,5026,5000,5000,750,0,0.15,0.1764705882352941,0.464353084564209,"{""clf__base__colsample_bytree"": 0.7542890799948759, ""clf__base__learning_rate"": 0.19191750289230153, ""clf__base__max_depth"": 8, ""clf__base__min_child_weight"": 3, ""clf__base__n_estimators"": 400, ""clf__base__reg_lambda"": 0.7269417058364168, ""clf__base__subsample"": 0.9589918836811703}",0.9982,0.9983921568627452,0.9894319682959049,0.9986666666666668,0.9940278699402788,0.9997643176997408,0.9981176470588236,0.9989403037795832,0.996484086859931,0.992983051756662,0.9999269019607844,0.9995634603062556,0.9983921191242506,1.0093333333333334,6.16,False,1f58d07,scikit-learn=1.9.1;imbalanced-learn=0.14.2;xgboost=3.4.1;lightgbm=4.7.0;numpy=2.5.3;pandas=3.0.6,2026-09-27T21:34:58Z
cicids2017,network_security,member_1,e3,c3_C_threshold,0,0,1,none,0.0,0.0,0.15,XGB,3,1,5027,5000,5000,750,0,0.15,0.1764705882352941,0.4539328217506408,"{""clf__base__colsample_bytree"": 0.8634559321903776, ""clf__base__learning_rate"": 0.16823585588908077, ""clf__base__max_depth"": 3, ""clf__base__min_child_weight"": 3, ""clf__base__n_estimators"": 200, ""clf__base__reg_lambda"": 0.037719245495274424, ""clf__base__subsample"": 0.7664752431509683}",0.998,0.996078431372549,0.9933333333333332,0.9933333333333332,0.9933333333333332,0.9988235294117648,0.9988235294117648,0.9988235294117648,0.996078431372549,0.992156862745098,0.9994610196078432,0.9951201486125748,0.9960746487499584,1.0,5.52,False,1f58d07,scikit-learn=1.9.1;imbalanced-learn=0.14.2;xgboost=3.4.1;lightgbm=4.7.0;numpy=2.5.3;pandas=3.0.6,2026-09-27T21:35:04Z
cicids2017,network_security,member_1,e3,c3_C_threshold,0,0,1,none,0.0,0.0,0.15,XGB,4,0,6026,5000,5000,750,0,0.15,0.1764705882352941,0.453945904970169,"{""clf__base__colsample_bytree"": 0.6019883151666798, ""clf__base__learning_rate"": 0.05495868370296514, ""clf__base__max_depth"": 3, ""clf__base__min_child_weight"": 1, ""clf__base__n_estimators"": 200, ""clf__base__reg_lambda"": 0.012258452796480747, ""clf__base__subsample"": 0.8499805869873966}",0.9978,0.9970588235294118,0.9894039735099338,0.996,0.9926910299003322,0.9992932862190812,0.9981176470588236,0.9987051206592114,0.9956980752797716,0.9914037489818742,0.9998059607843136,0.9987024980549168,0.9970582613220696,1.0066666666666666,7.47,False,1f58d07,scikit-learn=1.9.1;imbalanced-learn=0.14.2;xgboost=3.4.1;lightgbm=4.7.0;numpy=2.5.3;pandas=3.0.6,2026-09-27T21:35:11Z
cicids2017,network_security,member_1,e3,c3_C_threshold,0,0,1,none,0.0,0.0,0.15,XGB,4,1,6027,5000,5000,750,0,0.15,0.1764705882352941,0.585266649723053,"{""clf__base__colsample_bytree"": 0.7400831131827571, ""clf__base__learning_rate"": 0.021664971667522914, ""clf__base__max_depth"": 8, ""clf__base__min_child_weight"": 1, ""clf__base__n_estimators"": 400, ""clf__base__reg_lambda"": 0.0421316488972222, ""clf__base__subsample"": 0.6098935341153626}",0.9982,0.9961960784313726,0.9946595460614152,0.9933333333333332,0.9939959973315544,0.9988238061632556,0.9990588235294118,0.9989413010234092,0.9964686491774816,0.9929376046466724,0.999801725490196,0.9986805663338464,0.9961919651214564,0.9986666666666666,15.13,False,1f58d07,scikit-learn=1.9.1;imbalanced-learn=0.14.2;xgboost=3.4.1;lightgbm=4.7.0;numpy=2.5.3;pandas=3.0.6,2026-09-27T21:35:27Z
cicids2017,network_security,member_1,e3,c5_AC_smotetomek_threshold,1,0,1,none,0.0,1.0,0.15,LR,0,0,2026,5000,5000,750,0,0.5,1.0,0.8282828282828284,"{""clf__base__C"": 86.64678862932995}",0.969,0.9768235294117646,0.8354002254791432,0.988,0.9053145998778253,0.9978118161925602,0.9656470588235294,0.981465981107258,0.9433902904925416,0.8913978982006677,0.9866396862745096,0.8570043842410608,0.97675958870013,1.1826666666666668,17.51,False,1f58d07,scikit-learn=1.9.1;imbalanced-learn=0.14.2;xgboost=3.4.1;lightgbm=4.7.0;numpy=2.5.3;pandas=3.0.6,2026-09-27T21:35:44Z
cicids2017,network_security,member_1,e3,c5_AC_smotetomek_threshold,1,0,1,none,0.0,1.0,0.15,LR,0,1,2027,5000,5000,750,0,0.5,1.0,0.8080808080808082,"{""clf__base__C"": 33.09421283700199}",0.9684,0.976470588235294,0.8325842696629213,0.988,0.903658536585366,0.9978102189781022,0.9649411764705882,0.9811004784688996,0.9423795075271326,0.8895600603333479,0.9878439215686275,0.8722322224170084,0.9764025206608908,1.1866666666666668,16.87,False,1f58d07,scikit-learn=1.9.1;imbalanced-learn=0.14.2;xgboost=3.4.1;lightgbm=4.7.0;numpy=2.5.3;pandas=3.0.6,2026-09-27T21:36:02Z
cicids2017,network_security,member_1,e3,c5_AC_smotetomek_threshold,1,0,1,none,0.0,1.0,0.15,LR,1,0,3026,5000,5000,750,0,0.5,1.0,0.8383838383838385,"{""clf__base__C"": 95.41248660376695}",0.9704,0.9792941176470588,0.8397291196388262,0.992,0.9095354523227384,0.9985415653864852,0.9665882352941176,0.9823051171688189,0.9459202847457786,0.8964130837159866,0.986976,0.8510358640078242,0.9792116877426272,1.1813333333333331,12.2,False,1f58d07,scikit-learn=1.9.1;imbalanced-learn=0.14.2;xgboost=3.4.1;lightgbm=4.7.0;numpy=2.5.3;pandas=3.0.6,2026-09-27T21:36:14Z
cicids2017,network_security,member_1,e3,c5_AC_smotetomek_threshold,1,0,1,none,0.0,1.0,0.15,LR,1,1,3027,5000,5000,750,0,0.5,1.0,0.7272727272727273,"{""clf__base__C"": 4.686201792798966}",0.9492,0.963529411764706,0.753061224489796,0.984,0.8531791907514451,0.9970149253731344,0.9430588235294116,0.9692865779927448,0.9112328843720948,0.8338853116882434,0.9836527058823528,0.8627268356647442,0.9633119340862236,1.3066666666666669,7.6,False,1f58d07,scikit-learn=1.9.1;imbalanced-learn=0.14.2;xgboost=3.4.1;lightgbm=4.7.0;numpy=2.5.3;pandas=3.0.6,2026-09-27T21:36:22Z
cicids2017,network_security,member_1,e3,c5_AC_smotetomek_threshold,1,0,1,none,0.0,1.0,0.15,LR,2,0,4026,5000,5000,750,0,0.5,1.0,0.8787878787878789,"{""clf__base__C"": 2.963965176880303}",0.9486,0.942313725490196,0.7717750826901875,0.9333333333333332,0.8449004224502112,0.987784021500122,0.9512941176470588,0.9691957329497782,0.9070480776999948,0.8197114334989013,0.976865568627451,0.8124859047330638,0.9422709322715636,1.2093333333333334,7.45,False,1f58d07,scikit-learn=1.9.1;imbalanced-learn=0.14.2;xgboost=3.4.1;lightgbm=4.7.0;numpy=2.5.3;pandas=3.0.6,2026-09-27T21:36:29Z
cicids2017,network_security,member_1,e3,c5_AC_smotetomek_threshold,1,0,1,none,0.0,1.0,0.15,LR,2,1,4027,5000,5000,750,0,0.5,1.0,0.8484848484848485,"{""clf__base__C"": 80.93579062656904}",0.9704,0.9765490196078432,0.843607305936073,0.9853333333333332,0.908979089790898,0.9973326867119302,0.967764705882353,0.9823262479101982,0.945652668850548,0.8952643509549933,0.9897824313725492,0.8930299157352362,0.9765095102094048,1.168,11.1,False,1f58d07,scikit-learn=1.9.1;imbalanced-learn=0.14.2;xgboost=3.4.1;lightgbm=4.7.0;numpy=2.5.3;pandas=3.0.6,2026-09-27T21:36:40Z
cicids2017,network_security,member_1,e3,c5_AC_smotetomek_threshold,1,0,1,none,0.0,1.0,0.15,LR,3,0,5026,5000,5000,750,0,0.5,1.0,0.787878787878788,"{""clf__base__C"": 5.661146596775842}",0.9516,0.9665882352941176,0.7607802874743327,0.988,0.8596287703016241,0.9977645305514158,0.9451764705882352,0.970758820686322,0.9151937954939732,0.8413418901185552,0.9796680784313724,0.836656084225238,0.9663510505717766,1.2986666666666666,15.03,False,1f58d07,scikit-learn=1.9.1;imbalanced-learn=0.14.2;xgboost=3.4.1;lightgbm=4.7.0;numpy=2.5.3;pandas=3.0.6,2026-09-27T21:36:56Z
cicids2017,network_security,member_1,e3,c5_AC_smotetomek_threshold,1,0,1,none,0.0,1.0,0.15,LR,3,1,5027,5000,5000,750,0,0.5,1.0,0.8787878787878789,"{""clf__base__C"": 14.115241548086104}",0.9644,0.9576470588235294,0.8364705882352941,0.948,0.88875,0.9906024096385542,0.9672941176470587,0.9788095238095238,0.933779761904762,0.8700661180730186,0.9870225882352942,0.8594998300692243,0.9575984667538956,1.1333333333333335,13.77,False,1f58d07,scikit-learn=1.9.1;imbalanced-learn=0.14.2;xgboost=3.4.1;lightgbm=4.7.0;numpy=2.5.3;pandas=3.0.6,2026-09-27T21:37:10Z
cicids2017,network_security,member_1,e3,c5_AC_smotetomek_threshold,1,0,1,none,0.0,1.0,0.15,LR,4,0,6026,5000,5000,750,0,0.5,1.0,0.7777777777777778,"{""clf__base__C"": 73.66417088381552}",0.9692,0.9774901960784314,0.8355855855855856,0.9893333333333332,0.905982905982906,0.9980544747081712,0.9656470588235294,0.9815833532647692,0.9437831296238376,0.8922499154928526,0.9871174901960784,0.8466551654793518,0.97741844853134,1.1840000000000002,14.73,False,1f58d07,scikit-learn=1.9.1;imbalanced-learn=0.14.2;xgboost=3.4.1;lightgbm=4.7.0;numpy=2.5.3;pandas=3.0.6,2026-09-27T21:37:25Z
cicids2017,network_security,member_1,e3,c5_AC_smotetomek_threshold,1,0,1,none,0.0,1.0,0.15,LR,4,1,6027,5000,5000,750,0,0.5,1.0,0.8484848484848485,"{""clf__base__C"": 89.78839453758782}",0.967,0.9772941176470588,0.8239202657807309,0.992,0.9001814882032668,0.9985355137905784,0.9625882352941176,0.9802324188331136,0.9402069535181904,0.8860624194877154,0.9890425098039216,0.9025124122800504,0.9771834676312144,1.2040000000000002,13.42,False,1f58d07,scikit-learn=1.9.1;imbalanced-learn=0.14.2;xgboost=3.4.1;lightgbm=4.7.0;numpy=2.5.3;pandas=3.0.6,2026-09-27T21:37:38Z
cicids2017,network_security,member_1,e3,c5_AC_smotetomek_threshold,1,0,1,none,0.0,1.0,0.15,RF,0,0,2026,5000,5000,750,0,0.5,1.0,0.7373737373737375,"{""clf__base__max_depth"": 16, ""clf__base__max_features"": ""sqrt"", ""clf__base__min_samples_leaf"": 1, ""clf__base__n_estimators"": 200}",0.9952,0.995529411764706,0.97265625,0.996,0.984189723320158,0.9992911153119092,0.9950588235294118,0.9971704786606932,0.9906801009904256,0.9814565769296836,0.998648,0.9916216364718744,0.99552930054082,1.024,25.68,False,1f58d07,scikit-learn=1.9.1;imbalanced-learn=0.14.2;xgboost=3.4.1;lightgbm=4.7.0;numpy=2.5.3;pandas=3.0.6,2026-09-27T21:38:04Z
cicids2017,network_security,member_1,e3,c5_AC_smotetomek_threshold,1,0,1,none,0.0,1.0,0.15,RF,0,1,2027,5000,5000,750,0,0.5,1.0,0.6060606060606061,"{""clf__base__max_depth"": 16, ""clf__base__max_features"": ""sqrt"", ""clf__base__min_samples_leaf"": 2, ""clf__base__n_estimators"": 200}",0.9954,0.994,0.9776609724047306,0.992,0.984778292521509,0.9985845718329794,0.996,0.9972906113794322,0.9910344519504706,0.9821051866815782,0.9995220392156862,0.9964248418713996,0.993997987925529,1.0146666666666668,31.37,False,1f58d07,scikit-learn=1.9.1;imbalanced-learn=0.14.2;xgboost=3.4.1;lightgbm=4.7.0;numpy=2.5.3;pandas=3.0.6,2026-09-27T21:38:36Z
cicids2017,network_security,member_1,e3,c5_AC_smotetomek_threshold,1,0,1,none,0.0,1.0,0.15,RF,1,0,3026,5000,5000,750,0,0.5,1.0,0.6767676767676768,"{""clf__base__max_depth"": 16, ""clf__base__max_features"": ""sqrt"", ""clf__base__min_samples_leaf"": 2, ""clf__base__n_estimators"": 400}",0.995,0.9959607843137256,0.9701686121919584,0.9973333333333332,0.9835634451019066,0.999527074958619,0.9945882352941176,0.9970515390965916,0.9903074920992492,0.9807456689120144,0.999345411764706,0.9943803274230604,0.9959598385477196,1.028,39.08,False,1f58d07,scikit-learn=1.9.1;imbalanced-learn=0.14.2;xgboost=3.4.1;lightgbm=4.7.0;numpy=2.5.3;pandas=3.0.6,2026-09-27T21:39:15Z
cicids2017,network_security,member_1,e3,c5_AC_smotetomek_threshold,1,0,1,none,0.0,1.0,0.15,RF,1,1,3027,5000,5000,750,0,0.5,1.0,0.4848484848484848,"{""clf__base__max_depth"": 16, ""clf__base__max_features"": ""log2"", ""clf__base__min_samples_leaf"": 1, ""clf__base__n_estimators"": 400}",0.9944,0.9950588235294118,0.9676165803108808,0.996,0.9816031537450722,0.9992904446546832,0.9941176470588236,0.996697334276952,0.989150244011012,0.97844351317976,0.9989076078431371,0.9966849596211884,0.995058378423391,1.0293333333333334,46.37,False,1f58d07,scikit-learn=1.9.1;imbalanced-learn=0.14.2;xgboost=3.4.1;lightgbm=4.7.0;numpy=2.5.3;pandas=3.0.6,2026-09-27T21:40:01Z
cicids2017,network_security,member_1,e3,c5_AC_smotetomek_threshold,1,0,1,none,0.0,1.0,0.15,RF,2,0,4026,5000,5000,750,0,0.5,1.0,0.5353535353535354,"{""clf__base__max_depth"": null, ""clf__base__max_features"": ""sqrt"", ""clf__base__min_samples_leaf"": 2, ""clf__base__n_estimators"": 200}",0.9944,0.9950588235294118,0.9676165803108808,0.996,0.9816031537450722,0.9992904446546832,0.9941176470588236,0.996697334276952,0.989150244011012,0.97844351317976,0.9986964705882354,0.9949609830285836,0.995058378423391,1.0293333333333334,31.76,False,1f58d07,scikit-learn=1.9.1;imbalanced-learn=0.14.2;xgboost=3.4.1;lightgbm=4.7.0;numpy=2.5.3;pandas=3.0.6,2026-09-27T21:40:33Z
cicids2017,network_security,member_1,e3,c5_AC_smotetomek_threshold,1,0,1,none,0.0,1.0,0.15,RF,2,1,4027,5000,5000,750,0,0.5,1.0,0.6262626262626263,"{""clf__base__max_depth"": 16, ""clf__base__max_features"": ""sqrt"", ""clf__base__min_samples_leaf"": 2, ""clf__base__n_estimators"": 200}",0.9972,0.9978039215686274,0.9829396325459318,0.9986666666666668,0.9907407407407408,0.9997640396413404,0.9969411764705882,0.9983506126295948,0.9945456766851676,0.9891347145406584,0.999646274509804,0.997067169948858,0.9978035485849044,1.016,19.08,False,1f58d07,scikit-learn=1.9.1;imbalanced-learn=0.14.2;xgboost=3.4.1;lightgbm=4.7.0;numpy=2.5.3;pandas=3.0.6,2026-09-27T21:40:53Z
cicids2017,network_security,member_1,e3,c5_AC_smotetomek_threshold,1,0,1,none,0.0,1.0,0.15,RF,3,0,5026,5000,5000,750,0,0.5,1.0,0.7272727272727273,"{""clf__base__max_depth"": 16, ""clf__base__max_features"": ""sqrt"", ""clf__base__min_samples_leaf"": 2, ""clf__base__n_estimators"": 200}",0.9948,0.9925490196078433,0.9763157894736842,0.9893333333333332,0.9827814569536424,0.9981132075471698,0.995764705882353,0.9969375736160188,0.9898595152848306,0.9797489955698608,0.999643137254902,0.9977500782999246,0.9925438104619234,1.0133333333333334,36.08,False,1f58d07,scikit-learn=1.9.1;imbalanced-learn=0.14.2;xgboost=3.4.1;lightgbm=4.7.0;numpy=2.5.3;pandas=3.0.6,2026-09-27T21:41:29Z
cicids2017,network_security,member_1,e3,c5_AC_smotetomek_threshold,1,0,1,none,0.0,1.0,0.15,RF,3,1,5027,5000,5000,750,0,0.5,1.0,0.6262626262626263,"{""clf__base__max_depth"": null, ""clf__base__max_features"": ""sqrt"", ""clf__base__min_samples_leaf"": 1, ""clf__base__n_estimators"": 200}",0.9958,0.9920392156862744,0.985352862849534,0.9866666666666668,0.9860093271152564,0.997646505060014,0.9974117647058824,0.9975291210730676,0.991769224094162,0.9835387516578262,0.998380705882353,0.9887579859684374,0.9920246676249894,1.0013333333333334,23.38,False,1f58d07,scikit-learn=1.9.1;imbalanced-learn=0.14.2;xgboost=3.4.1;lightgbm=4.7.0;numpy=2.5.3;pandas=3.0.6,2026-09-27T21:41:53Z
cicids2017,network_security,member_1,e3,c5_AC_smotetomek_threshold,1,0,1,none,0.0,1.0,0.15,RF,4,0,6026,5000,5000,750,0,0.5,1.0,0.6666666666666667,"{""clf__base__max_depth"": 16, ""clf__base__max_features"": ""sqrt"", ""clf__base__min_samples_leaf"": 2, ""clf__base__n_estimators"": 400}",0.9954,0.9972941176470588,0.9702457956015524,1.0,0.9848982271831912,1.0,0.9945882352941176,0.9972867759820692,0.9910925015826302,0.9823416175897696,0.9994869019607844,0.9959907473142768,0.9972904468078082,1.0306666666666666,51.45,False,1f58d07,scikit-learn=1.9.1;imbalanced-learn=0.14.2;xgboost=3.4.1;lightgbm=4.7.0;numpy=2.5.3;pandas=3.0.6,2026-09-27T21:42:44Z
cicids2017,network_security,member_1,e3,c5_AC_smotetomek_threshold,1,0,1,none,0.0,1.0,0.15,RF,4,1,6027,5000,5000,750,0,0.5,1.0,0.5656565656565657,"{""clf__base__max_depth"": null, ""clf__base__max_features"": ""sqrt"", ""clf__base__min_samples_leaf"": 1, ""clf__base__n_estimators"": 200}",0.9954,0.993450980392157,0.9789196310935442,0.9906666666666668,0.9847581179589132,0.9983494458854044,0.9962352941176472,0.997291249558356,0.9910246837586344,0.9820737081728644,0.9988136470588236,0.9938305104627628,0.9934470786303696,1.012,23.39,False,1f58d07,scikit-learn=1.9.1;imbalanced-learn=0.14.2;xgboost=3.4.1;lightgbm=4.7.0;numpy=2.5.3;pandas=3.0.6,2026-09-27T21:43:08Z
cicids2017,network_security,member_1,e3,c5_AC_smotetomek_threshold,1,0,1,none,0.0,1.0,0.15,XGB,0,0,2026,5000,5000,750,0,0.5,1.0,0.8282585740089417,"{""clf__base__colsample_bytree"": 0.8730309932691698, ""clf__base__learning_rate"": 0.199046962929904, ""clf__base__max_depth"": 8, ""clf__base__min_child_weight"": 3, ""clf__base__n_estimators"": 800, ""clf__base__reg_lambda"": 0.012097667712699732, ""clf__base__subsample"": 0.893015156710232}",0.9984,0.9979607843137256,0.9920424403183024,0.9973333333333332,0.9946808510638298,0.9995289684408856,0.9985882352941176,0.9990583804143126,0.9968696157390712,0.9937441083184252,0.9998083137254902,0.998784962425378,0.9979605870641052,1.0053333333333334,26.33,False,1f58d07,scikit-learn=1.9.1;imbalanced-learn=0.14.2;xgboost=3.4.1;lightgbm=4.7.0;numpy=2.5.3;pandas=3.0.6,2026-09-27T21:43:34Z
cicids2017,network_security,member_1,e3,c5_AC_smotetomek_threshold,1,0,1,none,0.0,1.0,0.15,XGB,0,1,2027,5000,5000,750,0,0.5,1.0,0.5243363380432129,"{""clf__base__colsample_bytree"": 0.9336243488325542, ""clf__base__learning_rate"": 0.02529671021412237, ""clf__base__max_depth"": 6, ""clf__base__min_child_weight"": 1, ""clf__base__n_estimators"": 200, ""clf__base__reg_lambda"": 0.010969279606290043, ""clf__base__subsample"": 0.7794315780052847}",0.9972,0.9983529411764708,0.981675392670157,1.0,0.9907529722589168,1.0,0.9967058823529412,0.9983502238981852,0.9945515980785512,0.9891620890609784,0.9997821176470588,0.9983434126021324,0.9983515825364034,1.0186666666666666,26.7,False,1f58d07,scikit-learn=1.9.1;imbalanced-learn=0.14.2;xgboost=3.4.1;lightgbm=4.7.0;numpy=2.5.3;pandas=3.0.6,2026-09-27T21:44:01Z
cicids2017,network_security,member_1,e3,c5_AC_smotetomek_threshold,1,0,1,none,0.0,1.0,0.15,XGB,1,0,3026,5000,5000,750,0,0.5,1.0,0.7272360324859619,"{""clf__base__colsample_bytree"": 0.9309234777238906, ""clf__base__learning_rate"": 0.04043516810958894, ""clf__base__max_depth"": 6, ""clf__base__min_child_weight"": 1, ""clf__base__n_estimators"": 800, ""clf__base__reg_lambda"": 0.07885568670293347, ""clf__base__subsample"": 0.6164565020946385}",0.9978,0.9987058823529412,0.985545335085414,1.0,0.9927200529450696,1.0,0.9974117647058824,0.9987042054423372,0.9957121291937032,0.9914607969381304,0.9996310588235292,0.9974364331774096,0.9987050438972872,1.0146666666666668,20.92,False,1f58d07,scikit-learn=1.9.1;imbalanced-learn=0.14.2;xgboost=3.4.1;lightgbm=4.7.0;numpy=2.5.3;pandas=3.0.6,2026-09-27T21:44:22Z
cicids2017,network_security,member_1,e3,c5_AC_smotetomek_threshold,1,0,1,none,0.0,1.0,0.15,XGB,1,1,3027,5000,5000,750,0,0.5,1.0,0.5049158334732056,"{""clf__base__colsample_bytree"": 0.7328262798016196, ""clf__base__learning_rate"": 0.05921003296229738, ""clf__base__max_depth"": 3, ""clf__base__min_child_weight"": 1, ""clf__base__n_estimators"": 200, ""clf__base__reg_lambda"": 0.018405914544812812, ""clf__base__subsample"": 0.6200696058918139}",0.9978,0.998156862745098,0.9868247694334652,0.9986666666666668,0.9927104042412194,0.9997642065550578,0.9976470588235294,0.998704510658344,0.9957074574497816,0.9914394273956844,0.99988768627451,0.9993153539735742,0.9981567325551124,1.012,10.53,False,1f58d07,scikit-learn=1.9.1;imbalanced-learn=0.14.2;xgboost=3.4.1;lightgbm=4.7.0;numpy=2.5.3;pandas=3.0.6,2026-09-27T21:44:33Z
cicids2017,network_security,member_1,e3,c5_AC_smotetomek_threshold,1,0,1,none,0.0,1.0,0.15,XGB,2,0,4026,5000,5000,750,0,0.5,1.0,0.5151318311691284,"{""clf__base__colsample_bytree"": 0.659630670299126, ""clf__base__learning_rate"": 0.03834557874295529, ""clf__base__max_depth"": 4, ""clf__base__min_child_weight"": 1, ""clf__base__n_estimators"": 800, ""clf__base__reg_lambda"": 0.0752355555373566, ""clf__base__subsample"": 0.6669423150701586}",0.9976,0.9974901960784314,0.9868073878627968,0.9973333333333332,0.9920424403183024,0.9995285242809996,0.9976470588235294,0.9985869053226566,0.9953146728204796,0.99064872314218,0.999817411764706,0.9987308858853696,0.9974901837445151,1.0106666666666668,31.12,False,1f58d07,scikit-learn=1.9.1;imbalanced-learn=0.14.2;xgboost=3.4.1;lightgbm=4.7.0;numpy=2.5.3;pandas=3.0.6,2026-09-27T21:45:04Z
cicids2017,network_security,member_1,e3,c5_AC_smotetomek_threshold,1,0,1,none,0.0,1.0,0.15,XGB,2,1,4027,5000,5000,750,0,0.5,1.0,0.6666523218154907,"{""clf__base__colsample_bytree"": 0.7962534959268627, ""clf__base__learning_rate"": 0.14932277327771687, ""clf__base__max_depth"": 3, ""clf__base__min_child_weight"": 1, ""clf__base__n_estimators"": 200, ""clf__base__reg_lambda"": 0.019567811559382847, ""clf__base__subsample"": 0.9688357828106124}",0.9986,0.9991764705882352,0.9907529722589168,1.0,0.99535500995355,1.0,0.9983529411764706,0.9991757918285648,0.9972654008910574,0.994545697207534,0.99984,0.998908177319966,0.9991761312083424,1.0093333333333334,13.3,False,1f58d07,scikit-learn=1.9.1;imbalanced-learn=0.14.2;xgboost=3.4.1;lightgbm=4.7.0;numpy=2.5.3;pandas=3.0.6,2026-09-27T21:45:18Z
cicids2017,network_security,member_1,e3,c5_AC_smotetomek_threshold,1,0,1,none,0.0,1.0,0.15,XGB,3,0,5026,5000,5000,750,0,0.5,1.0,0.7171198725700378,"{""clf__base__colsample_bytree"": 0.7542890799948759, ""clf__base__learning_rate"": 0.19191750289230153, ""clf__base__max_depth"": 8, ""clf__base__min_child_weight"": 3, ""clf__base__n_estimators"": 400, ""clf__base__reg_lambda"": 0.7269417058364168, ""clf__base__subsample"": 0.9589918836811703}",0.9978,0.998156862745098,0.9868247694334652,0.9986666666666668,0.9927104042412194,0.9997642065550578,0.9976470588235294,0.998704510658344,0.9957074574497816,0.9914394273956844,0.9999013333333332,0.9994147271803756,0.9981567325551124,1.012,9.98,False,1f58d07,scikit-learn=1.9.1;imbalanced-learn=0.14.2;xgboost=3.4.1;lightgbm=4.7.0;numpy=2.5.3;pandas=3.0.6,2026-09-27T21:45:28Z
cicids2017,network_security,member_1,e3,c5_AC_smotetomek_threshold,1,0,1,none,0.0,1.0,0.15,XGB,3,1,5027,5000,5000,750,0,0.5,1.0,0.6968874931335449,"{""clf__base__colsample_bytree"": 0.7358923256366228, ""clf__base__learning_rate"": 0.2906786222275891, ""clf__base__max_depth"": 8, ""clf__base__min_child_weight"": 3, ""clf__base__n_estimators"": 200, ""clf__base__reg_lambda"": 4.014777801848153, ""clf__base__subsample"": 0.8554556299308018}",0.9982,0.9972941176470588,0.9920318725099602,0.996,0.994011976047904,0.9992936190251942,0.9985882352941176,0.9989408026362244,0.9964763893420644,0.992955523287938,0.9995190588235294,0.9956168980274566,0.99729327800449,1.0040000000000002,5.34,False,1f58d07,scikit-learn=1.9.1;imbalanced-learn=0.14.2;xgboost=3.4.1;lightgbm=4.7.0;numpy=2.5.3;pandas=3.0.6,2026-09-27T21:45:33Z
cicids2017,network_security,member_1,e3,c5_AC_smotetomek_threshold,1,0,1,none,0.0,1.0,0.15,XGB,4,0,6026,5000,5000,750,0,0.5,1.0,0.7877680659294128,"{""clf__base__colsample_bytree"": 0.6430964645008799, ""clf__base__learning_rate"": 0.11900147712804574, ""clf__base__max_depth"": 6, ""clf__base__min_child_weight"": 3, ""clf__base__n_estimators"": 800, ""clf__base__reg_lambda"": 5.320668227960565, ""clf__base__subsample"": 0.8406463455818014}",0.997,0.9971372549019608,0.9829172141918529,0.9973333333333332,0.9900727994705492,0.9995281906109932,0.9969411764705882,0.9982330074213688,0.9941529034459592,0.9883422601859464,0.9998123921568628,0.9988248659141948,0.9971372356233952,1.0146666666666668,22.26,False,1f58d07,scikit-learn=1.9.1;imbalanced-learn=0.14.2;xgboost=3.4.1;lightgbm=4.7.0;numpy=2.5.3;pandas=3.0.6,2026-09-27T21:45:55Z
cicids2017,network_security,member_1,e3,c5_AC_smotetomek_threshold,1,0,1,none,0.0,1.0,0.15,XGB,4,1,6027,5000,5000,750,0,0.5,1.0,0.7069134712219238,"{""clf__base__colsample_bytree"": 0.7400831131827571, ""clf__base__learning_rate"": 0.021664971667522914, ""clf__base__max_depth"": 8, ""clf__base__min_child_weight"": 1, ""clf__base__n_estimators"": 400, ""clf__base__reg_lambda"": 0.0421316488972222, ""clf__base__subsample"": 0.6098935341153626}",0.9976,0.9947450980392156,0.9933155080213903,0.9906666666666668,0.9919893190921228,0.9983537158984008,0.9988235294117648,0.9985885673959068,0.9952889432440148,0.990579110834334,0.999824,0.998851175001186,0.994736737268001,0.9973333333333334,26.92,False,1f58d07,scikit-learn=1.9.1;imbalanced-learn=0.14.2;xgboost=3.4.1;lightgbm=4.7.0;numpy=2.5.3;pandas=3.0.6,2026-09-27T21:46:23Z
cicids2017,network_security,member_1,e3,c6_BC_weights_threshold,0,1,1,orig,1.0,0.0,0.15,LR,0,0,2026,5000,5000,750,0,0.15,1.0,0.8787878787878789,"{""clf__base__C"": 76.41478416943613}",0.9506,0.9478823529411764,0.7754654983570646,0.944,0.8514732411304871,0.9897235135796428,0.951764705882353,0.9703730358642196,0.9109231384973534,0.8279065830284796,0.9833909019607844,0.8378555513122605,0.9478744022036576,1.2173333333333334,4.04,False,1f58d07,scikit-learn=1.9.1;imbalanced-learn=0.14.2;xgboost=3.4.1;lightgbm=4.7.0;numpy=2.5.3;pandas=3.0.6,2026-09-27T21:46:27Z
cicids2017,network_security,member_1,e3,c6_BC_weights_threshold,0,1,1,orig,1.0,0.0,0.15,LR,0,1,2027,5000,5000,750,0,0.15,1.0,0.8282828282828284,"{""clf__base__C"": 20.397711403252764}",0.9664,0.9703529411764706,0.8299319727891157,0.976,0.8970588235294118,0.9956289460903353,0.9647058823529412,0.979923518164436,0.938491170846924,0.8812547943872979,0.9878316862745096,0.8729182339744931,0.9703365092463906,1.1760000000000002,2.87,False,1f58d07,scikit-learn=1.9.1;imbalanced-learn=0.14.2;xgboost=3.4.1;lightgbm=4.7.0;numpy=2.5.3;pandas=3.0.6,2026-09-27T21:46:30Z
cicids2017,network_security,member_1,e3,c6_BC_weights_threshold,0,1,1,orig,1.0,0.0,0.15,LR,1,0,3026,5000,5000,750,0,0.15,1.0,0.8282828282828284,"{""clf__base__C"": 8.942052164025482}",0.9534,0.969843137254902,0.7656731757451182,0.9933333333333332,0.8647707486941382,0.998758380928731,0.9463529411764706,0.9718497039990336,0.918310226346586,0.8475410560017606,0.9775370980392156,0.8005133692354002,0.9695586220382074,1.2973333333333334,1.91,False,1f58d07,scikit-learn=1.9.1;imbalanced-learn=0.14.2;xgboost=3.4.1;lightgbm=4.7.0;numpy=2.5.3;pandas=3.0.6,2026-09-27T21:46:32Z
cicids2017,network_security,member_1,e3,c6_BC_weights_threshold,0,1,1,orig,1.0,0.0,0.15,LR,1,1,3027,5000,5000,750,0,0.15,1.0,0.737373737373675,"{""clf__base__C"": 2.427560843432097}",0.9508,0.9655686274509804,0.7581967213114754,0.9866666666666668,0.8574739281575898,0.9975149105367792,0.9444705882352942,0.9702683103698332,0.9138711192637116,0.8388511515022585,0.9782920784313726,0.817334004609207,0.9653380998690684,1.3013333333333337,1.41,False,1f58d07,scikit-learn=1.9.1;imbalanced-learn=0.14.2;xgboost=3.4.1;lightgbm=4.7.0;numpy=2.5.3;pandas=3.0.6,2026-09-27T21:46:33Z
cicids2017,network_security,member_1,e3,c6_BC_weights_threshold,0,1,1,orig,1.0,0.0,0.15,LR,2,0,4026,5000,5000,750,0,0.15,1.0,0.8787878787878789,"{""clf__base__C"": 2.963965176880303}",0.9492,0.9432156862745098,0.7737306843267108,0.9346666666666666,0.8466183574879227,0.9880312652662432,0.951764705882353,0.9695589645254076,0.9080886610066652,0.8217357790271149,0.976796862745098,0.8120863206514928,0.943176942624256,1.208,1.41,False,1f58d07,scikit-learn=1.9.1;imbalanced-learn=0.14.2;xgboost=3.4.1;lightgbm=4.7.0;numpy=2.5.3;pandas=3.0.6,2026-09-27T21:46:35Z
cicids2017,network_security,member_1,e3,c6_BC_weights_threshold,0,1,1,orig,1.0,0.0,0.15,LR,2,1,4027,5000,5000,750,0,0.15,1.0,0.8383838383838385,"{""clf__base__C"": 80.93579062656904}",0.968,0.975686274509804,0.8314606741573034,0.9866666666666668,0.902439024390244,0.9975669099756692,0.9647058823529412,0.9808612440191388,0.9416501342046912,0.8880957639377375,0.9893658039215686,0.887358434745255,0.975624485780724,1.1866666666666668,1.78,False,1f58d07,scikit-learn=1.9.1;imbalanced-learn=0.14.2;xgboost=3.4.1;lightgbm=4.7.0;numpy=2.5.3;pandas=3.0.6,2026-09-27T21:46:37Z
cicids2017,network_security,member_1,e3,c6_BC_weights_threshold,0,1,1,orig,1.0,0.0,0.15,LR,3,0,5026,5000,5000,750,0,0.15,1.0,0.787878787878788,"{""clf__base__C"": 5.661146596775842}",0.95,0.9656470588235294,0.754582484725051,0.988,0.8556581986143187,0.9977600796416128,0.9432941176470588,0.9697629414610548,0.9127105700376869,0.8370497026163845,0.9762425098039216,0.8073068365608926,0.9653883095600932,1.3093333333333332,1.48,False,1f58d07,scikit-learn=1.9.1;imbalanced-learn=0.14.2;xgboost=3.4.1;lightgbm=4.7.0;numpy=2.5.3;pandas=3.0.6,2026-09-27T21:46:38Z
cicids2017,network_security,member_1,e3,c6_BC_weights_threshold,0,1,1,orig,1.0,0.0,0.15,LR,3,1,5027,5000,5000,750,0,0.15,1.0,0.7474747474747475,"{""clf__base__C"": 12.776241362116359}",0.9522,0.969686274509804,0.7604485219164119,0.9946666666666668,0.8619295205083767,0.9990047275441652,0.9447058823529412,0.9710968678195672,0.916513194163972,0.8446357409007781,0.983710901960784,0.8469696677178503,0.9693644572504152,1.308,1.42,False,1f58d07,scikit-learn=1.9.1;imbalanced-learn=0.14.2;xgboost=3.4.1;lightgbm=4.7.0;numpy=2.5.3;pandas=3.0.6,2026-09-27T21:46:40Z
cicids2017,network_security,member_1,e3,c6_BC_weights_threshold,0,1,1,orig,1.0,0.0,0.15,LR,4,0,6026,5000,5000,750,0,0.15,1.0,0.797979797979798,"{""clf__base__C"": 73.66417088381552}",0.9658,0.9743921568627452,0.8213096559378469,0.9866666666666668,0.8964264082374318,0.9975603805806296,0.9621176470588236,0.9795185052102048,0.9379724567238183,0.8814369209583575,0.9852442352941176,0.8354583643112371,0.974314842217189,1.2013333333333334,1.72,False,1f58d07,scikit-learn=1.9.1;imbalanced-learn=0.14.2;xgboost=3.4.1;lightgbm=4.7.0;numpy=2.5.3;pandas=3.0.6,2026-09-27T21:46:42Z
cicids2017,network_security,member_1,e3,c6_BC_weights_threshold,0,1,1,orig,1.0,0.0,0.15,LR,4,1,6027,5000,5000,750,0,0.15,1.0,0.8282828282828284,"{""clf__base__C"": 27.845724467332477}",0.9516,0.9682352941176472,0.7591836734693878,0.992,0.8601156069364162,0.9985074626865672,0.9444705882352942,0.9707376058041112,0.9154266063702636,0.8423511524160429,0.9848881568627452,0.8936861000095367,0.9679436055522096,1.3066666666666669,2.69,False,1f58d07,scikit-learn=1.9.1;imbalanced-learn=0.14.2;xgboost=3.4.1;lightgbm=4.7.0;numpy=2.5.3;pandas=3.0.6,2026-09-27T21:46:44Z
cicids2017,network_security,member_1,e3,c6_BC_weights_threshold,0,1,1,orig,1.0,0.0,0.15,RF,0,0,2026,5000,5000,750,0,0.15,1.0,0.6060606060606061,"{""clf__base__max_depth"": 16, ""clf__base__max_features"": ""sqrt"", ""clf__base__min_samples_leaf"": 1, ""clf__base__n_estimators"": 400}",0.9956,0.9968627450980392,0.9727272727272728,0.9986666666666668,0.9855263157894736,0.9997635933806148,0.9950588235294118,0.9974056603773584,0.991465988083416,0.9830508443790024,0.9987562352941176,0.9945887928326546,0.9968611129096032,1.0266666666666666,21.56,False,1f58d07,scikit-learn=1.9.1;imbalanced-learn=0.14.2;xgboost=3.4.1;lightgbm=4.7.0;numpy=2.5.3;pandas=3.0.6,2026-09-27T21:47:06Z
cicids2017,network_security,member_1,e3,c6_BC_weights_threshold,0,1,1,orig,1.0,0.0,0.15,RF,0,1,2027,5000,5000,750,0,0.15,1.0,0.6363636363636365,"{""clf__base__max_depth"": 16, ""clf__base__max_features"": ""sqrt"", ""clf__base__min_samples_leaf"": 2, ""clf__base__n_estimators"": 200}",0.9966,0.9969019607843136,0.980340760157274,0.9973333333333332,0.9887640449438202,0.9995279679018172,0.996470588235294,0.997996936491104,0.9933804907174622,0.9868117270115854,0.9995576470588236,0.9962098043790968,0.9969018674540304,1.0173333333333334,12.54,False,1f58d07,scikit-learn=1.9.1;imbalanced-learn=0.14.2;xgboost=3.4.1;lightgbm=4.7.0;numpy=2.5.3;pandas=3.0.6,2026-09-27T21:47:19Z
cicids2017,network_security,member_1,e3,c6_BC_weights_threshold,0,1,1,orig,1.0,0.0,0.15,RF,1,0,3026,5000,5000,750,0,0.15,1.0,0.686868686868687,"{""clf__base__max_depth"": null, ""clf__base__max_features"": ""log2"", ""clf__base__min_samples_leaf"": 1, ""clf__base__n_estimators"": 400}",0.9946,0.994078431372549,0.971316818774446,0.9933333333333332,0.982201713909031,0.9988188046302858,0.9948235294117648,0.9968171637392432,0.9895094388241372,0.9791047819620122,0.9992155294117648,0.9910741042564386,0.9940781521334324,1.0226666666666668,9.55,False,1f58d07,scikit-learn=1.9.1;imbalanced-learn=0.14.2;xgboost=3.4.1;lightgbm=4.7.0;numpy=2.5.3;pandas=3.0.6,2026-09-27T21:47:28Z
cicids2017,network_security,member_1,e3,c6_BC_weights_threshold,0,1,1,orig,1.0,0.0,0.15,RF,1,1,3027,5000,5000,750,0,0.15,1.0,0.6464646464646465,"{""clf__base__max_depth"": 16, ""clf__base__max_features"": ""log2"", ""clf__base__min_samples_leaf"": 1, ""clf__base__n_estimators"": 400}",0.9958,0.9931372549019608,0.9827814569536424,0.9893333333333332,0.986046511627907,0.99811542991755,0.9969411764705882,0.9975279576221306,0.9917872346250188,0.9835820231516424,0.999486588235294,0.9969325858885668,0.9931299699711524,1.0066666666666666,15.0,False,1f58d07,scikit-learn=1.9.1;imbalanced-learn=0.14.2;xgboost=3.4.1;lightgbm=4.7.0;numpy=2.5.3;pandas=3.0.6,2026-09-27T21:47:44Z
cicids2017,network_security,member_1,e3,c6_BC_weights_threshold,0,1,1,orig,1.0,0.0,0.15,RF,2,0,4026,5000,5000,750,0,0.15,1.0,0.686868686868687,"{""clf__base__max_depth"": null, ""clf__base__max_features"": ""sqrt"", ""clf__base__min_samples_leaf"": 1, ""clf__base__n_estimators"": 200}",0.995,0.990470588235294,0.9826897470039948,0.984,0.983344437041972,0.997175806072017,0.9969411764705882,0.9970584774679374,0.9902014572549548,0.98040321726185,0.9986081568627452,0.991650510623419,0.9904494523432577,1.0013333333333334,11.89,False,1f58d07,scikit-learn=1.9.1;imbalanced-learn=0.14.2;xgboost=3.4.1;lightgbm=4.7.0;numpy=2.5.3;pandas=3.0.6,2026-09-27T21:47:56Z
cicids2017,network_security,member_1,e3,c6_BC_weights_threshold,0,1,1,orig,1.0,0.0,0.15,RF,2,1,4027,5000,5000,750,0,0.15,1.0,0.7272727272727273,"{""clf__base__max_depth"": null, ""clf__base__max_features"": ""log2"", ""clf__base__min_samples_leaf"": 1, ""clf__base__n_estimators"": 200}",0.9962,0.9922745098039216,0.9879839786381842,0.9866666666666668,0.9873248832555036,0.9976476123265114,0.9978823529411764,0.9977649688271968,0.9925449260413504,0.9850901565739096,0.9996677647058824,0.9970834601338224,0.9922586633040604,0.9986666666666666,4.65,False,1f58d07,scikit-learn=1.9.1;imbalanced-learn=0.14.2;xgboost=3.4.1;lightgbm=4.7.0;numpy=2.5.3;pandas=3.0.6,2026-09-27T21:48:00Z
cicids2017,network_security,member_1,e3,c6_BC_weights_threshold,0,1,1,orig,1.0,0.0,0.15,RF,3,0,5026,5000,5000,750,0,0.15,1.0,0.7676767676767677,"{""clf__base__max_depth"": 16, ""clf__base__max_features"": ""sqrt"", ""clf__base__min_samples_leaf"": 2, ""clf__base__n_estimators"": 200}",0.995,0.9932156862745098,0.97634691195795,0.9906666666666668,0.9834546657842488,0.998348667138476,0.995764705882353,0.997055012368948,0.9902548390765984,0.980545918305486,0.9997499607843136,0.9983758007280245,0.9932124153275492,1.0146666666666668,9.13,False,1f58d07,scikit-learn=1.9.1;imbalanced-learn=0.14.2;xgboost=3.4.1;lightgbm=4.7.0;numpy=2.5.3;pandas=3.0.6,2026-09-27T21:48:10Z
cicids2017,network_security,member_1,e3,c6_BC_weights_threshold,0,1,1,orig,1.0,0.0,0.15,RF,3,1,5027,5000,5000,750,0,0.15,1.0,0.6666666666666667,"{""clf__base__max_depth"": null, ""clf__base__max_features"": ""sqrt"", ""clf__base__min_samples_leaf"": 1, ""clf__base__n_estimators"": 400}",0.9956,0.9913725490196078,0.9853333333333332,0.9853333333333332,0.9853333333333332,0.9974117647058824,0.9974117647058824,0.9974117647058824,0.9913725490196078,0.9827450980392156,0.998478431372549,0.9901224952306216,0.9913541540859802,1.0,20.57,False,1f58d07,scikit-learn=1.9.1;imbalanced-learn=0.14.2;xgboost=3.4.1;lightgbm=4.7.0;numpy=2.5.3;pandas=3.0.6,2026-09-27T21:48:30Z
cicids2017,network_security,member_1,e3,c6_BC_weights_threshold,0,1,1,orig,1.0,0.0,0.15,RF,4,0,6026,5000,5000,750,0,0.15,1.0,0.7777777777777778,"{""clf__base__max_depth"": 16, ""clf__base__max_features"": ""sqrt"", ""clf__base__min_samples_leaf"": 2, ""clf__base__n_estimators"": 400}",0.9952,0.996078431372549,0.9714285714285714,0.9973333333333332,0.9842105263157894,0.9995271867612292,0.9948235294117648,0.9971698113207548,0.990690168818272,0.981499067197662,0.9995490196078431,0.9961480237971094,0.9960776408828113,1.0266666666666666,15.07,False,1f58d07,scikit-learn=1.9.1;imbalanced-learn=0.14.2;xgboost=3.4.1;lightgbm=4.7.0;numpy=2.5.3;pandas=3.0.6,2026-09-27T21:48:46Z
cicids2017,network_security,member_1,e3,c6_BC_weights_threshold,0,1,1,orig,1.0,0.0,0.15,RF,4,1,6027,5000,5000,750,0,0.15,1.0,0.5858585858585859,"{""clf__base__max_depth"": null, ""clf__base__max_features"": ""sqrt"", ""clf__base__min_samples_leaf"": 1, ""clf__base__n_estimators"": 200}",0.9964,0.9945882352941176,0.984126984126984,0.992,0.9880478087649402,0.9985862393967956,0.9971764705882352,0.9978808570755828,0.9929643329202616,0.9859395509084924,0.9988101960784314,0.9935610457009356,0.9945848675822136,1.008,14.24,False,1f58d07,scikit-learn=1.9.1;imbalanced-learn=0.14.2;xgboost=3.4.1;lightgbm=4.7.0;numpy=2.5.3;pandas=3.0.6,2026-09-27T21:49:00Z
cicids2017,network_security,member_1,e3,c6_BC_weights_threshold,0,1,1,orig,1.0,0.0,0.15,XGB,0,0,2026,5000,5000,750,0,0.15,1.0,0.8076362013816833,"{""clf__base__colsample_bytree"": 0.7454858521062648, ""clf__base__learning_rate"": 0.10613301204677336, ""clf__base__max_depth"": 8, ""clf__base__min_child_weight"": 3, ""clf__base__n_estimators"": 200, ""clf__base__reg_lambda"": 0.011329243151337227, ""clf__base__subsample"": 0.6537567085978578}",0.998,0.9966274509803922,0.9920212765957448,0.9946666666666668,0.9933422103861518,0.9990583804143126,0.9985882352941176,0.998823252530007,0.9960827314580794,0.9921666833545926,0.9997195294117648,0.9979820892171236,0.9966255221358468,1.0026666666666668,3.47,False,1f58d07,scikit-learn=1.9.1;imbalanced-learn=0.14.2;xgboost=3.4.1;lightgbm=4.7.0;numpy=2.5.3;pandas=3.0.6,2026-09-27T21:49:04Z
cicids2017,network_security,member_1,e3,c6_BC_weights_threshold,0,1,1,orig,1.0,0.0,0.15,XGB,0,1,2027,5000,5000,750,0,0.15,1.0,0.7877240180969238,"{""clf__base__colsample_bytree"": 0.9708534199704669, ""clf__base__learning_rate"": 0.0442673907270532, ""clf__base__max_depth"": 8, ""clf__base__min_child_weight"": 1, ""clf__base__n_estimators"": 200, ""clf__base__reg_lambda"": 0.04693946850954257, ""clf__base__subsample"": 0.9120151652522048}",0.9982,0.9972941176470588,0.9920318725099602,0.996,0.994011976047904,0.9992936190251942,0.9985882352941176,0.9989408026362244,0.9964763893420644,0.992955523287938,0.9998516078431372,0.999041590101572,0.99729327800449,1.0040000000000002,3.88,False,1f58d07,scikit-learn=1.9.1;imbalanced-learn=0.14.2;xgboost=3.4.1;lightgbm=4.7.0;numpy=2.5.3;pandas=3.0.6,2026-09-27T21:49:07Z
cicids2017,network_security,member_1,e3,c6_BC_weights_threshold,0,1,1,orig,1.0,0.0,0.15,XGB,1,0,3026,5000,5000,750,0,0.15,1.0,0.5049740672111511,"{""clf__base__colsample_bytree"": 0.9309234777238906, ""clf__base__learning_rate"": 0.04043516810958894, ""clf__base__max_depth"": 6, ""clf__base__min_child_weight"": 1, ""clf__base__n_estimators"": 800, ""clf__base__reg_lambda"": 0.07885568670293347, ""clf__base__subsample"": 0.6164565020946385}",0.9976,0.9985882352941176,0.984251968503937,1.0,0.992063492063492,1.0,0.9971764705882352,0.9985862393967956,0.9953248657301438,0.9906931432700434,0.999705411764706,0.9979521624708336,0.998587237344958,1.016,6.75,False,1f58d07,scikit-learn=1.9.1;imbalanced-learn=0.14.2;xgboost=3.4.1;lightgbm=4.7.0;numpy=2.5.3;pandas=3.0.6,2026-09-27T21:49:14Z
cicids2017,network_security,member_1,e3,c6_BC_weights_threshold,0,1,1,orig,1.0,0.0,0.15,XGB,1,1,3027,5000,5000,750,0,0.15,1.0,0.4747034311294555,"{""clf__base__colsample_bytree"": 0.7104807071006849, ""clf__base__learning_rate"": 0.04849185141838699, ""clf__base__max_depth"": 6, ""clf__base__min_child_weight"": 1, ""clf__base__n_estimators"": 800, ""clf__base__reg_lambda"": 0.10018170767019599, ""clf__base__subsample"": 0.8054452821394007}",0.9972,0.9939607843137256,0.9919786096256684,0.9893333333333332,0.9906542056074766,0.9981185324553152,0.9985882352941176,0.998353328628558,0.9945037671180172,0.9890087571392892,0.9998964705882352,0.9993734054054996,0.9939500125514262,0.9973333333333334,6.68,False,1f58d07,scikit-learn=1.9.1;imbalanced-learn=0.14.2;xgboost=3.4.1;lightgbm=4.7.0;numpy=2.5.3;pandas=3.0.6,2026-09-27T21:49:21Z
cicids2017,network_security,member_1,e3,c6_BC_weights_threshold,0,1,1,orig,1.0,0.0,0.15,XGB,2,0,4026,5000,5000,750,0,0.15,1.0,0.8080211281776428,"{""clf__base__colsample_bytree"": 0.659630670299126, ""clf__base__learning_rate"": 0.03834557874295529, ""clf__base__max_depth"": 4, ""clf__base__min_child_weight"": 1, ""clf__base__n_estimators"": 800, ""clf__base__reg_lambda"": 0.0752355555373566, ""clf__base__subsample"": 0.6669423150701586}",0.9978,0.9954117647058824,0.9933244325767692,0.992,0.9926617745163442,0.9985885673959068,0.9988235294117648,0.9987060345841664,0.9956839045502552,0.99136811503212,0.999873411764706,0.9992293103879296,0.995405917792571,0.9986666666666666,6.98,False,1f58d07,scikit-learn=1.9.1;imbalanced-learn=0.14.2;xgboost=3.4.1;lightgbm=4.7.0;numpy=2.5.3;pandas=3.0.6,2026-09-27T21:49:28Z
cicids2017,network_security,member_1,e3,c6_BC_weights_threshold,0,1,1,orig,1.0,0.0,0.15,XGB,2,1,4027,5000,5000,750,0,0.15,1.0,0.4242295026779175,"{""clf__base__colsample_bytree"": 0.6559882439510808, ""clf__base__learning_rate"": 0.08120637239751023, ""clf__base__max_depth"": 4, ""clf__base__min_child_weight"": 1, ""clf__base__n_estimators"": 800, ""clf__base__reg_lambda"": 0.12873875292508413, ""clf__base__subsample"": 0.9865367520977653}",0.998,0.9982745098039216,0.9881266490765171,0.9986666666666668,0.993368700265252,0.9997642621404996,0.9978823529411764,0.998822421102214,0.996095560683733,0.9922105215390618,0.9998105098039216,0.998619498767511,0.9982744327775076,1.0106666666666668,17.58,False,1f58d07,scikit-learn=1.9.1;imbalanced-learn=0.14.2;xgboost=3.4.1;lightgbm=4.7.0;numpy=2.5.3;pandas=3.0.6,2026-09-27T21:49:46Z
cicids2017,network_security,member_1,e3,c6_BC_weights_threshold,0,1,1,orig,1.0,0.0,0.15,XGB,3,0,5026,5000,5000,750,0,0.15,1.0,0.8987508416175842,"{""clf__base__colsample_bytree"": 0.9369849539075679, ""clf__base__learning_rate"": 0.099377037427928, ""clf__base__max_depth"": 8, ""clf__base__min_child_weight"": 3, ""clf__base__n_estimators"": 400, ""clf__base__reg_lambda"": 0.34988735789611514, ""clf__base__subsample"": 0.8318157203528463}",0.999,0.9988627450980392,0.99468791500664,0.9986666666666668,0.9966733200266136,0.9997645396750648,0.9990588235294118,0.9994115570201249,0.998042438523369,0.996087628084998,0.999939294117647,0.9996382742757844,0.9988627258527768,1.0040000000000002,14.53,False,1f58d07,scikit-learn=1.9.1;imbalanced-learn=0.14.2;xgboost=3.4.1;lightgbm=4.7.0;numpy=2.5.3;pandas=3.0.6,2026-09-27T21:50:01Z
cicids2017,network_security,member_1,e3,c6_BC_weights_threshold,0,1,1,orig,1.0,0.0,0.15,XGB,3,1,5027,5000,5000,750,0,0.15,1.0,0.6160321831703186,"{""clf__base__colsample_bytree"": 0.8405279927109883, ""clf__base__learning_rate"": 0.03965143905411441, ""clf__base__max_depth"": 8, ""clf__base__min_child_weight"": 1, ""clf__base__n_estimators"": 400, ""clf__base__reg_lambda"": 0.025783651592417578, ""clf__base__subsample"": 0.6276769187790308}",0.9978,0.9959607843137256,0.9920106524633822,0.9933333333333332,0.9926715522984676,0.998823252530007,0.9985882352941176,0.9987057300858924,0.99568864119218,0.9913775876477668,0.9995399215686276,0.9965605687161472,0.9959573185594636,1.0013333333333334,14.12,False,1f58d07,scikit-learn=1.9.1;imbalanced-learn=0.14.2;xgboost=3.4.1;lightgbm=4.7.0;numpy=2.5.3;pandas=3.0.6,2026-09-27T21:50:15Z
cicids2017,network_security,member_1,e3,c6_BC_weights_threshold,0,1,1,orig,1.0,0.0,0.15,XGB,4,0,6026,5000,5000,750,0,0.15,1.0,0.5150148868560791,"{""clf__base__colsample_bytree"": 0.8054931707609041, ""clf__base__learning_rate"": 0.0741136801321364, ""clf__base__max_depth"": 3, ""clf__base__min_child_weight"": 1, ""clf__base__n_estimators"": 200, ""clf__base__reg_lambda"": 0.6105355904706413, ""clf__base__subsample"": 0.8743098875360427}",0.9978,0.9987058823529412,0.985545335085414,1.0,0.9927200529450696,1.0,0.9974117647058824,0.9987042054423372,0.9957121291937032,0.9914607969381304,0.9998238431372548,0.9988541757405748,0.9987050438972872,1.0146666666666668,9.34,False,1f58d07,scikit-learn=1.9.1;imbalanced-learn=0.14.2;xgboost=3.4.1;lightgbm=4.7.0;numpy=2.5.3;pandas=3.0.6,2026-09-27T21:50:24Z
cicids2017,network_security,member_1,e3,c6_BC_weights_threshold,0,1,1,orig,1.0,0.0,0.15,XGB,4,1,6027,5000,5000,750,0,0.15,1.0,0.5453426837921143,"{""clf__base__colsample_bytree"": 0.7400831131827571, ""clf__base__learning_rate"": 0.021664971667522914, ""clf__base__max_depth"": 8, ""clf__base__min_child_weight"": 1, ""clf__base__n_estimators"": 400, ""clf__base__reg_lambda"": 0.0421316488972222, ""clf__base__subsample"": 0.6098935341153626}",0.9978,0.9965098039215686,0.9907038512616202,0.9946666666666668,0.9926813040585496,0.999058158700259,0.9983529411764706,0.9987054254442744,0.995693364751412,0.991389470889408,0.9997836862745098,0.9985106760487892,0.9965080993935086,1.0040000000000002,29.15,False,1f58d07,scikit-learn=1.9.1;imbalanced-learn=0.14.2;xgboost=3.4.1;lightgbm=4.7.0;numpy=2.5.3;pandas=3.0.6,2026-09-27T21:50:55Z
cicids2017,network_security,member_1,e3,c7_ABC_full,1,1,1,orig,1.0,1.0,0.15,LR,0,0,2026,5000,5000,750,0,0.5,5.666666666666667,0.9595959595959596,"{""clf__base__C"": 76.41478416943613}",0.954,0.9696470588235294,0.768595041322314,0.992,0.8661233993015134,0.9985119047619048,0.9472941176470588,0.9722289302100942,0.9191761647558038,0.8488457115772609,0.9713938823529412,0.7188400320701172,0.9693893772400656,1.2906666666666666,10.79,False,1f58d07,scikit-learn=1.9.1;imbalanced-learn=0.14.2;xgboost=3.4.1;lightgbm=4.7.0;numpy=2.5.3;pandas=3.0.6,2026-09-27T21:51:06Z
cicids2017,network_security,member_1,e3,c7_ABC_full,1,1,1,orig,1.0,1.0,0.15,LR,0,1,2027,5000,5000,750,0,0.5,5.666666666666667,0.9494949494949496,"{""clf__base__C"": 8.004475763115407}",0.9556,0.9700392156862744,0.7755741127348643,0.9906666666666668,0.870023419203747,0.9982681840672936,0.9494117647058824,0.9732272069464544,0.9216253130751006,0.852919956682632,0.9787298823529412,0.820730355785907,0.9698198741185364,1.2773333333333334,9.95,False,1f58d07,scikit-learn=1.9.1;imbalanced-learn=0.14.2;xgboost=3.4.1;lightgbm=4.7.0;numpy=2.5.3;pandas=3.0.6,2026-09-27T21:51:16Z
cicids2017,network_security,member_1,e3,c7_ABC_full,1,1,1,orig,1.0,1.0,0.15,LR,1,0,3026,5000,5000,750,0,0.5,5.666666666666667,0.9595959595959596,"{""clf__base__C"": 95.41248660376695}",0.9552,0.9714509803921568,0.772256728778468,0.9946666666666668,0.8694638694638694,0.999008428358949,0.9482352941176472,0.9729599227426364,0.9212118961032528,0.8527763065127292,0.9727323921568628,0.7265546492373521,0.9711735371269578,1.288,8.35,False,1f58d07,scikit-learn=1.9.1;imbalanced-learn=0.14.2;xgboost=3.4.1;lightgbm=4.7.0;numpy=2.5.3;pandas=3.0.6,2026-09-27T21:51:24Z
cicids2017,network_security,member_1,e3,c7_ABC_full,1,1,1,orig,1.0,1.0,0.15,LR,1,1,3027,5000,5000,750,0,0.5,5.666666666666667,0.9292929292929292,"{""clf__base__C"": 4.686201792798966}",0.9502,0.9641176470588236,0.7569230769230769,0.984,0.8556521739130435,0.9970186335403728,0.9442352941176472,0.9699093655589124,0.912780769735978,0.8365615968711461,0.9741171764705882,0.7422869139646321,0.9639126150288544,1.3,10.65,False,1f58d07,scikit-learn=1.9.1;imbalanced-learn=0.14.2;xgboost=3.4.1;lightgbm=4.7.0;numpy=2.5.3;pandas=3.0.6,2026-09-27T21:51:35Z
cicids2017,network_security,member_1,e3,c7_ABC_full,1,1,1,orig,1.0,1.0,0.15,LR,2,0,4026,5000,5000,750,0,0.5,5.666666666666667,0.9696969696969696,"{""clf__base__C"": 11.333229684537264}",0.9474,0.9432549019607844,0.764961915125136,0.9373333333333334,0.8424206111443978,0.9884832148983091,0.9491764705882352,0.968431160725003,0.9054258859347004,0.8172738185472145,0.9723250196078432,0.7383208597539511,0.9432363145564526,1.2253333333333334,11.57,False,1f58d07,scikit-learn=1.9.1;imbalanced-learn=0.14.2;xgboost=3.4.1;lightgbm=4.7.0;numpy=2.5.3;pandas=3.0.6,2026-09-27T21:51:47Z
cicids2017,network_security,member_1,e3,c7_ABC_full,1,1,1,orig,1.0,1.0,0.15,LR,2,1,4027,5000,5000,750,0,0.5,5.666666666666667,0.9595959595959596,"{""clf__base__C"": 80.93579062656904}",0.9588,0.971372549019608,0.7893617021276595,0.9893333333333332,0.8781065088757396,0.9980295566502464,0.9534117647058824,0.9752105896510228,0.9266585492633812,0.8615737051766368,0.9839036862745096,0.8591542112548401,0.971206486394982,1.2533333333333334,13.71,False,1f58d07,scikit-learn=1.9.1;imbalanced-learn=0.14.2;xgboost=3.4.1;lightgbm=4.7.0;numpy=2.5.3;pandas=3.0.6,2026-09-27T21:52:01Z
cicids2017,network_security,member_1,e3,c7_ABC_full,1,1,1,orig,1.0,1.0,0.15,LR,3,0,5026,5000,5000,750,0,0.5,5.666666666666667,0.9494949494949496,"{""clf__base__C"": 25.223556555634133}",0.9506,0.966,0.7568947906026557,0.988,0.8571428571428571,0.9977617508082568,0.944,0.9701366219320516,0.9136397395374544,0.838653621344933,0.9752564705882354,0.7909722839205704,0.9657494499092402,1.3053333333333337,11.25,False,1f58d07,scikit-learn=1.9.1;imbalanced-learn=0.14.2;xgboost=3.4.1;lightgbm=4.7.0;numpy=2.5.3;pandas=3.0.6,2026-09-27T21:52:12Z
cicids2017,network_security,member_1,e3,c7_ABC_full,1,1,1,orig,1.0,1.0,0.15,LR,3,1,5027,5000,5000,750,0,0.5,5.666666666666667,0.9393939393939394,"{""clf__base__C"": 14.115241548086104}",0.9506,0.961607843137255,0.7611630321910696,0.9773333333333334,0.8558085230589609,0.995788952192222,0.9458823529411764,0.9701942801979004,0.9130014016284308,0.8359604929297032,0.9769709803921568,0.7774652342122885,0.9614792524756718,1.284,10.68,False,1f58d07,scikit-learn=1.9.1;imbalanced-learn=0.14.2;xgboost=3.4.1;lightgbm=4.7.0;numpy=2.5.3;pandas=3.0.6,2026-09-27T21:52:23Z
cicids2017,network_security,member_1,e3,c7_ABC_full,1,1,1,orig,1.0,1.0,0.15,LR,4,0,6026,5000,5000,750,0,0.5,5.666666666666667,0.9393939393939394,"{""clf__base__C"": 11.931263751588402}",0.9532,0.9686274509803922,0.765979381443299,0.9906666666666668,0.8639534883720931,0.9982630272952854,0.9465882352941176,0.9717391304347828,0.917846309403438,0.8463391423516671,0.9784883137254904,0.7896723381668802,0.968376688982498,1.2933333333333334,13.12,False,1f58d07,scikit-learn=1.9.1;imbalanced-learn=0.14.2;xgboost=3.4.1;lightgbm=4.7.0;numpy=2.5.3;pandas=3.0.6,2026-09-27T21:52:36Z
cicids2017,network_security,member_1,e3,c7_ABC_full,1,1,1,orig,1.0,1.0,0.15,LR,4,1,6027,5000,5000,750,0,0.5,5.666666666666667,0.9393939393939394,"{""clf__base__C"": 3.663404056321904}",0.9506,0.9687450980392156,0.7542972699696663,0.9946666666666668,0.8579643473260494,0.9990027424582398,0.9428235294117648,0.970100472097809,0.9140324097119292,0.8403638357026809,0.9713992156862744,0.7282389500272524,0.9683982327817942,1.3186666666666669,8.81,False,1f58d07,scikit-learn=1.9.1;imbalanced-learn=0.14.2;xgboost=3.4.1;lightgbm=4.7.0;numpy=2.5.3;pandas=3.0.6,2026-09-27T21:52:45Z
cicids2017,network_security,member_1,e3,c7_ABC_full,1,1,1,orig,1.0,1.0,0.15,RF,0,0,2026,5000,5000,750,0,0.5,5.666666666666667,0.8585858585858587,"{""clf__base__max_depth"": 16, ""clf__base__max_features"": ""sqrt"", ""clf__base__min_samples_leaf"": 1, ""clf__base__n_estimators"": 200}",0.9952,0.996078431372549,0.9714285714285714,0.9973333333333332,0.9842105263157894,0.9995271867612292,0.9948235294117648,0.9971698113207548,0.990690168818272,0.981499067197662,0.9987123137254902,0.9944188396941636,0.9960776408828113,1.0266666666666666,29.23,False,1f58d07,scikit-learn=1.9.1;imbalanced-learn=0.14.2;xgboost=3.4.1;lightgbm=4.7.0;numpy=2.5.3;pandas=3.0.6,2026-09-27T21:53:15Z
cicids2017,network_security,member_1,e3,c7_ABC_full,1,1,1,orig,1.0,1.0,0.15,RF,0,1,2027,5000,5000,750,0,0.5,5.666666666666667,0.7474747474747475,"{""clf__base__max_depth"": 16, ""clf__base__max_features"": ""sqrt"", ""clf__base__min_samples_leaf"": 2, ""clf__base__n_estimators"": 200}",0.9958,0.9953333333333334,0.9777195281782438,0.9946666666666668,0.9861202908129544,0.9990559358036346,0.996,0.9975256274301874,0.9918229591215708,0.9836965451727042,0.999372862745098,0.9953754726603476,0.9953331100691868,1.0173333333333334,30.18,False,1f58d07,scikit-learn=1.9.1;imbalanced-learn=0.14.2;xgboost=3.4.1;lightgbm=4.7.0;numpy=2.5.3;pandas=3.0.6,2026-09-27T21:53:45Z
cicids2017,network_security,member_1,e3,c7_ABC_full,1,1,1,orig,1.0,1.0,0.15,RF,1,0,3026,5000,5000,750,0,0.5,5.666666666666667,0.7777777777777778,"{""clf__base__max_depth"": null, ""clf__base__max_features"": ""log2"", ""clf__base__min_samples_leaf"": 1, ""clf__base__n_estimators"": 400}",0.9946,0.994078431372549,0.971316818774446,0.9933333333333332,0.982201713909031,0.9988188046302858,0.9948235294117648,0.9968171637392432,0.9895094388241372,0.9791047819620122,0.9991490196078432,0.990783239029741,0.9940781521334324,1.0226666666666668,47.87,False,1f58d07,scikit-learn=1.9.1;imbalanced-learn=0.14.2;xgboost=3.4.1;lightgbm=4.7.0;numpy=2.5.3;pandas=3.0.6,2026-09-27T21:54:33Z
cicids2017,network_security,member_1,e3,c7_ABC_full,1,1,1,orig,1.0,1.0,0.15,RF,1,1,3027,5000,5000,750,0,0.5,5.666666666666667,0.7373737373737375,"{""clf__base__max_depth"": null, ""clf__base__max_features"": ""log2"", ""clf__base__min_samples_leaf"": 1, ""clf__base__n_estimators"": 200}",0.9962,0.9950196078431373,0.9815546772068512,0.9933333333333332,0.9874088800530152,0.9988210327752888,0.9967058823529412,0.9977623365916852,0.9925856083223504,0.9851956145804712,0.999523450980392,0.997336027742103,0.9950181789648812,1.012,20.48,False,1f58d07,scikit-learn=1.9.1;imbalanced-learn=0.14.2;xgboost=3.4.1;lightgbm=4.7.0;numpy=2.5.3;pandas=3.0.6,2026-09-27T21:54:54Z
cicids2017,network_security,member_1,e3,c7_ABC_full,1,1,1,orig,1.0,1.0,0.15,RF,2,0,4026,5000,5000,750,0,0.5,5.666666666666667,0.8181818181818182,"{""clf__base__max_depth"": null, ""clf__base__max_features"": ""sqrt"", ""clf__base__min_samples_leaf"": 1, ""clf__base__n_estimators"": 200}",0.9944,0.992313725490196,0.973753280839895,0.9893333333333332,0.9814814814814816,0.998112317130722,0.9952941176470588,0.9967012252591896,0.9890913533703356,0.9782257134349636,0.9986912941176472,0.9939748916956848,0.9923092497093956,1.016,34.38,False,1f58d07,scikit-learn=1.9.1;imbalanced-learn=0.14.2;xgboost=3.4.1;lightgbm=4.7.0;numpy=2.5.3;pandas=3.0.6,2026-09-27T21:55:28Z
cicids2017,network_security,member_1,e3,c7_ABC_full,1,1,1,orig,1.0,1.0,0.15,RF,2,1,4027,5000,5000,750,0,0.5,5.666666666666667,0.8585858585858587,"{""clf__base__max_depth"": null, ""clf__base__max_features"": ""log2"", ""clf__base__min_samples_leaf"": 1, ""clf__base__n_estimators"": 200}",0.9968,0.9942745098039216,0.988031914893617,0.9906666666666668,0.9893475366178428,0.998352165725047,0.9978823529411764,0.9981172040480112,0.993732370332927,0.9874659568067976,0.9996748235294116,0.9972545168234492,0.994267964038732,1.0026666666666668,26.32,False,1f58d07,scikit-learn=1.9.1;imbalanced-learn=0.14.2;xgboost=3.4.1;lightgbm=4.7.0;numpy=2.5.3;pandas=3.0.6,2026-09-27T21:55:55Z
cicids2017,network_security,member_1,e3,c7_ABC_full,1,1,1,orig,1.0,1.0,0.15,RF,3,0,5026,5000,5000,750,0,0.5,5.666666666666667,0.8585858585858587,"{""clf__base__max_depth"": 16, ""clf__base__max_features"": ""sqrt"", ""clf__base__min_samples_leaf"": 2, ""clf__base__n_estimators"": 200}",0.9948,0.9936470588235292,0.9738219895287958,0.992,0.9828269484808454,0.9985835694050992,0.9952941176470588,0.9969361300966296,0.9898815392887376,0.9798215594192315,0.999494431372549,0.9968680750018628,0.9936456937489752,1.0186666666666666,30.78,False,1f58d07,scikit-learn=1.9.1;imbalanced-learn=0.14.2;xgboost=3.4.1;lightgbm=4.7.0;numpy=2.5.3;pandas=3.0.6,2026-09-27T21:56:26Z
cicids2017,network_security,member_1,e3,c7_ABC_full,1,1,1,orig,1.0,1.0,0.15,RF,3,1,5027,5000,5000,750,0,0.5,5.666666666666667,0.787878787878788,"{""clf__base__max_depth"": null, ""clf__base__max_features"": ""sqrt"", ""clf__base__min_samples_leaf"": 1, ""clf__base__n_estimators"": 400}",0.996,0.9938039215686274,0.9828042328042328,0.9906666666666668,0.9867197875166004,0.9983506126295948,0.9969411764705882,0.9976453967506476,0.992182592133624,0.984376056536611,0.9984309019607844,0.9900079827722906,0.9937989696899784,1.008,56.06,False,1f58d07,scikit-learn=1.9.1;imbalanced-learn=0.14.2;xgboost=3.4.1;lightgbm=4.7.0;numpy=2.5.3;pandas=3.0.6,2026-09-27T21:57:22Z
cicids2017,network_security,member_1,e3,c7_ABC_full,1,1,1,orig,1.0,1.0,0.15,RF,4,0,6026,5000,5000,750,0,0.5,5.666666666666667,0.7676767676767677,"{""clf__base__max_depth"": 16, ""clf__base__max_features"": ""sqrt"", ""clf__base__min_samples_leaf"": 2, ""clf__base__n_estimators"": 400}",0.9958,0.997529411764706,0.9727626459143968,1.0,0.9861932938856016,1.0,0.9950588235294118,0.9975232928411368,0.9918582933633692,0.9838475766179116,0.9994986666666666,0.9963590911069212,0.9975263522982296,1.028,44.37,False,1f58d07,scikit-learn=1.9.1;imbalanced-learn=0.14.2;xgboost=3.4.1;lightgbm=4.7.0;numpy=2.5.3;pandas=3.0.6,2026-09-27T21:58:07Z
cicids2017,network_security,member_1,e3,c7_ABC_full,1,1,1,orig,1.0,1.0,0.15,RF,4,1,6027,5000,5000,750,0,0.5,5.666666666666667,0.8080808080808082,"{""clf__base__max_depth"": null, ""clf__base__max_features"": ""log2"", ""clf__base__min_samples_leaf"": 1, ""clf__base__n_estimators"": 200}",0.9964,0.9945882352941176,0.984126984126984,0.992,0.9880478087649402,0.9985862393967956,0.9971764705882352,0.9978808570755828,0.9929643329202616,0.9859395509084924,0.998817725490196,0.994477607671394,0.9945848675822136,1.008,30.07,False,1f58d07,scikit-learn=1.9.1;imbalanced-learn=0.14.2;xgboost=3.4.1;lightgbm=4.7.0;numpy=2.5.3;pandas=3.0.6,2026-09-27T21:58:37Z
cicids2017,network_security,member_1,e3,c7_ABC_full,1,1,1,orig,1.0,1.0,0.15,XGB,0,0,2026,5000,5000,750,0,0.5,5.666666666666667,0.9595916271209716,"{""clf__base__colsample_bytree"": 0.6299297262516527, ""clf__base__learning_rate"": 0.24209961404115907, ""clf__base__max_depth"": 3, ""clf__base__min_child_weight"": 1, ""clf__base__n_estimators"": 400, ""clf__base__reg_lambda"": 0.013825769701893902, ""clf__base__subsample"": 0.7881804586451416}",0.9984,0.9985098039215686,0.9907407407407408,0.9986666666666668,0.99468791500664,0.9997643732327992,0.9983529411764706,0.999058158700259,0.9968730368534496,0.9937570227679,0.9997570196078432,0.9982056866066042,0.998509791600247,1.008,18.98,False,1f58d07,scikit-learn=1.9.1;imbalanced-learn=0.14.2;xgboost=3.4.1;lightgbm=4.7.0;numpy=2.5.3;pandas=3.0.6,2026-09-27T21:58:56Z
cicids2017,network_security,member_1,e3,c7_ABC_full,1,1,1,orig,1.0,1.0,0.15,XGB,0,1,2027,5000,5000,750,0,0.5,5.666666666666667,0.8989101052284241,"{""clf__base__colsample_bytree"": 0.9708534199704669, ""clf__base__learning_rate"": 0.0442673907270532, ""clf__base__max_depth"": 8, ""clf__base__min_child_weight"": 1, ""clf__base__n_estimators"": 200, ""clf__base__reg_lambda"": 0.04693946850954257, ""clf__base__subsample"": 0.9120151652522048}",0.9984,0.9985098039215686,0.9907407407407408,0.9986666666666668,0.99468791500664,0.9997643732327992,0.9983529411764706,0.999058158700259,0.9968730368534496,0.9937570227679,0.9998789019607844,0.9992500534060528,0.998509791600247,1.008,20.34,False,1f58d07,scikit-learn=1.9.1;imbalanced-learn=0.14.2;xgboost=3.4.1;lightgbm=4.7.0;numpy=2.5.3;pandas=3.0.6,2026-09-27T21:59:16Z
cicids2017,network_security,member_1,e3,c7_ABC_full,1,1,1,orig,1.0,1.0,0.15,XGB,1,0,3026,5000,5000,750,0,0.5,5.666666666666667,0.8787789344787598,"{""clf__base__colsample_bytree"": 0.6427066924659094, ""clf__base__learning_rate"": 0.14362393914105898, ""clf__base__max_depth"": 6, ""clf__base__min_child_weight"": 1, ""clf__base__n_estimators"": 400, ""clf__base__reg_lambda"": 0.614643025252804, ""clf__base__subsample"": 0.9355678497997515}",0.9974,0.998470588235294,0.982961992136304,1.0,0.991407799074686,1.0,0.9969411764705882,0.9984682455520208,0.9949380223133534,0.9899269088504666,0.9996263529411764,0.997137961783058,0.9984694168929704,1.0173333333333334,23.0,False,1f58d07,scikit-learn=1.9.1;imbalanced-learn=0.14.2;xgboost=3.4.1;lightgbm=4.7.0;numpy=2.5.3;pandas=3.0.6,2026-09-27T21:59:40Z
cicids2017,network_security,member_1,e3,c7_ABC_full,1,1,1,orig,1.0,1.0,0.15,XGB,1,1,3027,5000,5000,750,0,0.5,5.666666666666667,0.909083366394043,"{""clf__base__colsample_bytree"": 0.8513470081401819, ""clf__base__learning_rate"": 0.25382642172504044, ""clf__base__max_depth"": 4, ""clf__base__min_child_weight"": 1, ""clf__base__n_estimators"": 200, ""clf__base__reg_lambda"": 0.012756619257647156, ""clf__base__subsample"": 0.9023643959650978}",0.9982,0.9961960784313726,0.9946595460614152,0.9933333333333332,0.9939959973315544,0.9988238061632556,0.9990588235294118,0.9989413010234092,0.9964686491774816,0.9929376046466724,0.999897725490196,0.999374774697814,0.9961919651214564,0.9986666666666666,15.87,False,1f58d07,scikit-learn=1.9.1;imbalanced-learn=0.14.2;xgboost=3.4.1;lightgbm=4.7.0;numpy=2.5.3;pandas=3.0.6,2026-09-27T21:59:56Z
cicids2017,network_security,member_1,e3,c7_ABC_full,1,1,1,orig,1.0,1.0,0.15,XGB,2,0,4026,5000,5000,750,0,0.5,5.666666666666667,0.878750741481781,"{""clf__base__colsample_bytree"": 0.659630670299126, ""clf__base__learning_rate"": 0.03834557874295529, ""clf__base__max_depth"": 4, ""clf__base__min_child_weight"": 1, ""clf__base__n_estimators"": 800, ""clf__base__reg_lambda"": 0.0752355555373566, ""clf__base__subsample"": 0.6669423150701586}",0.9976,0.995843137254902,0.990691489361702,0.9933333333333332,0.9920106524633822,0.9988229755178908,0.9983529411764706,0.9985879030360084,0.9952992777496952,0.9905997745053275,0.9998101960784314,0.9988364912951344,0.9958399745450875,1.0026666666666668,33.51,False,1f58d07,scikit-learn=1.9.1;imbalanced-learn=0.14.2;xgboost=3.4.1;lightgbm=4.7.0;numpy=2.5.3;pandas=3.0.6,2026-09-27T22:00:29Z
cicids2017,network_security,member_1,e3,c7_ABC_full,1,1,1,orig,1.0,1.0,0.15,XGB,2,1,4027,5000,5000,750,0,0.5,5.666666666666667,0.838373064994812,"{""clf__base__colsample_bytree"": 0.6559882439510808, ""clf__base__learning_rate"": 0.08120637239751023, ""clf__base__max_depth"": 4, ""clf__base__min_child_weight"": 1, ""clf__base__n_estimators"": 800, ""clf__base__reg_lambda"": 0.12873875292508413, ""clf__base__subsample"": 0.9865367520977653}",0.9984,0.9990588235294118,0.9894459102902374,1.0,0.9946949602122016,1.0,0.9981176470588236,0.999057936881771,0.9968764485469864,0.9937723199359436,0.99989568627451,0.9993258180005004,0.9990583802054932,1.0106666666666668,25.89,False,1f58d07,scikit-learn=1.9.1;imbalanced-learn=0.14.2;xgboost=3.4.1;lightgbm=4.7.0;numpy=2.5.3;pandas=3.0.6,2026-09-27T22:00:55Z
cicids2017,network_security,member_1,e3,c7_ABC_full,1,1,1,orig,1.0,1.0,0.15,XGB,3,0,5026,5000,5000,750,0,0.5,5.666666666666667,0.8888713717460632,"{""clf__base__colsample_bytree"": 0.966186289625362, ""clf__base__learning_rate"": 0.29511899190869545, ""clf__base__max_depth"": 6, ""clf__base__min_child_weight"": 1, ""clf__base__n_estimators"": 200, ""clf__base__reg_lambda"": 1.784943962718507, ""clf__base__subsample"": 0.76926012218394}",0.998,0.9977254901960784,0.9894179894179894,0.9973333333333332,0.9933598937583,0.9995287464655984,0.9981176470588236,0.9988226983753238,0.996091296066812,0.9921935283960186,0.9999270588235294,0.999576566316658,0.9977254131272792,1.008,15.45,False,1f58d07,scikit-learn=1.9.1;imbalanced-learn=0.14.2;xgboost=3.4.1;lightgbm=4.7.0;numpy=2.5.3;pandas=3.0.6,2026-09-27T22:01:11Z
cicids2017,network_security,member_1,e3,c7_ABC_full,1,1,1,orig,1.0,1.0,0.15,XGB,3,1,5027,5000,5000,750,0,0.5,5.666666666666667,0.7575727105140686,"{""clf__base__colsample_bytree"": 0.7569788188513907, ""clf__base__learning_rate"": 0.22391260675549185, ""clf__base__max_depth"": 4, ""clf__base__min_child_weight"": 1, ""clf__base__n_estimators"": 800, ""clf__base__reg_lambda"": 0.013517068075739864, ""clf__base__subsample"": 0.6656234019226878}",0.998,0.9971764705882352,0.9907161803713528,0.996,0.9933510638297872,0.9992934526613284,0.9983529411764706,0.9988229755178908,0.996087019673839,0.9921789104788938,0.999564549019608,0.9965824605183164,0.9971757765869388,1.0053333333333334,27.14,False,1f58d07,scikit-learn=1.9.1;imbalanced-learn=0.14.2;xgboost=3.4.1;lightgbm=4.7.0;numpy=2.5.3;pandas=3.0.6,2026-09-27T22:01:38Z
cicids2017,network_security,member_1,e3,c7_ABC_full,1,1,1,orig,1.0,1.0,0.15,XGB,4,0,6026,5000,5000,750,0,0.5,5.666666666666667,0.8383234739303589,"{""clf__base__colsample_bytree"": 0.8054931707609041, ""clf__base__learning_rate"": 0.0741136801321364, ""clf__base__max_depth"": 3, ""clf__base__min_child_weight"": 1, ""clf__base__n_estimators"": 200, ""clf__base__reg_lambda"": 0.6105355904706413, ""clf__base__subsample"": 0.8743098875360427}",0.9966,0.998,0.9778357235984356,1.0,0.988793671720501,1.0,0.996,0.997995991983968,0.9933948318522344,0.9868760716037458,0.999764862745098,0.998413579163664,0.997997995989972,1.0226666666666668,18.26,False,1f58d07,scikit-learn=1.9.1;imbalanced-learn=0.14.2;xgboost=3.4.1;lightgbm=4.7.0;numpy=2.5.3;pandas=3.0.6,2026-09-27T22:01:57Z
cicids2017,network_security,member_1,e3,c7_ABC_full,1,1,1,orig,1.0,1.0,0.15,XGB,4,1,6027,5000,5000,750,0,0.5,5.666666666666667,0.8787253499031067,"{""clf__base__colsample_bytree"": 0.7400831131827571, ""clf__base__learning_rate"": 0.021664971667522914, ""clf__base__max_depth"": 8, ""clf__base__min_child_weight"": 1, ""clf__base__n_estimators"": 400, ""clf__base__reg_lambda"": 0.0421316488972222, ""clf__base__subsample"": 0.6098935341153626}",0.9984,0.9974117647058824,0.9933510638297872,0.996,0.9946737683089214,0.9992937853107344,0.9988235294117648,0.9990586020240056,0.9968661851664636,0.9937335922038576,0.9997941960784312,0.9986320449452945,0.9974107655796168,1.0026666666666668,27.51,False,1f58d07,scikit-learn=1.9.1;imbalanced-learn=0.14.2;xgboost=3.4.1;lightgbm=4.7.0;numpy=2.5.3;pandas=3.0.6,2026-09-27T22:02:24Z
cicids2017,network_security,member_1,e3,c0_none,0,0,0,none,0.0,0.0,0.1,LR,0,0,2026,5000,5000,500,10,0.1,0.1111111111111111,0.5,"{""clf__base__C"": 86.64678862932995}",0.9684,0.9495555555555556,0.7928082191780822,0.926,0.8542435424354243,0.9916213768115942,0.9731111111111111,0.9822790489008524,0.9182612956681384,0.8398150782396789,0.9882444444444444,0.8240069333485174,0.9492633401163708,1.168,38.62,False,1f58d07,scikit-learn=1.9.1;imbalanced-learn=0.14.2;xgboost=3.4.1;lightgbm=4.7.0;numpy=2.5.3;pandas=3.0.6,2026-09-27T19:52:12Z
cicids2017,network_security,member_1,e3,c0_none,0,0,0,none,0.0,0.0,0.1,LR,0,1,2027,5000,5000,500,10,0.1,0.1111111111111111,0.5,"{""clf__base__C"": 33.09421283700199}",0.9556,0.9033333333333332,0.7482142857142857,0.838,0.7905660377358491,0.9817567567567568,0.9686666666666668,0.9751677852348992,0.8828669114853742,0.7673612627656596,0.9847373333333332,0.7936287789855911,0.9009676279793112,1.12,17.43,False,1f58d07,scikit-learn=1.9.1;imbalanced-learn=0.14.2;xgboost=3.4.1;lightgbm=4.7.0;numpy=2.5.3;pandas=3.0.6,2026-09-27T19:52:30Z
cicids2017,network_security,member_1,e3,c0_none,0,0,0,none,0.0,0.0,0.1,LR,1,0,3026,5000,5000,500,10,0.1,0.1111111111111111,0.5,"{""clf__base__C"": 95.41248660376695}",0.9682,0.9485555555555556,0.7924528301886793,0.924,0.853185595567867,0.9913968757074938,0.9731111111111111,0.982168890882584,0.9176772432252254,0.8385703790384165,0.9874053333333332,0.828988928692563,0.9482376635984604,1.166,16.61,False,1f58d07,scikit-learn=1.9.1;imbalanced-learn=0.14.2;xgboost=3.4.1;lightgbm=4.7.0;numpy=2.5.3;pandas=3.0.6,2026-09-27T19:52:47Z
cicids2017,network_security,member_1,e3,c0_none,0,0,0,none,0.0,0.0,0.1,LR,1,1,3027,5000,5000,500,10,0.1,0.1111111111111111,0.5,"{""clf__base__C"": 4.686201792798966}",0.9442,0.8658888888888889,0.7020109689213894,0.768,0.7335243553008596,0.9739501459690096,0.9637777777777776,0.9688372612532112,0.8511808082770354,0.7033159478631814,0.9820884444444444,0.7801425374312253,0.8603379181073756,1.094,11.59,False,1f58d07,scikit-learn=1.9.1;imbalanced-learn=0.14.2;xgboost=3.4.1;lightgbm=4.7.0;numpy=2.5.3;pandas=3.0.6,2026-09-27T19:52:59Z
cicids2017,network_security,member_1,e3,c0_none,0,0,0,none,0.0,0.0,0.1,LR,2,0,4026,5000,5000,500,10,0.1,0.1111111111111111,0.5,"{""clf__base__C"": 11.333229684537264}",0.9562,0.9427777777777778,0.7178294573643411,0.926,0.8087336244541484,0.99150401836969,0.9595555555555556,0.9752682100508188,0.8920009172524836,0.7925617958101457,0.9849222222222224,0.8190654123193721,0.9426284763598248,1.29,11.14,False,1f58d07,scikit-learn=1.9.1;imbalanced-learn=0.14.2;xgboost=3.4.1;lightgbm=4.7.0;numpy=2.5.3;pandas=3.0.6,2026-09-27T19:53:10Z
cicids2017,network_security,member_1,e3,c0_none,0,0,0,none,0.0,0.0,0.1,LR,2,1,4027,5000,5000,500,10,0.1,0.1111111111111111,0.5,"{""clf__base__C"": 80.93579062656904}",0.9614,0.8798888888888889,0.8259023354564756,0.778,0.8012358393408857,0.9754912784279092,0.9817777777777776,0.9786244323845388,0.8899301358627122,0.7803083102738175,0.9893288888888888,0.8398836178729115,0.8739697426748314,0.942,14.08,False,1f58d07,scikit-learn=1.9.1;imbalanced-learn=0.14.2;xgboost=3.4.1;lightgbm=4.7.0;numpy=2.5.3;pandas=3.0.6,2026-09-27T19:53:24Z
cicids2017,network_security,member_1,e3,c0_none,0,0,0,none,0.0,0.0,0.1,LR,3,0,5026,5000,5000,500,10,0.1,0.1111111111111111,0.5,"{""clf__base__C"": 68.96511808116286}",0.9632,0.8977777777777778,0.816,0.816,0.816,0.9795555555555556,0.9795555555555556,0.9795555555555556,0.8977777777777778,0.7955555555555556,0.988488888888889,0.8488259388274633,0.8940454872842507,1.0,15.99,False,1f58d07,scikit-learn=1.9.1;imbalanced-learn=0.14.2;xgboost=3.4.1;lightgbm=4.7.0;numpy=2.5.3;pandas=3.0.6,2026-09-27T19:53:41Z
cicids2017,network_security,member_1,e3,c0_none,0,0,0,none,0.0,0.0,0.1,LR,3,1,5027,5000,5000,500,10,0.1,0.1111111111111111,0.5,"{""clf__base__C"": 14.115241548086104}",0.9662,0.9287777777777776,0.8003629764065335,0.882,0.8392007611798288,0.9867385929422342,0.9755555555555556,0.9811152084031736,0.9101579847915012,0.8215736872499827,0.9865984444444444,0.8110649067830163,0.927599051314737,1.102,14.52,False,1f58d07,scikit-learn=1.9.1;imbalanced-learn=0.14.2;xgboost=3.4.1;lightgbm=4.7.0;numpy=2.5.3;pandas=3.0.6,2026-09-27T19:53:56Z
cicids2017,network_security,member_1,e3,c0_none,0,0,0,none,0.0,0.0,0.1,LR,4,0,6026,5000,5000,500,10,0.1,0.1111111111111111,0.5,"{""clf__base__C"": 73.66417088381552}",0.9744,0.975111111111111,0.8079470198675497,0.976,0.8840579710144928,0.997270245677889,0.9742222222222222,0.9856115107913668,0.9348347409029298,0.8747201492124712,0.9905324444444444,0.846586936060461,0.9751107059656812,1.208,15.08,False,1f58d07,scikit-learn=1.9.1;imbalanced-learn=0.14.2;xgboost=3.4.1;lightgbm=4.7.0;numpy=2.5.3;pandas=3.0.6,2026-09-27T19:54:11Z
cicids2017,network_security,member_1,e3,c0_none,0,0,0,none,0.0,0.0,0.1,LR,4,1,6027,5000,5000,500,10,0.1,0.1111111111111111,0.5,"{""clf__base__C"": 89.78839453758782}",0.9684,0.9335555555555556,0.8120437956204379,0.89,0.8492366412213741,0.9876460017969452,0.9771111111111112,0.9823503127792672,0.9157934770003208,0.8327183850395081,0.9883195555555556,0.8275530856410124,0.9325389476525304,1.096,46.16,False,1f58d07,scikit-learn=1.9.1;imbalanced-learn=0.14.2;xgboost=3.4.1;lightgbm=4.7.0;numpy=2.5.3;pandas=3.0.6,2026-09-27T19:54:58Z
cicids2017,network_security,member_1,e3,c0_none,0,0,0,none,0.0,0.0,0.1,RF,0,0,2026,5000,5000,500,10,0.1,0.1111111111111111,0.5,"{""clf__base__max_depth"": 16, ""clf__base__max_features"": ""sqrt"", ""clf__base__min_samples_leaf"": 1, ""clf__base__n_estimators"": 400}",0.9962,0.9881111111111112,0.9839034205231388,0.978,0.9809428284854564,0.9975571840994892,0.9982222222222222,0.9978895923581028,0.9894162104217796,0.9788379091904176,0.9996868888888888,0.9965520514451224,0.9880593774330232,0.994,134.38,False,1f58d07,scikit-learn=1.9.1;imbalanced-learn=0.14.2;xgboost=3.4.1;lightgbm=4.7.0;numpy=2.5.3;pandas=3.0.6,2026-09-27T19:57:12Z
cicids2017,network_security,member_1,e3,c0_none,0,0,0,none,0.0,0.0,0.1,RF,0,1,2027,5000,5000,500,10,0.1,0.1111111111111111,0.5,"{""clf__base__max_depth"": 16, ""clf__base__max_features"": ""sqrt"", ""clf__base__min_samples_leaf"": 2, ""clf__base__n_estimators"": 200}",0.994,0.9886666666666666,0.958984375,0.982,0.9703557312252964,0.9979946524064172,0.9953333333333332,0.9966622162883844,0.9835089737568404,0.9671026330153408,0.9992173333333332,0.9895053632550748,0.9886441894500434,1.024,127.96,False,1f58d07,scikit-learn=1.9.1;imbalanced-learn=0.14.2;xgboost=3.4.1;lightgbm=4.7.0;numpy=2.5.3;pandas=3.0.6,2026-09-27T19:59:21Z
cicids2017,network_security,member_1,e3,c0_none,0,0,0,none,0.0,0.0,0.1,RF,1,0,3026,5000,5000,500,10,0.1,0.1111111111111111,0.5,"{""clf__base__max_depth"": 16, ""clf__base__max_features"": ""sqrt"", ""clf__base__min_samples_leaf"": 2, ""clf__base__n_estimators"": 200}",0.9938,0.9903333333333332,0.95357833655706,0.986,0.9695181907571288,0.9984385456167744,0.9946666666666668,0.9965490370700212,0.983033613913575,0.9662355936580928,0.9995035555555556,0.9949195880681,0.9903238527539026,1.034,137.44,False,1f58d07,scikit-learn=1.9.1;imbalanced-learn=0.14.2;xgboost=3.4.1;lightgbm=4.7.0;numpy=2.5.3;pandas=3.0.6,2026-09-27T20:01:38Z
cicids2017,network_security,member_1,e3,c0_none,0,0,0,none,0.0,0.0,0.1,RF,1,1,3027,5000,5000,500,10,0.1,0.1111111111111111,0.5,"{""clf__base__max_depth"": null, ""clf__base__max_features"": ""log2"", ""clf__base__min_samples_leaf"": 2, ""clf__base__n_estimators"": 400}",0.9958,0.9896666666666668,0.9761431411530817,0.982,0.979062811565304,0.9979986657771848,0.9973333333333332,0.9976658886295432,0.9883643500974236,0.976734120894921,0.9994097777777778,0.991838494008542,0.9896369704762112,1.0059999999999998,163.53,False,1f58d07,scikit-learn=1.9.1;imbalanced-learn=0.14.2;xgboost=3.4.1;lightgbm=4.7.0;numpy=2.5.3;pandas=3.0.6,2026-09-27T20:04:22Z
cicids2017,network_security,member_1,e3,c0_none,0,0,0,none,0.0,0.0,0.1,RF,2,0,4026,5000,5000,500,10,0.1,0.1111111111111111,0.5,"{""clf__base__max_depth"": null, ""clf__base__max_features"": ""sqrt"", ""clf__base__min_samples_leaf"": 2, ""clf__base__n_estimators"": 200}",0.9964,0.9917777777777778,0.9781746031746033,0.986,0.9820717131474104,0.9984430604982206,0.9975555555555556,0.9979991107158738,0.990035411931642,0.9800804705528484,0.9994042222222222,0.9924036197584925,0.9917609478991284,1.008,106.92,False,1f58d07,scikit-learn=1.9.1;imbalanced-learn=0.14.2;xgboost=3.4.1;lightgbm=4.7.0;numpy=2.5.3;pandas=3.0.6,2026-09-27T20:06:09Z
cicids2017,network_security,member_1,e3,c0_none,0,0,0,none,0.0,0.0,0.1,RF,2,1,4027,5000,5000,500,10,0.1,0.1111111111111111,0.5,"{""clf__base__max_depth"": 16, ""clf__base__max_features"": ""log2"", ""clf__base__min_samples_leaf"": 1, ""clf__base__n_estimators"": 400}",0.9964,0.9953333333333334,0.970703125,0.994,0.982213438735178,0.9993315508021392,0.9966666666666668,0.9979973297730308,0.9901053842541044,0.9802963933566142,0.9996873333333334,0.994629260502214,0.9953324402764469,1.024,106.51,False,1f58d07,scikit-learn=1.9.1;imbalanced-learn=0.14.2;xgboost=3.4.1;lightgbm=4.7.0;numpy=2.5.3;pandas=3.0.6,2026-09-27T20:07:56Z
cicids2017,network_security,member_1,e3,c0_none,0,0,0,none,0.0,0.0,0.1,RF,3,0,5026,5000,5000,500,10,0.1,0.1111111111111111,0.5,"{""clf__base__max_depth"": 16, ""clf__base__max_features"": ""sqrt"", ""clf__base__min_samples_leaf"": 2, ""clf__base__n_estimators"": 400}",0.9964,0.9882222222222222,0.9858870967741936,0.978,0.9819277108433736,0.997557726465364,0.9984444444444444,0.9980008884940028,0.9899642996686882,0.9799383827924668,0.9997173333333332,0.9968139247142308,0.9881693512079124,0.992,126.91,False,1f58d07,scikit-learn=1.9.1;imbalanced-learn=0.14.2;xgboost=3.4.1;lightgbm=4.7.0;numpy=2.5.3;pandas=3.0.6,2026-09-27T20:11:26Z
cicids2017,network_security,member_1,e3,c0_none,0,0,0,none,0.0,0.0,0.1,RF,3,1,5027,5000,5000,500,10,0.1,0.1111111111111111,0.5,"{""clf__base__max_depth"": 16, ""clf__base__max_features"": ""sqrt"", ""clf__base__min_samples_leaf"": 1, ""clf__base__n_estimators"": 400}",0.995,0.9901111111111112,0.9666011787819252,0.984,0.975222993062438,0.9982186595413048,0.9962222222222222,0.997219441663886,0.9862212173631622,0.9724905377253198,0.999184222222222,0.98661543988716,0.990092251594096,1.018,147.38,False,1f58d07,scikit-learn=1.9.1;imbalanced-learn=0.14.2;xgboost=3.4.1;lightgbm=4.7.0;numpy=2.5.3;pandas=3.0.6,2026-09-27T20:13:54Z
cicids2017,network_security,member_1,e3,c0_none,0,0,0,none,0.0,0.0,0.1,RF,4,0,6026,5000,5000,500,10,0.1,0.1111111111111111,0.5,"{""clf__base__max_depth"": null, ""clf__base__max_features"": ""sqrt"", ""clf__base__min_samples_leaf"": 2, ""clf__base__n_estimators"": 200}",0.9964,0.99,0.982,0.982,0.982,0.998,0.998,0.998,0.99,0.98,0.999532,0.9938124049484992,0.9899676762399872,1.0,128.91,False,1f58d07,scikit-learn=1.9.1;imbalanced-learn=0.14.2;xgboost=3.4.1;lightgbm=4.7.0;numpy=2.5.3;pandas=3.0.6,2026-09-27T20:16:04Z
cicids2017,network_security,member_1,e3,c0_none,0,0,0,none,0.0,0.0,0.1,RF,4,1,6027,5000,5000,500,10,0.1,0.1111111111111111,0.5,"{""clf__base__max_depth"": null, ""clf__base__max_features"": ""sqrt"", ""clf__base__min_samples_leaf"": 1, ""clf__base__n_estimators"": 200}",0.996,0.9915555555555556,0.974308300395257,0.986,0.9801192842942346,0.9984423676012462,0.9971111111111112,0.9977762953079832,0.9889477898011088,0.9779171693186074,0.9994984444444444,0.9934730456825008,0.9915399919093306,1.012,99.72,False,1f58d07,scikit-learn=1.9.1;imbalanced-learn=0.14.2;xgboost=3.4.1;lightgbm=4.7.0;numpy=2.5.3;pandas=3.0.6,2026-09-27T20:17:44Z
cicids2017,network_security,member_1,e3,c0_none,0,0,0,none,0.0,0.0,0.1,XGB,0,0,2026,5000,5000,500,10,0.1,0.1111111111111111,0.5,"{""clf__base__colsample_bytree"": 0.6299297262516527, ""clf__base__learning_rate"": 0.24209961404115907, ""clf__base__max_depth"": 3, ""clf__base__min_child_weight"": 1, ""clf__base__n_estimators"": 400, ""clf__base__reg_lambda"": 0.013825769701893902, ""clf__base__subsample"": 0.7881804586451416}",0.999,0.9985555555555556,0.9920477137176938,0.998,0.9950149551345964,0.9997776295307984,0.9991111111111112,0.9994442591975102,0.9972296071660532,0.9944647153291378,0.9999311111111112,0.9993298973385824,0.9985554010113252,1.0059999999999998,74.05,False,1f58d07,scikit-learn=1.9.1;imbalanced-learn=0.14.2;xgboost=3.4.1;lightgbm=4.7.0;numpy=2.5.3;pandas=3.0.6,2026-09-27T20:18:58Z
cicids2017,network_security,member_1,e3,c0_none,0,0,0,none,0.0,0.0,0.1,XGB,0,1,2027,5000,5000,500,10,0.1,0.1111111111111111,0.5,"{""clf__base__colsample_bytree"": 0.8747685538575937, ""clf__base__learning_rate"": 0.13595931129996275, ""clf__base__max_depth"": 8, ""clf__base__min_child_weight"": 3, ""clf__base__n_estimators"": 400, ""clf__base__reg_lambda"": 0.1965471606749867, ""clf__base__subsample"": 0.6688106351596295}",0.9974,0.995,0.9821782178217822,0.992,0.9870646766169154,0.9991101223581758,0.998,0.9985547526403558,0.9928097146286357,0.9856345452439044,0.9996075555555556,0.9952389408681857,0.9949954773766564,1.01,77.46,False,1f58d07,scikit-learn=1.9.1;imbalanced-learn=0.14.2;xgboost=3.4.1;lightgbm=4.7.0;numpy=2.5.3;pandas=3.0.6,2026-09-27T20:20:16Z
cicids2017,network_security,member_1,e3,c0_none,0,0,0,none,0.0,0.0,0.1,XGB,1,0,3026,5000,5000,500,10,0.1,0.1111111111111111,0.5,"{""clf__base__colsample_bytree"": 0.9290601749059257, ""clf__base__learning_rate"": 0.12749352451719306, ""clf__base__max_depth"": 3, ""clf__base__min_child_weight"": 3, ""clf__base__n_estimators"": 200, ""clf__base__reg_lambda"": 0.0265855790654674, ""clf__base__subsample"": 0.9317558195828669}",0.9992,0.9977777777777778,0.996,0.996,0.996,0.9995555555555556,0.9995555555555556,0.9995555555555556,0.9977777777777778,0.9955555555555556,0.9999262222222224,0.9992944056687388,0.9977761940101264,1.0,86.46,False,1f58d07,scikit-learn=1.9.1;imbalanced-learn=0.14.2;xgboost=3.4.1;lightgbm=4.7.0;numpy=2.5.3;pandas=3.0.6,2026-09-27T20:21:43Z
cicids2017,network_security,member_1,e3,c0_none,0,0,0,none,0.0,0.0,0.1,XGB,1,1,3027,5000,5000,500,10,0.1,0.1111111111111111,0.5,"{""clf__base__colsample_bytree"": 0.6706550070155429, ""clf__base__learning_rate"": 0.11569792819007631, ""clf__base__max_depth"": 6, ""clf__base__min_child_weight"": 1, ""clf__base__n_estimators"": 200, ""clf__base__reg_lambda"": 0.21874279089075105, ""clf__base__subsample"": 0.6206077634727546}",0.9966,0.991,0.9820359281437124,0.984,0.983016983016983,0.9982218270726828,0.998,0.9981109012112456,0.9905639421141144,0.9811284908830752,0.9996106666666666,0.9926541379861,0.9909752771890932,1.002,110.39,False,1f58d07,scikit-learn=1.9.1;imbalanced-learn=0.14.2;xgboost=3.4.1;lightgbm=4.7.0;numpy=2.5.3;pandas=3.0.6,2026-09-27T20:23:34Z
cicids2017,network_security,member_1,e3,c0_none,0,0,0,none,0.0,0.0,0.1,XGB,2,0,4026,5000,5000,500,10,0.1,0.1111111111111111,0.5,"{""clf__base__colsample_bytree"": 0.659630670299126, ""clf__base__learning_rate"": 0.03834557874295529, ""clf__base__max_depth"": 4, ""clf__base__min_child_weight"": 1, ""clf__base__n_estimators"": 800, ""clf__base__reg_lambda"": 0.0752355555373566, ""clf__base__subsample"": 0.6669423150701586}",0.9976,0.9933333333333334,0.988,0.988,0.988,0.9986666666666668,0.9986666666666668,0.9986666666666668,0.9933333333333334,0.9866666666666668,0.999731111111111,0.9965955375081516,0.993319015556768,1.0,100.81,False,1f58d07,scikit-learn=1.9.1;imbalanced-learn=0.14.2;xgboost=3.4.1;lightgbm=4.7.0;numpy=2.5.3;pandas=3.0.6,2026-09-27T20:25:15Z
cicids2017,network_security,member_1,e3,c0_none,0,0,0,none,0.0,0.0,0.1,XGB,2,1,4027,5000,5000,500,10,0.1,0.1111111111111111,0.5,"{""clf__base__colsample_bytree"": 0.7962534959268627, ""clf__base__learning_rate"": 0.14932277327771687, ""clf__base__max_depth"": 3, ""clf__base__min_child_weight"": 1, ""clf__base__n_estimators"": 200, ""clf__base__reg_lambda"": 0.019567811559382847, ""clf__base__subsample"": 0.9688357828106124}",0.999,0.9985555555555556,0.9920477137176938,0.998,0.9950149551345964,0.9997776295307984,0.9991111111111112,0.9994442591975102,0.9972296071660532,0.9944647153291378,0.9998397777777775,0.9979766643916836,0.9985554010113252,1.0059999999999998,100.19,False,1f58d07,scikit-learn=1.9.1;imbalanced-learn=0.14.2;xgboost=3.4.1;lightgbm=4.7.0;numpy=2.5.3;pandas=3.0.6,2026-09-27T20:26:55Z
cicids2017,network_security,member_1,e3,c0_none,0,0,0,none,0.0,0.0,0.1,XGB,3,0,5026,5000,5000,500,10,0.1,0.1111111111111111,0.5,"{""clf__base__colsample_bytree"": 0.966186289625362, ""clf__base__learning_rate"": 0.29511899190869545, ""clf__base__max_depth"": 6, ""clf__base__min_child_weight"": 1, ""clf__base__n_estimators"": 200, ""clf__base__reg_lambda"": 1.784943962718507, ""clf__base__subsample"": 0.76926012218394}",0.9982,0.9945555555555556,0.9919839679358716,0.99,0.990990990990991,0.9988891357476116,0.9991111111111112,0.9990001110987669,0.9949955510448788,0.9899917153968943,0.9998073333333332,0.9970225330711376,0.9945451221538416,0.998,81.37,False,1f58d07,scikit-learn=1.9.1;imbalanced-learn=0.14.2;xgboost=3.4.1;lightgbm=4.7.0;numpy=2.5.3;pandas=3.0.6,2026-09-27T20:28:17Z
cicids2017,network_security,member_1,e3,c0_none,0,0,0,none,0.0,0.0,0.1,XGB,3,1,5027,5000,5000,500,10,0.1,0.1111111111111111,0.5,"{""clf__base__colsample_bytree"": 0.7569788188513907, ""clf__base__learning_rate"": 0.22391260675549185, ""clf__base__max_depth"": 4, ""clf__base__min_child_weight"": 1, ""clf__base__n_estimators"": 800, ""clf__base__reg_lambda"": 0.013517068075739864, ""clf__base__subsample"": 0.6656234019226878}",0.9972,0.994,0.9821428571428572,0.99,0.9860557768924304,0.998887900355872,0.998,0.9984437527790128,0.9922497648357216,0.9845092119471226,0.9997128888888888,0.9968124056379108,0.9939919516776784,1.008,88.37,False,1f58d07,scikit-learn=1.9.1;imbalanced-learn=0.14.2;xgboost=3.4.1;lightgbm=4.7.0;numpy=2.5.3;pandas=3.0.6,2026-09-27T20:29:46Z
cicids2017,network_security,member_1,e3,c0_none,0,0,0,none,0.0,0.0,0.1,XGB,4,0,6026,5000,5000,500,10,0.1,0.1111111111111111,0.5,"{""clf__base__colsample_bytree"": 0.6430964645008799, ""clf__base__learning_rate"": 0.11900147712804574, ""clf__base__max_depth"": 6, ""clf__base__min_child_weight"": 3, ""clf__base__n_estimators"": 800, ""clf__base__reg_lambda"": 5.320668227960565, ""clf__base__subsample"": 0.8406463455818014}",0.9964,0.989111111111111,0.9839357429718876,0.98,0.9819639278557114,0.9977787649933364,0.9982222222222222,0.998000444345701,0.9899821861007062,0.9799668094224092,0.9996877777777776,0.9964931316976408,0.9890691471165086,0.996,57.87,False,1f58d07,scikit-learn=1.9.1;imbalanced-learn=0.14.2;xgboost=3.4.1;lightgbm=4.7.0;numpy=2.5.3;pandas=3.0.6,2026-09-27T20:30:44Z
cicids2017,network_security,member_1,e3,c0_none,0,0,0,none,0.0,0.0,0.1,XGB,4,1,6027,5000,5000,500,10,0.1,0.1111111111111111,0.5,"{""clf__base__colsample_bytree"": 0.7400831131827571, ""clf__base__learning_rate"": 0.021664971667522914, ""clf__base__max_depth"": 8, ""clf__base__min_child_weight"": 1, ""clf__base__n_estimators"": 400, ""clf__base__reg_lambda"": 0.0421316488972222, ""clf__base__subsample"": 0.6098935341153626}",0.9982,0.999,0.9823182711198428,1.0,0.9910802775024776,1.0,0.998,0.998998998998999,0.9950396382507384,0.9901280899851308,0.999890222222222,0.9988792178409152,0.9989994994993742,1.018,64.5,False,1f58d07,scikit-learn=1.9.1;imbalanced-learn=0.14.2;xgboost=3.4.1;lightgbm=4.7.0;numpy=2.5.3;pandas=3.0.6,2026-09-27T20:31:49Z
cicids2017,network_security,member_1,e3,c1_A_smotetomek,1,0,0,none,0.0,1.0,0.1,LR,0,0,2026,5000,5000,500,10,0.5,1.0,0.5,"{""clf__base__C"": 76.41478416943613}",0.9618,0.9707777777777776,0.7295690936106983,0.982,0.8371696504688833,0.9979200369771204,0.9595555555555556,0.9783618443412258,0.9077657474050544,0.8276300094312927,0.9878591111111112,0.8123445192028906,0.9707129109863304,1.346,37.71,False,1f58d07,scikit-learn=1.9.1;imbalanced-learn=0.14.2;xgboost=3.4.1;lightgbm=4.7.0;numpy=2.5.3;pandas=3.0.6,2026-09-27T20:32:27Z
cicids2017,network_security,member_1,e3,c1_A_smotetomek,1,0,0,none,0.0,1.0,0.1,LR,0,1,2027,5000,5000,500,10,0.5,1.0,0.5,"{""clf__base__C"": 20.397711403252764}",0.9412,0.9664444444444444,0.6300505050505051,0.998,0.7724458204334366,0.9997623574144486,0.9348888888888888,0.9662379421221864,0.8693418812778115,0.7665151149669923,0.9860326666666668,0.7895034412763754,0.9659291439391976,1.584,40.07,False,1f58d07,scikit-learn=1.9.1;imbalanced-learn=0.14.2;xgboost=3.4.1;lightgbm=4.7.0;numpy=2.5.3;pandas=3.0.6,2026-09-27T20:33:08Z
cicids2017,network_security,member_1,e3,c1_A_smotetomek,1,0,0,none,0.0,1.0,0.1,LR,1,0,3026,5000,5000,500,10,0.5,1.0,0.5,"{""clf__base__C"": 95.41248660376695}",0.953,0.9694444444444444,0.6827586206896552,0.99,0.8081632653061225,0.9988304093567252,0.9488888888888888,0.9732193732193732,0.8906913192627479,0.7999602284483281,0.987541777777778,0.8010854701905984,0.9692264957170744,1.4499999999999995,40.18,False,1f58d07,scikit-learn=1.9.1;imbalanced-learn=0.14.2;xgboost=3.4.1;lightgbm=4.7.0;numpy=2.5.3;pandas=3.0.6,2026-09-27T20:33:48Z
cicids2017,network_security,member_1,e3,c1_A_smotetomek,1,0,0,none,0.0,1.0,0.1,LR,1,1,3027,5000,5000,500,10,0.5,1.0,0.5,"{""clf__base__C"": 2.427560843432097}",0.9448,0.9657777777777778,0.6458333333333334,0.992,0.7823343848580442,0.999054820415879,0.9395555555555556,0.9683921209344938,0.8753632528962689,0.7750800876922618,0.9791446666666668,0.7420173604833236,0.9654217270763648,1.5359999999999998,32.67,False,1f58d07,scikit-learn=1.9.1;imbalanced-learn=0.14.2;xgboost=3.4.1;lightgbm=4.7.0;numpy=2.5.3;pandas=3.0.6,2026-09-27T20:34:21Z
cicids2017,network_security,member_1,e3,c1_A_smotetomek,1,0,0,none,0.0,1.0,0.1,LR,2,0,4026,5000,5000,500,10,0.5,1.0,0.5,"{""clf__base__C"": 11.333229684537264}",0.9428,0.9664444444444444,0.6368286445012787,0.996,0.7769110764430577,0.9995258416311048,0.9368888888888888,0.9671943106217022,0.87205269353238,0.7704855803371657,0.9878122222222222,0.8137496440747836,0.9659924085277966,1.564,31.27,False,1f58d07,scikit-learn=1.9.1;imbalanced-learn=0.14.2;xgboost=3.4.1;lightgbm=4.7.0;numpy=2.5.3;pandas=3.0.6,2026-09-27T20:34:53Z
cicids2017,network_security,member_1,e3,c1_A_smotetomek,1,0,0,none,0.0,1.0,0.1,LR,2,1,4027,5000,5000,500,10,0.5,1.0,0.5,"{""clf__base__C"": 80.93579062656904}",0.9472,0.967111111111111,0.656084656084656,0.992,0.7898089171974523,0.9990574929311968,0.9422222222222222,0.969807868252516,0.8798083927249841,0.7823351930758532,0.9897951111111112,0.8282772362799351,0.966790796627918,1.512,51.15,False,1f58d07,scikit-learn=1.9.1;imbalanced-learn=0.14.2;xgboost=3.4.1;lightgbm=4.7.0;numpy=2.5.3;pandas=3.0.6,2026-09-27T20:35:44Z
cicids2017,network_security,member_1,e3,c1_A_smotetomek,1,0,0,none,0.0,1.0,0.1,LR,3,0,5026,5000,5000,500,10,0.5,1.0,0.5,"{""clf__base__C"": 68.96511808116286}",0.9466,0.9658888888888888,0.6538969616908851,0.99,0.7875894988066826,0.9988215884987036,0.9417777777777778,0.969461283312364,0.8785253910595234,0.7798645011859354,0.9886493333333332,0.8401571999999734,0.9655879038181868,1.514,49.05,False,1f58d07,scikit-learn=1.9.1;imbalanced-learn=0.14.2;xgboost=3.4.1;lightgbm=4.7.0;numpy=2.5.3;pandas=3.0.6,2026-09-27T20:36:34Z
cicids2017,network_security,member_1,e3,c1_A_smotetomek,1,0,0,none,0.0,1.0,0.1,LR,3,1,5027,5000,5000,500,10,0.5,1.0,0.5,"{""clf__base__C"": 14.586511895863424}",0.9448,0.9657777777777778,0.6458333333333334,0.992,0.7823343848580442,0.999054820415879,0.9395555555555556,0.9683921209344938,0.8753632528962689,0.7750800876922618,0.9881708888888888,0.8103942339970871,0.9654217270763648,1.5359999999999998,26.24,False,1f58d07,scikit-learn=1.9.1;imbalanced-learn=0.14.2;xgboost=3.4.1;lightgbm=4.7.0;numpy=2.5.3;pandas=3.0.6,2026-09-27T20:37:30Z
cicids2017,network_security,member_1,e3,c1_A_smotetomek,1,0,0,none,0.0,1.0,0.1,LR,4,0,6026,5000,5000,500,10,0.5,1.0,0.5,"{""clf__base__C"": 73.66417088381552}",0.9488,0.9688888888888888,0.6626666666666666,0.994,0.7952,0.9992941176470588,0.9437777777777778,0.9707428571428572,0.8829714285714285,0.7878909272797602,0.989596,0.8253677463412101,0.9685634264781584,1.4999999999999998,22.06,False,1f58d07,scikit-learn=1.9.1;imbalanced-learn=0.14.2;xgboost=3.4.1;lightgbm=4.7.0;numpy=2.5.3;pandas=3.0.6,2026-09-27T20:37:52Z
cicids2017,network_security,member_1,e3,c1_A_smotetomek,1,0,0,none,0.0,1.0,0.1,LR,4,1,6027,5000,5000,500,10,0.5,1.0,0.5,"{""clf__base__C"": 89.78839453758782}",0.9594,0.9712222222222222,0.7155297532656023,0.986,0.8292682926829268,0.9983762468104848,0.9564444444444444,0.9769606174100556,0.9031144550464912,0.8202540726063257,0.9874868888888888,0.8015063359735822,0.9711097889642664,1.378,30.67,False,1f58d07,scikit-learn=1.9.1;imbalanced-learn=0.14.2;xgboost=3.4.1;lightgbm=4.7.0;numpy=2.5.3;pandas=3.0.6,2026-09-27T20:38:23Z
cicids2017,network_security,member_1,e3,c1_A_smotetomek,1,0,0,none,0.0,1.0,0.1,RF,0,0,2026,5000,5000,500,10,0.5,1.0,0.5,"{""clf__base__max_depth"": 16, ""clf__base__max_features"": ""sqrt"", ""clf__base__min_samples_leaf"": 1, ""clf__base__n_estimators"": 200}",0.9944,0.9888888888888888,0.9627450980392156,0.982,0.9722772277227724,0.9979955456570156,0.9957777777777778,0.9968854282536151,0.9845813279881936,0.969221776279347,0.9996615555555556,0.9965966933242338,0.9888648935915249,1.0199999999999998,89.69,False,1f58d07,scikit-learn=1.9.1;imbalanced-learn=0.14.2;xgboost=3.4.1;lightgbm=4.7.0;numpy=2.5.3;pandas=3.0.6,2026-09-27T20:39:52Z
cicids2017,network_security,member_1,e3,c1_A_smotetomek,1,0,0,none,0.0,1.0,0.1,RF,0,1,2027,5000,5000,500,10,0.5,1.0,0.5,"{""clf__base__max_depth"": 16, ""clf__base__max_features"": ""sqrt"", ""clf__base__min_samples_leaf"": 2, ""clf__base__n_estimators"": 200}",0.994,0.9957777777777778,0.9450757575757576,0.998,0.970817120622568,0.9997763864042932,0.9935555555555556,0.9966562639322336,0.9837366922774008,0.9679222037653632,0.9992035555555556,0.9871797837333502,0.9957752981694435,1.0559999999999998,92.9,False,1f58d07,scikit-learn=1.9.1;imbalanced-learn=0.14.2;xgboost=3.4.1;lightgbm=4.7.0;numpy=2.5.3;pandas=3.0.6,2026-09-27T20:41:30Z
cicids2017,network_security,member_1,e3,c1_A_smotetomek,1,0,0,none,0.0,1.0,0.1,RF,1,0,3026,5000,5000,500,10,0.5,1.0,0.5,"{""clf__base__max_depth"": null, ""clf__base__max_features"": ""log2"", ""clf__base__min_samples_leaf"": 1, ""clf__base__n_estimators"": 400}",0.994,0.9948888888888888,0.946768060836502,0.996,0.9707602339181286,0.9995529727313366,0.9937777777777778,0.9966570091375084,0.9837086215278183,0.967805522648608,0.999528,0.995007019116648,0.9948882684335296,1.052,89.3,False,1f58d07,scikit-learn=1.9.1;imbalanced-learn=0.14.2;xgboost=3.4.1;lightgbm=4.7.0;numpy=2.5.3;pandas=3.0.6,2026-09-27T20:43:00Z
cicids2017,network_security,member_1,e3,c1_A_smotetomek,1,0,0,none,0.0,1.0,0.1,RF,1,1,3027,5000,5000,500,10,0.5,1.0,0.5,"{""clf__base__max_depth"": null, ""clf__base__max_features"": ""log2"", ""clf__base__min_samples_leaf"": 1, ""clf__base__n_estimators"": 200}",0.9952,0.9946666666666666,0.9594594594594594,0.994,0.9764243614931236,0.999330655957162,0.9953333333333332,0.9973279893119572,0.9868761754025404,0.9739420007639972,0.9994731111111111,0.9931864738180458,0.9946664432528792,1.0359999999999998,64.98,False,1f58d07,scikit-learn=1.9.1;imbalanced-learn=0.14.2;xgboost=3.4.1;lightgbm=4.7.0;numpy=2.5.3;pandas=3.0.6,2026-09-27T20:44:05Z
cicids2017,network_security,member_1,e3,c1_A_smotetomek,1,0,0,none,0.0,1.0,0.1,RF,2,0,4026,5000,5000,500,10,0.5,1.0,0.5,"{""clf__base__max_depth"": null, ""clf__base__max_features"": ""sqrt"", ""clf__base__min_samples_leaf"": 1, ""clf__base__n_estimators"": 200}",0.9952,0.9928888888888888,0.9630350194552528,0.99,0.9763313609467456,0.9988854213107444,0.9957777777777778,0.9973291787224572,0.9868302698346014,0.9737760494576386,0.9995222222222222,0.994075770191403,0.9928846861544396,1.028,72.07,False,1f58d07,scikit-learn=1.9.1;imbalanced-learn=0.14.2;xgboost=3.4.1;lightgbm=4.7.0;numpy=2.5.3;pandas=3.0.6,2026-09-27T20:45:40Z
cicids2017,network_security,member_1,e3,c1_A_smotetomek,1,0,0,none,0.0,1.0,0.1,RF,2,1,4027,5000,5000,500,10,0.5,1.0,0.5,"{""clf__base__max_depth"": null, ""clf__base__max_features"": ""log2"", ""clf__base__min_samples_leaf"": 1, ""clf__base__n_estimators"": 200}",0.9962,0.997,0.965183752417795,0.998,0.9813176007866272,0.9997769350881106,0.996,0.9978848936880776,0.9896012472373524,0.9793727193366528,0.9997335555555557,0.9967172681667306,0.9969994984953604,1.034,91.73,False,1f58d07,scikit-learn=1.9.1;imbalanced-learn=0.14.2;xgboost=3.4.1;lightgbm=4.7.0;numpy=2.5.3;pandas=3.0.6,2026-09-27T20:47:37Z
cicids2017,network_security,member_1,e3,c1_A_smotetomek,1,0,0,none,0.0,1.0,0.1,RF,3,0,5026,5000,5000,500,10,0.5,1.0,0.5,"{""clf__base__max_depth"": 16, ""clf__base__max_features"": ""sqrt"", ""clf__base__min_samples_leaf"": 2, ""clf__base__n_estimators"": 200}",0.996,0.996,0.9651162790697676,0.996,0.9803149606299212,0.9995539696699376,0.996,0.997773820124666,0.9890443903772936,0.9782396877809584,0.9997464444444444,0.9970190123622618,0.996,1.032,97.46,False,1f58d07,scikit-learn=1.9.1;imbalanced-learn=0.14.2;xgboost=3.4.1;lightgbm=4.7.0;numpy=2.5.3;pandas=3.0.6,2026-09-27T20:49:15Z
cicids2017,network_security,member_1,e3,c1_A_smotetomek,1,0,0,none,0.0,1.0,0.1,RF,3,1,5027,5000,5000,500,10,0.5,1.0,0.5,"{""clf__base__max_depth"": 16, ""clf__base__max_features"": ""sqrt"", ""clf__base__min_samples_leaf"": 1, ""clf__base__n_estimators"": 400}",0.9942,0.995,0.9485714285714286,0.996,0.9717073170731708,0.9995530726256984,0.994,0.9967688022284122,0.9842380596507916,0.968836031630304,0.9992193333333332,0.988241875408814,0.9949994974873104,1.0499999999999998,123.36,False,1f58d07,scikit-learn=1.9.1;imbalanced-learn=0.14.2;xgboost=3.4.1;lightgbm=4.7.0;numpy=2.5.3;pandas=3.0.6,2026-09-27T20:51:18Z
cicids2017,network_security,member_1,e3,c1_A_smotetomek,1,0,0,none,0.0,1.0,0.1,RF,4,0,6026,5000,5000,500,10,0.5,1.0,0.5,"{""clf__base__max_depth"": null, ""clf__base__max_features"": ""sqrt"", ""clf__base__min_samples_leaf"": 2, ""clf__base__n_estimators"": 400}",0.9966,0.9981111111111112,0.9671179883945842,1.0,0.983284169124877,1.0,0.9962222222222222,0.9981075364577536,0.9906958527913152,0.9815622402830796,0.9996131111111112,0.9936345884239378,0.998109323782832,1.034,115.66,False,1f58d07,scikit-learn=1.9.1;imbalanced-learn=0.14.2;xgboost=3.4.1;lightgbm=4.7.0;numpy=2.5.3;pandas=3.0.6,2026-09-27T20:53:14Z
cicids2017,network_security,member_1,e3,c1_A_smotetomek,1,0,0,none,0.0,1.0,0.1,RF,4,1,6027,5000,5000,500,10,0.5,1.0,0.5,"{""clf__base__max_depth"": null, ""clf__base__max_features"": ""sqrt"", ""clf__base__min_samples_leaf"": 1, ""clf__base__n_estimators"": 200}",0.9948,0.9962222222222222,0.9522900763358778,0.998,0.974609375,0.9997765862377124,0.9944444444444444,0.9971033868092692,0.9858563809046346,0.9720459197033456,0.9995142222222222,0.9944975388849686,0.996220635981586,1.048,84.37,False,1f58d07,scikit-learn=1.9.1;imbalanced-learn=0.14.2;xgboost=3.4.1;lightgbm=4.7.0;numpy=2.5.3;pandas=3.0.6,2026-09-27T20:54:38Z
cicids2017,network_security,member_1,e3,c1_A_smotetomek,1,0,0,none,0.0,1.0,0.1,XGB,0,0,2026,5000,5000,500,10,0.5,1.0,0.5,"{""clf__base__colsample_bytree"": 0.8487428611461553, ""clf__base__learning_rate"": 0.14765134569329497, ""clf__base__max_depth"": 6, ""clf__base__min_child_weight"": 3, ""clf__base__n_estimators"": 200, ""clf__base__reg_lambda"": 1.9248322109535474, ""clf__base__subsample"": 0.8527697187581688}",0.9972,0.9984444444444444,0.9727626459143968,1.0,0.9861932938856016,1.0,0.9968888888888888,0.9984420209214332,0.9923176574035176,0.9847518840998574,0.9998928888888888,0.9989541044973812,0.9984432326822036,1.028,46.22,False,1f58d07,scikit-learn=1.9.1;imbalanced-learn=0.14.2;xgboost=3.4.1;lightgbm=4.7.0;numpy=2.5.3;pandas=3.0.6,2026-09-27T20:55:25Z
cicids2017,network_security,member_1,e3,c1_A_smotetomek,1,0,0,none,0.0,1.0,0.1,XGB,0,1,2027,5000,5000,500,10,0.5,1.0,0.5,"{""clf__base__colsample_bytree"": 0.7335280510923655, ""clf__base__learning_rate"": 0.05971758507702269, ""clf__base__max_depth"": 8, ""clf__base__min_child_weight"": 3, ""clf__base__n_estimators"": 200, ""clf__base__reg_lambda"": 0.2886302815044253, ""clf__base__subsample"": 0.7698710164019611}",0.9966,0.9981111111111112,0.9671179883945842,1.0,0.983284169124877,1.0,0.9962222222222222,0.9981075364577536,0.9906958527913152,0.9815622402830796,0.9994962222222222,0.9931724119364512,0.998109323782832,1.034,56.93,False,1f58d07,scikit-learn=1.9.1;imbalanced-learn=0.14.2;xgboost=3.4.1;lightgbm=4.7.0;numpy=2.5.3;pandas=3.0.6,2026-09-27T20:56:22Z
cicids2017,network_security,member_1,e3,c1_A_smotetomek,1,0,0,none,0.0,1.0,0.1,XGB,1,0,3026,5000,5000,500,10,0.5,1.0,0.5,"{""clf__base__colsample_bytree"": 0.6750002232167834, ""clf__base__learning_rate"": 0.055707861774863386, ""clf__base__max_depth"": 4, ""clf__base__min_child_weight"": 1, ""clf__base__n_estimators"": 800, ""clf__base__reg_lambda"": 0.08372426491886341, ""clf__base__subsample"": 0.7362258226856279}",0.9974,0.9967777777777778,0.9783889980353636,0.996,0.9871159563924676,0.9995546648853262,0.9975555555555556,0.9985541096652208,0.9928350330288442,0.985718701920178,0.9998906666666668,0.9989069478611876,0.9967774743308224,1.018,80.07,False,1f58d07,scikit-learn=1.9.1;imbalanced-learn=0.14.2;xgboost=3.4.1;lightgbm=4.7.0;numpy=2.5.3;pandas=3.0.6,2026-09-27T20:57:42Z
cicids2017,network_security,member_1,e3,c1_A_smotetomek,1,0,0,none,0.0,1.0,0.1,XGB,1,1,3027,5000,5000,500,10,0.5,1.0,0.5,"{""clf__base__colsample_bytree"": 0.8513470081401819, ""clf__base__learning_rate"": 0.25382642172504044, ""clf__base__max_depth"": 4, ""clf__base__min_child_weight"": 1, ""clf__base__n_estimators"": 200, ""clf__base__reg_lambda"": 0.012756619257647156, ""clf__base__subsample"": 0.9023643959650978}",0.997,0.9947777777777778,0.9783037475345168,0.992,0.9851042701092354,0.9991097262408192,0.9975555555555556,0.9983320360280218,0.9917181530686284,0.9834657762470628,0.9995588888888888,0.9932483137804836,0.9947738994922972,1.014,69.39,False,1f58d07,scikit-learn=1.9.1;imbalanced-learn=0.14.2;xgboost=3.4.1;lightgbm=4.7.0;numpy=2.5.3;pandas=3.0.6,2026-09-27T20:58:52Z
cicids2017,network_security,member_1,e3,c1_A_smotetomek,1,0,0,none,0.0,1.0,0.1,XGB,2,0,4026,5000,5000,500,10,0.5,1.0,0.5,"{""clf__base__colsample_bytree"": 0.659630670299126, ""clf__base__learning_rate"": 0.03834557874295529, ""clf__base__max_depth"": 4, ""clf__base__min_child_weight"": 1, ""clf__base__n_estimators"": 800, ""clf__base__reg_lambda"": 0.0752355555373566, ""clf__base__subsample"": 0.6669423150701586}",0.9972,0.9975555555555556,0.974609375,0.998,0.9861660079051384,0.999777183600713,0.9971111111111112,0.9984423676012462,0.9923041877531922,0.984694313470372,0.9996975555555556,0.996223822463471,0.9975554565481004,1.024,55.98,False,1f58d07,scikit-learn=1.9.1;imbalanced-learn=0.14.2;xgboost=3.4.1;lightgbm=4.7.0;numpy=2.5.3;pandas=3.0.6,2026-09-27T20:59:48Z
cicids2017,network_security,member_1,e3,c1_A_smotetomek,1,0,0,none,0.0,1.0,0.1,XGB,2,1,4027,5000,5000,500,10,0.5,1.0,0.5,"{""clf__base__colsample_bytree"": 0.7962534959268627, ""clf__base__learning_rate"": 0.14932277327771687, ""clf__base__max_depth"": 3, ""clf__base__min_child_weight"": 1, ""clf__base__n_estimators"": 200, ""clf__base__reg_lambda"": 0.019567811559382847, ""clf__base__subsample"": 0.9688357828106124}",0.998,0.998,0.9822834645669292,0.998,0.9900793650793652,0.9997773820124666,0.998,0.998887900355872,0.9944836327176184,0.989005866106505,0.9998002222222222,0.9976200069480362,0.998,1.0159999999999998,49.27,False,1f58d07,scikit-learn=1.9.1;imbalanced-learn=0.14.2;xgboost=3.4.1;lightgbm=4.7.0;numpy=2.5.3;pandas=3.0.6,2026-09-27T21:00:37Z
cicids2017,network_security,member_1,e3,c1_A_smotetomek,1,0,0,none,0.0,1.0,0.1,XGB,3,0,5026,5000,5000,500,10,0.5,1.0,0.5,"{""clf__base__colsample_bytree"": 0.928600245746112, ""clf__base__learning_rate"": 0.026705641652220963, ""clf__base__max_depth"": 4, ""clf__base__min_child_weight"": 3, ""clf__base__n_estimators"": 800, ""clf__base__reg_lambda"": 3.6301278240276407, ""clf__base__subsample"": 0.763407505180668}",0.998,0.998,0.9822834645669292,0.998,0.9900793650793652,0.9997773820124666,0.998,0.998887900355872,0.9944836327176184,0.989005866106505,0.9998804444444443,0.9987226507595224,0.998,1.0159999999999998,42.43,False,1f58d07,scikit-learn=1.9.1;imbalanced-learn=0.14.2;xgboost=3.4.1;lightgbm=4.7.0;numpy=2.5.3;pandas=3.0.6,2026-09-27T21:01:20Z
cicids2017,network_security,member_1,e3,c1_A_smotetomek,1,0,0,none,0.0,1.0,0.1,XGB,3,1,5027,5000,5000,500,10,0.5,1.0,0.5,"{""clf__base__colsample_bytree"": 0.8405279927109883, ""clf__base__learning_rate"": 0.03965143905411441, ""clf__base__max_depth"": 8, ""clf__base__min_child_weight"": 1, ""clf__base__n_estimators"": 400, ""clf__base__reg_lambda"": 0.025783651592417578, ""clf__base__subsample"": 0.6276769187790308}",0.9976,0.996,0.982213438735178,0.994,0.9880715705765408,0.9993324432576768,0.998,0.99866577718479,0.9933686738806652,0.9867590967084682,0.9997044444444444,0.9966895936024536,0.9959979919658472,1.012,43.91,False,1f58d07,scikit-learn=1.9.1;imbalanced-learn=0.14.2;xgboost=3.4.1;lightgbm=4.7.0;numpy=2.5.3;pandas=3.0.6,2026-09-27T21:02:04Z
cicids2017,network_security,member_1,e3,c1_A_smotetomek,1,0,0,none,0.0,1.0,0.1,XGB,4,0,6026,5000,5000,500,10,0.5,1.0,0.5,"{""clf__base__colsample_bytree"": 0.8054931707609041, ""clf__base__learning_rate"": 0.0741136801321364, ""clf__base__max_depth"": 3, ""clf__base__min_child_weight"": 1, ""clf__base__n_estimators"": 200, ""clf__base__reg_lambda"": 0.6105355904706413, ""clf__base__subsample"": 0.8743098875360427}",0.9978,0.9978888888888888,0.9803536345776032,0.998,0.9890981169474728,0.9997773324426632,0.9977777777777778,0.99877655433211,0.9939373356397914,0.9879233959526544,0.9997944444444444,0.9977906956130952,0.9978888827029904,1.018,29.7,False,1f58d07,scikit-learn=1.9.1;imbalanced-learn=0.14.2;xgboost=3.4.1;lightgbm=4.7.0;numpy=2.5.3;pandas=3.0.6,2026-09-27T21:02:33Z
cicids2017,network_security,member_1,e3,c1_A_smotetomek,1,0,0,none,0.0,1.0,0.1,XGB,4,1,6027,5000,5000,500,10,0.5,1.0,0.5,"{""clf__base__colsample_bytree"": 0.9945079101968104, ""clf__base__learning_rate"": 0.19270404176928618, ""clf__base__max_depth"": 8, ""clf__base__min_child_weight"": 3, ""clf__base__n_estimators"": 200, ""clf__base__reg_lambda"": 3.779344640029968, ""clf__base__subsample"": 0.7441910091270953}",0.9964,0.998,0.9652509652509652,1.0,0.9823182711198428,1.0,0.996,0.997995991983968,0.9901571315519052,0.980504952251625,0.999868,0.9986312853650052,0.997997995989972,1.0359999999999998,158.14,False,1f58d07,scikit-learn=1.9.1;imbalanced-learn=0.14.2;xgboost=3.4.1;lightgbm=4.7.0;numpy=2.5.3;pandas=3.0.6,2026-09-27T21:05:12Z
cicids2017,network_security,member_1,e3,c2_B_weights,0,1,0,orig,1.0,0.0,0.1,LR,0,0,2026,5000,5000,500,10,0.1,1.0,0.5,"{""clf__base__C"": 86.64678862932995}",0.9524,0.9655555555555556,0.6819444444444445,0.982,0.8049180327868852,0.9978971962616824,0.9491111111111112,0.9728929384965832,0.8889054856417342,0.7956180650648165,0.9881835555555556,0.8154491657376326,0.965415512155834,1.4399999999999995,5.63,False,1f58d07,scikit-learn=1.9.1;imbalanced-learn=0.14.2;xgboost=3.4.1;lightgbm=4.7.0;numpy=2.5.3;pandas=3.0.6,2026-09-27T21:05:18Z
cicids2017,network_security,member_1,e3,c2_B_weights,0,1,0,orig,1.0,0.0,0.1,LR,0,1,2027,5000,5000,500,10,0.1,1.0,0.5,"{""clf__base__C"": 16.993265093194907}",0.9412,0.9664444444444444,0.6300505050505051,0.998,0.7724458204334366,0.9997623574144486,0.9348888888888888,0.9662379421221864,0.8693418812778115,0.7665151149669923,0.9814655555555556,0.7676332554780767,0.9659291439391976,1.584,5.09,False,1f58d07,scikit-learn=1.9.1;imbalanced-learn=0.14.2;xgboost=3.4.1;lightgbm=4.7.0;numpy=2.5.3;pandas=3.0.6,2026-09-27T21:05:23Z
cicids2017,network_security,member_1,e3,c2_B_weights,0,1,0,orig,1.0,0.0,0.1,LR,1,0,3026,5000,5000,500,10,0.1,1.0,0.5,"{""clf__base__C"": 95.41248660376695}",0.9436,0.965111111111111,0.6408268733850129,0.992,0.7786499215070644,0.9990534784666352,0.9382222222222222,0.9676827870731148,0.8731663542900896,0.771512101561458,0.9873222222222224,0.7981203616933293,0.964736463726983,1.5479999999999998,5.75,False,1f58d07,scikit-learn=1.9.1;imbalanced-learn=0.14.2;xgboost=3.4.1;lightgbm=4.7.0;numpy=2.5.3;pandas=3.0.6,2026-09-27T21:05:29Z
cicids2017,network_security,member_1,e3,c2_B_weights,0,1,0,orig,1.0,0.0,0.1,LR,1,1,3027,5000,5000,500,10,0.1,1.0,0.5,"{""clf__base__C"": 4.686201792798966}",0.9444,0.9664444444444444,0.6437823834196891,0.994,0.7814465408805031,0.9992904446546832,0.9388888888888888,0.9681484876260312,0.8747975142532671,0.7745421202600518,0.9790673333333332,0.7300380258230429,0.9660515284163448,1.544,4.02,False,1f58d07,scikit-learn=1.9.1;imbalanced-learn=0.14.2;xgboost=3.4.1;lightgbm=4.7.0;numpy=2.5.3;pandas=3.0.6,2026-09-27T21:05:33Z
cicids2017,network_security,member_1,e3,c2_B_weights,0,1,0,orig,1.0,0.0,0.1,LR,2,0,4026,5000,5000,500,10,0.1,1.0,0.5,"{""clf__base__C"": 11.333229684537264}",0.9432,0.9666666666666668,0.6384615384615384,0.996,0.778125,0.999526066350711,0.9373333333333334,0.9674311926605504,0.8727780963302751,0.7716573707447923,0.9848882222222222,0.8061660618342058,0.9662215066950228,1.5599999999999998,3.73,False,1f58d07,scikit-learn=1.9.1;imbalanced-learn=0.14.2;xgboost=3.4.1;lightgbm=4.7.0;numpy=2.5.3;pandas=3.0.6,2026-09-27T21:05:37Z
cicids2017,network_security,member_1,e3,c2_B_weights,0,1,0,orig,1.0,0.0,0.1,LR,2,1,4027,5000,5000,500,10,0.1,1.0,0.5,"{""clf__base__C"": 80.93579062656904}",0.945,0.9658888888888888,0.6466753585397653,0.992,0.7829518547750592,0.9990550437042288,0.9397777777777778,0.9685102484827666,0.875731051628913,0.7756785669634422,0.9885737777777778,0.81008185933467,0.9655358903508224,1.534,4.78,False,1f58d07,scikit-learn=1.9.1;imbalanced-learn=0.14.2;xgboost=3.4.1;lightgbm=4.7.0;numpy=2.5.3;pandas=3.0.6,2026-09-27T21:05:42Z
cicids2017,network_security,member_1,e3,c2_B_weights,0,1,0,orig,1.0,0.0,0.1,LR,3,0,5026,5000,5000,500,10,0.1,1.0,0.5,"{""clf__base__C"": 68.96511808116286}",0.9452,0.965111111111111,0.6479057591623036,0.99,0.7832278481012658,0.998819641170916,0.9402222222222222,0.9686355311355312,0.8759316896183984,0.7756277064839315,0.9880322222222224,0.8215148742591998,0.9647901326195246,1.5279999999999998,4.64,False,1f58d07,scikit-learn=1.9.1;imbalanced-learn=0.14.2;xgboost=3.4.1;lightgbm=4.7.0;numpy=2.5.3;pandas=3.0.6,2026-09-27T21:05:46Z
cicids2017,network_security,member_1,e3,c2_B_weights,0,1,0,orig,1.0,0.0,0.1,LR,3,1,5027,5000,5000,500,10,0.1,1.0,0.5,"{""clf__base__C"": 14.115241548086104}",0.9444,0.9664444444444444,0.6437823834196891,0.994,0.7814465408805031,0.9992904446546832,0.9388888888888888,0.9681484876260312,0.8747975142532671,0.7745421202600518,0.9855197777777778,0.8077467557075687,0.9660515284163448,1.544,4.49,False,1f58d07,scikit-learn=1.9.1;imbalanced-learn=0.14.2;xgboost=3.4.1;lightgbm=4.7.0;numpy=2.5.3;pandas=3.0.6,2026-09-27T21:05:51Z
cicids2017,network_security,member_1,e3,c2_B_weights,0,1,0,orig,1.0,0.0,0.1,LR,4,0,6026,5000,5000,500,10,0.1,1.0,0.5,"{""clf__base__C"": 73.66417088381552}",0.9428,0.9655555555555556,0.6371794871794871,0.994,0.7765625,0.9992890995260664,0.9371111111111112,0.9672018348623852,0.8718821674311927,0.7698200912906381,0.9886013333333332,0.8125819688889557,0.9651364900595378,1.5599999999999998,4.62,False,1f58d07,scikit-learn=1.9.1;imbalanced-learn=0.14.2;xgboost=3.4.1;lightgbm=4.7.0;numpy=2.5.3;pandas=3.0.6,2026-09-27T21:05:56Z
cicids2017,network_security,member_1,e3,c2_B_weights,0,1,0,orig,1.0,0.0,0.1,LR,4,1,6027,5000,5000,500,10,0.1,1.0,0.5,"{""clf__base__C"": 89.78839453758782}",0.9478,0.9647777777777776,0.6599732262382865,0.986,0.7906976744186046,0.9983541029861276,0.9435555555555556,0.9701816520050268,0.8804396632118157,0.7822734983716406,0.9874337777777776,0.7998000302796172,0.9645443368647072,1.494,5.92,False,1f58d07,scikit-learn=1.9.1;imbalanced-learn=0.14.2;xgboost=3.4.1;lightgbm=4.7.0;numpy=2.5.3;pandas=3.0.6,2026-09-27T21:06:02Z
cicids2017,network_security,member_1,e3,c2_B_weights,0,1,0,orig,1.0,0.0,0.1,RF,0,0,2026,5000,5000,500,10,0.1,1.0,0.5,"{""clf__base__max_depth"": 16, ""clf__base__max_features"": ""sqrt"", ""clf__base__min_samples_leaf"": 1, ""clf__base__n_estimators"": 400}",0.9952,0.9937777777777778,0.9612403100775194,0.992,0.9763779527559056,0.9991079393398752,0.9955555555555556,0.9973285841495992,0.9868532684527525,0.9738568934808646,0.99972,0.9967144567104804,0.9937761876353806,1.032,48.24,False,1f58d07,scikit-learn=1.9.1;imbalanced-learn=0.14.2;xgboost=3.4.1;lightgbm=4.7.0;numpy=2.5.3;pandas=3.0.6,2026-09-27T21:06:50Z
cicids2017,network_security,member_1,e3,c2_B_weights,0,1,0,orig,1.0,0.0,0.1,RF,0,1,2027,5000,5000,500,10,0.1,1.0,0.5,"{""clf__base__max_depth"": 16, ""clf__base__max_features"": ""sqrt"", ""clf__base__min_samples_leaf"": 2, ""clf__base__n_estimators"": 200}",0.9934,0.9963333333333332,0.9380863039399624,1.0,0.968054211035818,1.0,0.9926666666666668,0.9963198394111744,0.982187025223496,0.9649906757983396,0.9993608888888889,0.991701713678796,0.9963265863494092,1.0659999999999998,39.68,False,1f58d07,scikit-learn=1.9.1;imbalanced-learn=0.14.2;xgboost=3.4.1;lightgbm=4.7.0;numpy=2.5.3;pandas=3.0.6,2026-09-27T21:07:30Z
cicids2017,network_security,member_1,e3,c2_B_weights,0,1,0,orig,1.0,0.0,0.1,RF,1,0,3026,5000,5000,500,10,0.1,1.0,0.5,"{""clf__base__max_depth"": null, ""clf__base__max_features"": ""log2"", ""clf__base__min_samples_leaf"": 1, ""clf__base__n_estimators"": 400}",0.9942,0.9958888888888888,0.9468690702087288,0.998,0.9717624148003896,0.9997764363961548,0.9937777777777778,0.9967680820238494,0.9842652484121196,0.9689489031336532,0.9995086666666668,0.9930792894185264,0.9958866512923156,1.0539999999999998,53.72,False,1f58d07,scikit-learn=1.9.1;imbalanced-learn=0.14.2;xgboost=3.4.1;lightgbm=4.7.0;numpy=2.5.3;pandas=3.0.6,2026-09-27T21:08:24Z
cicids2017,network_security,member_1,e3,c2_B_weights,0,1,0,orig,1.0,0.0,0.1,RF,1,1,3027,5000,5000,500,10,0.1,1.0,0.5,"{""clf__base__max_depth"": null, ""clf__base__max_features"": ""log2"", ""clf__base__min_samples_leaf"": 1, ""clf__base__n_estimators"": 200}",0.9954,0.9938888888888888,0.9631067961165048,0.992,0.9773399014778326,0.999108138238573,0.9957777777777778,0.9974401780745688,0.9873900397762008,0.974912575363478,0.9994331111111112,0.989958815786637,0.993887093967698,1.0299999999999998,45.57,False,1f58d07,scikit-learn=1.9.1;imbalanced-learn=0.14.2;xgboost=3.4.1;lightgbm=4.7.0;numpy=2.5.3;pandas=3.0.6,2026-09-27T21:09:09Z
cicids2017,network_security,member_1,e3,c2_B_weights,0,1,0,orig,1.0,0.0,0.1,RF,2,0,4026,5000,5000,500,10,0.1,1.0,0.5,"{""clf__base__max_depth"": null, ""clf__base__max_features"": ""sqrt"", ""clf__base__min_samples_leaf"": 1, ""clf__base__n_estimators"": 200}",0.9956,0.9931111111111112,0.966796875,0.99,0.9782608695652174,0.9988859180035652,0.9962222222222222,0.9975522919448152,0.9879065807550164,0.9758984732428564,0.9993904444444444,0.9891159427353676,0.9931062380229017,1.024,41.05,False,1f58d07,scikit-learn=1.9.1;imbalanced-learn=0.14.2;xgboost=3.4.1;lightgbm=4.7.0;numpy=2.5.3;pandas=3.0.6,2026-09-27T21:09:51Z
cicids2017,network_security,member_1,e3,c2_B_weights,0,1,0,orig,1.0,0.0,0.1,RF,2,1,4027,5000,5000,500,10,0.1,1.0,0.5,"{""clf__base__max_depth"": null, ""clf__base__max_features"": ""log2"", ""clf__base__min_samples_leaf"": 1, ""clf__base__n_estimators"": 200}",0.9956,0.9966666666666666,0.9596153846153846,0.998,0.9784313725490196,0.9997767857142856,0.9953333333333332,0.9975501113585746,0.9879907419537972,0.9762152541972864,0.9998093333333332,0.997425385218078,0.996665774804506,1.0399999999999998,38.42,False,1f58d07,scikit-learn=1.9.1;imbalanced-learn=0.14.2;xgboost=3.4.1;lightgbm=4.7.0;numpy=2.5.3;pandas=3.0.6,2026-09-27T21:10:29Z
cicids2017,network_security,member_1,e3,c2_B_weights,0,1,0,orig,1.0,0.0,0.1,RF,3,0,5026,5000,5000,500,10,0.1,1.0,0.5,"{""clf__base__max_depth"": 16, ""clf__base__max_features"": ""sqrt"", ""clf__base__min_samples_leaf"": 2, ""clf__base__n_estimators"": 200}",0.9958,0.9976666666666668,0.9596928982725528,1.0,0.9794319294809012,1.0,0.9953333333333332,0.9976612094888072,0.988546569484854,0.977350669623727,0.999788,0.997488630413649,0.9976639380740056,1.042,44.96,False,1f58d07,scikit-learn=1.9.1;imbalanced-learn=0.14.2;xgboost=3.4.1;lightgbm=4.7.0;numpy=2.5.3;pandas=3.0.6,2026-09-27T21:11:14Z
cicids2017,network_security,member_1,e3,c2_B_weights,0,1,0,orig,1.0,0.0,0.1,RF,3,1,5027,5000,5000,500,10,0.1,1.0,0.5,"{""clf__base__max_depth"": 16, ""clf__base__max_features"": ""sqrt"", ""clf__base__min_samples_leaf"": 1, ""clf__base__n_estimators"": 400}",0.994,0.9948888888888888,0.946768060836502,0.996,0.9707602339181286,0.9995529727313366,0.9937777777777778,0.9966570091375084,0.9837086215278183,0.967805522648608,0.9992402222222222,0.9876826110263448,0.9948882684335296,1.052,55.53,False,1f58d07,scikit-learn=1.9.1;imbalanced-learn=0.14.2;xgboost=3.4.1;lightgbm=4.7.0;numpy=2.5.3;pandas=3.0.6,2026-09-27T21:12:10Z
cicids2017,network_security,member_1,e3,c2_B_weights,0,1,0,orig,1.0,0.0,0.1,RF,4,0,6026,5000,5000,500,10,0.1,1.0,0.5,"{""clf__base__max_depth"": null, ""clf__base__max_features"": ""sqrt"", ""clf__base__min_samples_leaf"": 2, ""clf__base__n_estimators"": 200}",0.9958,0.9976666666666668,0.9596928982725528,1.0,0.9794319294809012,1.0,0.9953333333333332,0.9976612094888072,0.988546569484854,0.977350669623727,0.9996122222222222,0.9945342652107368,0.9976639380740056,1.042,49.54,False,1f58d07,scikit-learn=1.9.1;imbalanced-learn=0.14.2;xgboost=3.4.1;lightgbm=4.7.0;numpy=2.5.3;pandas=3.0.6,2026-09-27T21:13:00Z
cicids2017,network_security,member_1,e3,c2_B_weights,0,1,0,orig,1.0,0.0,0.1,RF,4,1,6027,5000,5000,500,10,0.1,1.0,0.5,"{""clf__base__max_depth"": null, ""clf__base__max_features"": ""sqrt"", ""clf__base__min_samples_leaf"": 1, ""clf__base__n_estimators"": 200}",0.9946,0.9961111111111112,0.9504761904761904,0.998,0.9736585365853658,0.9997765363128492,0.9942222222222222,0.996991643454039,0.9853250900197024,0.9710107477506864,0.9995766666666668,0.9946451943732078,0.9961093201942132,1.0499999999999998,36.49,False,1f58d07,scikit-learn=1.9.1;imbalanced-learn=0.14.2;xgboost=3.4.1;lightgbm=4.7.0;numpy=2.5.3;pandas=3.0.6,2026-09-27T21:13:36Z
cicids2017,network_security,member_1,e3,c2_B_weights,0,1,0,orig,1.0,0.0,0.1,XGB,0,0,2026,5000,5000,500,10,0.1,1.0,0.5,"{""clf__base__colsample_bytree"": 0.8730309932691698, ""clf__base__learning_rate"": 0.199046962929904, ""clf__base__max_depth"": 8, ""clf__base__min_child_weight"": 3, ""clf__base__n_estimators"": 800, ""clf__base__reg_lambda"": 0.012097667712699732, ""clf__base__subsample"": 0.893015156710232}",0.998,0.9988888888888888,0.9803921568627452,1.0,0.99009900990099,1.0,0.9977777777777778,0.9988876529477196,0.9944933314243548,0.9890467671577884,0.9999217777777778,0.999167185348602,0.9988882709181132,1.0199999999999998,28.1,False,1f58d07,scikit-learn=1.9.1;imbalanced-learn=0.14.2;xgboost=3.4.1;lightgbm=4.7.0;numpy=2.5.3;pandas=3.0.6,2026-09-27T21:14:05Z
cicids2017,network_security,member_1,e3,c2_B_weights,0,1,0,orig,1.0,0.0,0.1,XGB,0,1,2027,5000,5000,500,10,0.1,1.0,0.5,"{""clf__base__colsample_bytree"": 0.9206269033670733, ""clf__base__learning_rate"": 0.21639357680112015, ""clf__base__max_depth"": 3, ""clf__base__min_child_weight"": 1, ""clf__base__n_estimators"": 200, ""clf__base__reg_lambda"": 0.39950328397895196, ""clf__base__subsample"": 0.643985800858856}",0.9984,0.9982222222222222,0.9861660079051384,0.998,0.9920477137176938,0.9997774810858924,0.9984444444444444,0.9991105181231932,0.9955791159204436,0.9911800604033986,0.9996542222222222,0.9956374230258532,0.99822219748689,1.012,33.25,False,1f58d07,scikit-learn=1.9.1;imbalanced-learn=0.14.2;xgboost=3.4.1;lightgbm=4.7.0;numpy=2.5.3;pandas=3.0.6,2026-09-27T21:14:38Z
cicids2017,network_security,member_1,e3,c2_B_weights,0,1,0,orig,1.0,0.0,0.1,XGB,1,0,3026,5000,5000,500,10,0.1,1.0,0.5,"{""clf__base__colsample_bytree"": 0.6427066924659094, ""clf__base__learning_rate"": 0.14362393914105898, ""clf__base__max_depth"": 6, ""clf__base__min_child_weight"": 1, ""clf__base__n_estimators"": 400, ""clf__base__reg_lambda"": 0.614643025252804, ""clf__base__subsample"": 0.9355678497997515}",0.9988,0.9975555555555556,0.9920318725099602,0.996,0.994011976047904,0.9995553579368608,0.9991111111111112,0.999333185152256,0.99667258060008,0.993347608168221,0.9999084444444444,0.9991196803871032,0.997554342713552,1.004,41.55,False,1f58d07,scikit-learn=1.9.1;imbalanced-learn=0.14.2;xgboost=3.4.1;lightgbm=4.7.0;numpy=2.5.3;pandas=3.0.6,2026-09-27T21:15:20Z
cicids2017,network_security,member_1,e3,c2_B_weights,0,1,0,orig,1.0,0.0,0.1,XGB,1,1,3027,5000,5000,500,10,0.1,1.0,0.5,"{""clf__base__colsample_bytree"": 0.8482827391756707, ""clf__base__learning_rate"": 0.08131230450991951, ""clf__base__max_depth"": 3, ""clf__base__min_child_weight"": 1, ""clf__base__n_estimators"": 800, ""clf__base__reg_lambda"": 4.380651853338851, ""clf__base__subsample"": 0.8913932215447226}",0.9978,0.9978888888888888,0.9803536345776032,0.998,0.9890981169474728,0.9997773324426632,0.9977777777777778,0.99877655433211,0.9939373356397914,0.9879233959526544,0.9997397777777776,0.9970020108459848,0.9978888827029904,1.018,41.45,False,1f58d07,scikit-learn=1.9.1;imbalanced-learn=0.14.2;xgboost=3.4.1;lightgbm=4.7.0;numpy=2.5.3;pandas=3.0.6,2026-09-27T21:16:01Z
cicids2017,network_security,member_1,e3,c2_B_weights,0,1,0,orig,1.0,0.0,0.1,XGB,2,0,4026,5000,5000,500,10,0.1,1.0,0.5,"{""clf__base__colsample_bytree"": 0.659630670299126, ""clf__base__learning_rate"": 0.03834557874295529, ""clf__base__max_depth"": 4, ""clf__base__min_child_weight"": 1, ""clf__base__n_estimators"": 800, ""clf__base__reg_lambda"": 0.0752355555373566, ""clf__base__subsample"": 0.6669423150701586}",0.9976,0.9951111111111112,0.984126984126984,0.992,0.9880478087649402,0.9991103202846976,0.9982222222222222,0.9986660738105824,0.9933569412877614,0.9867235826442596,0.99974,0.997019349460598,0.995106247817008,1.008,47.28,False,1f58d07,scikit-learn=1.9.1;imbalanced-learn=0.14.2;xgboost=3.4.1;lightgbm=4.7.0;numpy=2.5.3;pandas=3.0.6,2026-09-27T21:16:49Z
cicids2017,network_security,member_1,e3,c2_B_weights,0,1,0,orig,1.0,0.0,0.1,XGB,2,1,4027,5000,5000,500,10,0.1,1.0,0.5,"{""clf__base__colsample_bytree"": 0.7962534959268627, ""clf__base__learning_rate"": 0.14932277327771687, ""clf__base__max_depth"": 3, ""clf__base__min_child_weight"": 1, ""clf__base__n_estimators"": 200, ""clf__base__reg_lambda"": 0.019567811559382847, ""clf__base__subsample"": 0.9688357828106124}",0.9986,0.9992222222222222,0.9861932938856016,1.0,0.99304865938431,1.0,0.9984444444444444,0.9992216168130768,0.9961351380986934,0.9922999624248942,0.99989,0.9987613105969958,0.9992219195176036,1.014,38.02,False,1f58d07,scikit-learn=1.9.1;imbalanced-learn=0.14.2;xgboost=3.4.1;lightgbm=4.7.0;numpy=2.5.3;pandas=3.0.6,2026-09-27T21:17:27Z
cicids2017,network_security,member_1,e3,c2_B_weights,0,1,0,orig,1.0,0.0,0.1,XGB,3,0,5026,5000,5000,500,10,0.1,1.0,0.5,"{""clf__base__colsample_bytree"": 0.7542890799948759, ""clf__base__learning_rate"": 0.19191750289230153, ""clf__base__max_depth"": 8, ""clf__base__min_child_weight"": 3, ""clf__base__n_estimators"": 400, ""clf__base__reg_lambda"": 0.7269417058364168, ""clf__base__subsample"": 0.9589918836811703}",0.9982,0.9972222222222222,0.986138613861386,0.996,0.991044776119403,0.999555061179088,0.9984444444444444,0.9989994441356308,0.995022110127517,0.9900593916871993,0.9999502222222224,0.9994996560735672,0.9972214732278216,1.01,26.84,False,1f58d07,scikit-learn=1.9.1;imbalanced-learn=0.14.2;xgboost=3.4.1;lightgbm=4.7.0;numpy=2.5.3;pandas=3.0.6,2026-09-27T21:17:54Z
cicids2017,network_security,member_1,e3,c2_B_weights,0,1,0,orig,1.0,0.0,0.1,XGB,3,1,5027,5000,5000,500,10,0.1,1.0,0.5,"{""clf__base__colsample_bytree"": 0.8405279927109883, ""clf__base__learning_rate"": 0.03965143905411441, ""clf__base__max_depth"": 8, ""clf__base__min_child_weight"": 1, ""clf__base__n_estimators"": 400, ""clf__base__reg_lambda"": 0.025783651592417578, ""clf__base__subsample"": 0.6276769187790308}",0.9974,0.995,0.9821782178217822,0.992,0.9870646766169154,0.9991101223581758,0.998,0.9985547526403558,0.9928097146286357,0.9856345452439044,0.9996726666666668,0.996302468932534,0.9949954773766564,1.01,32.58,False,1f58d07,scikit-learn=1.9.1;imbalanced-learn=0.14.2;xgboost=3.4.1;lightgbm=4.7.0;numpy=2.5.3;pandas=3.0.6,2026-09-27T21:18:26Z
cicids2017,network_security,member_1,e3,c2_B_weights,0,1,0,orig,1.0,0.0,0.1,XGB,4,0,6026,5000,5000,500,10,0.1,1.0,0.5,"{""clf__base__colsample_bytree"": 0.6019883151666798, ""clf__base__learning_rate"": 0.05495868370296514, ""clf__base__max_depth"": 3, ""clf__base__min_child_weight"": 1, ""clf__base__n_estimators"": 200, ""clf__base__reg_lambda"": 0.012258452796480747, ""clf__base__subsample"": 0.8499805869873966}",0.9974,0.9958888888888888,0.980276134122288,0.994,0.987090367428004,0.9993322946806142,0.9977777777777778,0.9985544312242856,0.9928223993261448,0.9856743227915208,0.9996702222222222,0.9960859184146575,0.995887097572366,1.014,17.78,False,1f58d07,scikit-learn=1.9.1;imbalanced-learn=0.14.2;xgboost=3.4.1;lightgbm=4.7.0;numpy=2.5.3;pandas=3.0.6,2026-09-27T21:18:44Z
cicids2017,network_security,member_1,e3,c2_B_weights,0,1,0,orig,1.0,0.0,0.1,XGB,4,1,6027,5000,5000,500,10,0.1,1.0,0.5,"{""clf__base__colsample_bytree"": 0.7400831131827571, ""clf__base__learning_rate"": 0.021664971667522914, ""clf__base__max_depth"": 8, ""clf__base__min_child_weight"": 1, ""clf__base__n_estimators"": 400, ""clf__base__reg_lambda"": 0.0421316488972222, ""clf__base__subsample"": 0.6098935341153626}",0.9968,0.9982222222222222,0.9689922480620154,1.0,0.984251968503937,1.0,0.9964444444444444,0.9982190560997328,0.9912355123018348,0.9826224820810524,0.999892,0.9988562435470448,0.9982206391597224,1.032,22.29,False,1f58d07,scikit-learn=1.9.1;imbalanced-learn=0.14.2;xgboost=3.4.1;lightgbm=4.7.0;numpy=2.5.3;pandas=3.0.6,2026-09-27T21:19:07Z
cicids2017,network_security,member_1,e3,c4_AB_smotetomek_weights,1,1,0,orig,1.0,1.0,0.1,LR,0,0,2026,5000,5000,500,10,0.5,9.0,0.5,"{""clf__base__C"": 36.18894389380965}",0.9424,0.9608888888888888,0.6373056994818653,0.984,0.7735849056603774,0.9981078524124882,0.9377777777777778,0.9670027497708524,0.8702938277156149,0.7653169878129334,0.9818364444444444,0.7465659965052098,0.960610916726087,1.544,8.49,False,1f58d07,scikit-learn=1.9.1;imbalanced-learn=0.14.2;xgboost=3.4.1;lightgbm=4.7.0;numpy=2.5.3;pandas=3.0.6,2026-09-27T21:19:15Z
cicids2017,network_security,member_1,e3,c4_AB_smotetomek_weights,1,1,0,orig,1.0,1.0,0.1,LR,0,1,2027,5000,5000,500,10,0.5,9.0,0.5,"{""clf__base__C"": 33.09421283700199}",0.934,0.9633333333333334,0.6024096385542169,1.0,0.7518796992481203,1.0,0.9266666666666666,0.9619377162629758,0.856908707755548,0.7471498723327922,0.971319111111111,0.6230003405144957,0.9626352718795768,1.66,11.18,False,1f58d07,scikit-learn=1.9.1;imbalanced-learn=0.14.2;xgboost=3.4.1;lightgbm=4.7.0;numpy=2.5.3;pandas=3.0.6,2026-09-27T21:19:27Z
cicids2017,network_security,member_1,e3,c4_AB_smotetomek_weights,1,1,0,orig,1.0,1.0,0.1,LR,1,0,3026,5000,5000,500,10,0.5,9.0,0.5,"{""clf__base__C"": 95.41248660376695}",0.9332,0.9602222222222222,0.6002415458937198,0.994,0.7484939759036144,0.99928092042186,0.9264444444444444,0.9614852398523984,0.8549896078780065,0.742850673715658,0.9858468888888888,0.790379761772284,0.9596279371599066,1.656,11.13,False,1f58d07,scikit-learn=1.9.1;imbalanced-learn=0.14.2;xgboost=3.4.1;lightgbm=4.7.0;numpy=2.5.3;pandas=3.0.6,2026-09-27T21:19:38Z
cicids2017,network_security,member_1,e3,c4_AB_smotetomek_weights,1,1,0,orig,1.0,1.0,0.1,LR,1,1,3027,5000,5000,500,10,0.5,9.0,0.5,"{""clf__base__C"": 4.686201792798966}",0.9378,0.9654444444444444,0.6165228113440198,1.0,0.7627765064836003,1.0,0.9308888888888888,0.9642076188284038,0.8634920626560021,0.7575712737602243,0.9735475555555556,0.6388536335704793,0.9648258334481352,1.622,8.22,False,1f58d07,scikit-learn=1.9.1;imbalanced-learn=0.14.2;xgboost=3.4.1;lightgbm=4.7.0;numpy=2.5.3;pandas=3.0.6,2026-09-27T21:19:46Z
cicids2017,network_security,member_1,e3,c4_AB_smotetomek_weights,1,1,0,orig,1.0,1.0,0.1,LR,2,0,4026,5000,5000,500,10,0.5,9.0,0.5,"{""clf__base__C"": 11.333229684537264}",0.9382,0.9638888888888888,0.6186335403726708,0.996,0.7632183908045977,0.999523241954708,0.9317777777777778,0.9644623346751008,0.8638403627398492,0.7573058337461537,0.9757162222222222,0.6617166515737065,0.9633538636797316,1.61,7.76,False,1f58d07,scikit-learn=1.9.1;imbalanced-learn=0.14.2;xgboost=3.4.1;lightgbm=4.7.0;numpy=2.5.3;pandas=3.0.6,2026-09-27T21:19:54Z
cicids2017,network_security,member_1,e3,c4_AB_smotetomek_weights,1,1,0,orig,1.0,1.0,0.1,LR,2,1,4027,5000,5000,500,10,0.5,9.0,0.5,"{""clf__base__C"": 80.93579062656904}",0.9338,0.9623333333333332,0.6019300361881785,0.998,0.7509405568096313,0.9997602493406856,0.9266666666666666,0.9618267789182332,0.8563836678639323,0.7458974129769387,0.980592888888889,0.7474261475300368,0.961672154808141,1.658,10.09,False,1f58d07,scikit-learn=1.9.1;imbalanced-learn=0.14.2;xgboost=3.4.1;lightgbm=4.7.0;numpy=2.5.3;pandas=3.0.6,2026-09-27T21:20:04Z
cicids2017,network_security,member_1,e3,c4_AB_smotetomek_weights,1,1,0,orig,1.0,1.0,0.1,LR,3,0,5026,5000,5000,500,10,0.5,9.0,0.5,"{""clf__base__C"": 68.96511808116286}",0.939,0.9625555555555556,0.6223337515683814,0.992,0.7648419429452583,0.999048298834166,0.9331111111111112,0.9649546133517178,0.8648982781484881,0.758186942035011,0.9825155555555556,0.7715035142739664,0.9621050993640052,1.594,9.35,False,1f58d07,scikit-learn=1.9.1;imbalanced-learn=0.14.2;xgboost=3.4.1;lightgbm=4.7.0;numpy=2.5.3;pandas=3.0.6,2026-09-27T21:20:14Z
cicids2017,network_security,member_1,e3,c4_AB_smotetomek_weights,1,1,0,orig,1.0,1.0,0.1,LR,3,1,5027,5000,5000,500,10,0.5,9.0,0.5,"{""clf__base__C"": 12.776241362116359}",0.9352,0.9622222222222222,0.6073170731707317,0.996,0.7545454545454545,0.9995215311004784,0.9284444444444444,0.962672811059908,0.8586091328026813,0.7489917064914277,0.9741615555555556,0.6477223774290229,0.9616291731570266,1.64,8.08,False,1f58d07,scikit-learn=1.9.1;imbalanced-learn=0.14.2;xgboost=3.4.1;lightgbm=4.7.0;numpy=2.5.3;pandas=3.0.6,2026-09-27T21:20:22Z
cicids2017,network_security,member_1,e3,c4_AB_smotetomek_weights,1,1,0,orig,1.0,1.0,0.1,LR,4,0,6026,5000,5000,500,10,0.5,9.0,0.5,"{""clf__base__C"": 73.66417088381552}",0.9342,0.9625555555555556,0.6033857315598549,0.998,0.7520723436322532,0.9997603642463456,0.9271111111111112,0.9620661824051656,0.8570692630187093,0.7469786843368442,0.9752417777777778,0.6715755178438594,0.961902743986568,1.654,15.14,False,1f58d07,scikit-learn=1.9.1;imbalanced-learn=0.14.2;xgboost=3.4.1;lightgbm=4.7.0;numpy=2.5.3;pandas=3.0.6,2026-09-27T21:20:37Z
cicids2017,network_security,member_1,e3,c4_AB_smotetomek_weights,1,1,0,orig,1.0,1.0,0.1,LR,4,1,6027,5000,5000,500,10,0.5,9.0,0.5,"{""clf__base__C"": 89.78839453758782}",0.9392,0.9635555555555556,0.6228070175438597,0.994,0.765793528505393,0.9992860542598764,0.9331111111111112,0.965065502183406,0.8654295153443996,0.7594401879111257,0.9863533333333334,0.8115867837289664,0.963074475024878,1.596,18.22,False,1f58d07,scikit-learn=1.9.1;imbalanced-learn=0.14.2;xgboost=3.4.1;lightgbm=4.7.0;numpy=2.5.3;pandas=3.0.6,2026-09-27T21:20:56Z
cicids2017,network_security,member_1,e3,c4_AB_smotetomek_weights,1,1,0,orig,1.0,1.0,0.1,RF,0,0,2026,5000,5000,500,10,0.5,9.0,0.5,"{""clf__base__max_depth"": 16, ""clf__base__max_features"": ""sqrt"", ""clf__base__min_samples_leaf"": 1, ""clf__base__n_estimators"": 200}",0.9944,0.9951111111111112,0.950381679389313,0.996,0.97265625,0.9995531724754244,0.9942222222222222,0.996880570409982,0.9847684102049912,0.9698693726372836,0.9996391111111111,0.996151563013648,0.9951107141084018,1.048,87.35,False,1f58d07,scikit-learn=1.9.1;imbalanced-learn=0.14.2;xgboost=3.4.1;lightgbm=4.7.0;numpy=2.5.3;pandas=3.0.6,2026-09-27T21:22:23Z
cicids2017,network_security,member_1,e3,c4_AB_smotetomek_weights,1,1,0,orig,1.0,1.0,0.1,RF,0,1,2027,5000,5000,500,10,0.5,9.0,0.5,"{""clf__base__max_depth"": 16, ""clf__base__max_features"": ""sqrt"", ""clf__base__min_samples_leaf"": 2, ""clf__base__n_estimators"": 200}",0.9914,0.9952222222222222,0.9208103130755064,1.0,0.9587727708533078,1.0,0.9904444444444443,0.9951992854750474,0.9769860281641776,0.9549929104306404,0.9993568888888889,0.9915829876554416,0.9952107537825566,1.086,86.84,False,1f58d07,scikit-learn=1.9.1;imbalanced-learn=0.14.2;xgboost=3.4.1;lightgbm=4.7.0;numpy=2.5.3;pandas=3.0.6,2026-09-27T21:23:50Z
cicids2017,network_security,member_1,e3,c4_AB_smotetomek_weights,1,1,0,orig,1.0,1.0,0.1,RF,1,0,3026,5000,5000,500,10,0.5,9.0,0.5,"{""clf__base__max_depth"": null, ""clf__base__max_features"": ""log2"", ""clf__base__min_samples_leaf"": 1, ""clf__base__n_estimators"": 400}",0.993,0.9961111111111112,0.9345794392523364,1.0,0.966183574879227,1.0,0.9922222222222222,0.996095928611266,0.9811397517452464,0.9629696194886688,0.9994833333333334,0.9940967305095002,0.9961035198322624,1.0699999999999998,108.67,False,1f58d07,scikit-learn=1.9.1;imbalanced-learn=0.14.2;xgboost=3.4.1;lightgbm=4.7.0;numpy=2.5.3;pandas=3.0.6,2026-09-27T21:25:39Z
cicids2017,network_security,member_1,e3,c4_AB_smotetomek_weights,1,1,0,orig,1.0,1.0,0.1,RF,1,1,3027,5000,5000,500,10,0.5,9.0,0.5,"{""clf__base__max_depth"": null, ""clf__base__max_features"": ""log2"", ""clf__base__min_samples_leaf"": 1, ""clf__base__n_estimators"": 200}",0.9944,0.9968888888888888,0.946969696969697,1.0,0.9727626459143968,1.0,0.9937777777777778,0.9968791796700848,0.9848209127922408,0.9700914601610722,0.9993755555555556,0.989823416638369,0.9968840342676664,1.0559999999999998,90.9,False,1f58d07,scikit-learn=1.9.1;imbalanced-learn=0.14.2;xgboost=3.4.1;lightgbm=4.7.0;numpy=2.5.3;pandas=3.0.6,2026-09-27T21:27:10Z
cicids2017,network_security,member_1,e3,c4_AB_smotetomek_weights,1,1,0,orig,1.0,1.0,0.1,RF,2,0,4026,5000,5000,500,10,0.5,9.0,0.5,"{""clf__base__max_depth"": null, ""clf__base__max_features"": ""sqrt"", ""clf__base__min_samples_leaf"": 1, ""clf__base__n_estimators"": 200}",0.9942,0.9967777777777778,0.945179584120983,1.0,0.9718172983479106,1.0,0.9935555555555556,0.9967673614981608,0.9842923299230356,0.9690657494727032,0.999442222222222,0.992240552573534,0.996772569624363,1.058,73.24,False,1f58d07,scikit-learn=1.9.1;imbalanced-learn=0.14.2;xgboost=3.4.1;lightgbm=4.7.0;numpy=2.5.3;pandas=3.0.6,2026-09-27T21:28:23Z
cicids2017,network_security,member_1,e3,c4_AB_smotetomek_weights,1,1,0,orig,1.0,1.0,0.1,RF,2,1,4027,5000,5000,500,10,0.5,9.0,0.5,"{""clf__base__max_depth"": null, ""clf__base__max_features"": ""log2"", ""clf__base__min_samples_leaf"": 1, ""clf__base__n_estimators"": 200}",0.9936,0.9964444444444444,0.9398496240601504,1.0,0.9689922480620154,1.0,0.9928888888888888,0.9964317573595004,0.982712002710758,0.9660053048279408,0.9996608888888888,0.99479929827709,0.9964381008817804,1.0639999999999998,77.79,False,1f58d07,scikit-learn=1.9.1;imbalanced-learn=0.14.2;xgboost=3.4.1;lightgbm=4.7.0;numpy=2.5.3;pandas=3.0.6,2026-09-27T21:29:41Z
cicids2017,network_security,member_1,e3,c4_AB_smotetomek_weights,1,1,0,orig,1.0,1.0,0.1,RF,3,0,5026,5000,5000,500,10,0.5,9.0,0.5,"{""clf__base__max_depth"": 16, ""clf__base__max_features"": ""sqrt"", ""clf__base__min_samples_leaf"": 2, ""clf__base__n_estimators"": 400}",0.9948,0.9971111111111112,0.9505703422053232,1.0,0.9746588693957114,1.0,0.9942222222222222,0.9971027412525072,0.9858808053241092,0.9721513040704696,0.9996835555555555,0.996349910311354,0.997106926173027,1.052,89.65,False,1f58d07,scikit-learn=1.9.1;imbalanced-learn=0.14.2;xgboost=3.4.1;lightgbm=4.7.0;numpy=2.5.3;pandas=3.0.6,2026-09-27T21:31:20Z
cicids2017,network_security,member_1,e3,c4_AB_smotetomek_weights,1,1,0,orig,1.0,1.0,0.1,RF,3,1,5027,5000,5000,500,10,0.5,9.0,0.5,"{""clf__base__max_depth"": null, ""clf__base__max_features"": ""sqrt"", ""clf__base__min_samples_leaf"": 1, ""clf__base__n_estimators"": 400}",0.9932,0.9953333333333334,0.93796992481203,0.998,0.9670542635658916,0.9997761862130708,0.9926666666666668,0.9962087421944692,0.9816315028801804,0.9638432517732676,0.999268,0.9868772628384224,0.9953297611009796,1.0639999999999998,105.62,False,1f58d07,scikit-learn=1.9.1;imbalanced-learn=0.14.2;xgboost=3.4.1;lightgbm=4.7.0;numpy=2.5.3;pandas=3.0.6,2026-09-27T21:33:06Z
cicids2017,network_security,member_1,e3,c4_AB_smotetomek_weights,1,1,0,orig,1.0,1.0,0.1,RF,4,0,6026,5000,5000,500,10,0.5,9.0,0.5,"{""clf__base__max_depth"": null, ""clf__base__max_features"": ""sqrt"", ""clf__base__min_samples_leaf"": 2, ""clf__base__n_estimators"": 400}",0.993,0.9961111111111112,0.9345794392523364,1.0,0.966183574879227,1.0,0.9922222222222222,0.996095928611266,0.9811397517452464,0.9629696194886688,0.9996695555555556,0.99545796490283,0.9961035198322624,1.0699999999999998,63.07,False,1f58d07,scikit-learn=1.9.1;imbalanced-learn=0.14.2;xgboost=3.4.1;lightgbm=4.7.0;numpy=2.5.3;pandas=3.0.6,2026-09-27T21:34:09Z
cicids2017,network_security,member_1,e3,c4_AB_smotetomek_weights,1,1,0,orig,1.0,1.0,0.1,RF,4,1,6027,5000,5000,500,10,0.5,9.0,0.5,"{""clf__base__max_depth"": null, ""clf__base__max_features"": ""sqrt"", ""clf__base__min_samples_leaf"": 1, ""clf__base__n_estimators"": 200}",0.9934,0.9963333333333332,0.9380863039399624,1.0,0.968054211035818,1.0,0.9926666666666668,0.9963198394111744,0.982187025223496,0.9649906757983396,0.9994924444444444,0.9943922522359862,0.9963265863494092,1.0659999999999998,42.84,False,1f58d07,scikit-learn=1.9.1;imbalanced-learn=0.14.2;xgboost=3.4.1;lightgbm=4.7.0;numpy=2.5.3;pandas=3.0.6,2026-09-27T21:34:52Z
cicids2017,network_security,member_1,e3,c4_AB_smotetomek_weights,1,1,0,orig,1.0,1.0,0.1,XGB,0,0,2026,5000,5000,500,10,0.5,9.0,0.5,"{""clf__base__colsample_bytree"": 0.6299297262516527, ""clf__base__learning_rate"": 0.24209961404115907, ""clf__base__max_depth"": 3, ""clf__base__min_child_weight"": 1, ""clf__base__n_estimators"": 400, ""clf__base__reg_lambda"": 0.013825769701893902, ""clf__base__subsample"": 0.7881804586451416}",0.9954,0.9974444444444444,0.9560229445506692,1.0,0.9775171065493646,1.0,0.9948888888888888,0.9974378968474992,0.9874775016984318,0.9752623262775504,0.999875111111111,0.998822166067187,0.9974411706405992,1.0459999999999998,39.88,False,1f58d07,scikit-learn=1.9.1;imbalanced-learn=0.14.2;xgboost=3.4.1;lightgbm=4.7.0;numpy=2.5.3;pandas=3.0.6,2026-09-27T21:35:32Z
cicids2017,network_security,member_1,e3,c4_AB_smotetomek_weights,1,1,0,orig,1.0,1.0,0.1,XGB,0,1,2027,5000,5000,500,10,0.5,9.0,0.5,"{""clf__base__colsample_bytree"": 0.9206269033670733, ""clf__base__learning_rate"": 0.21639357680112015, ""clf__base__max_depth"": 3, ""clf__base__min_child_weight"": 1, ""clf__base__n_estimators"": 200, ""clf__base__reg_lambda"": 0.39950328397895196, ""clf__base__subsample"": 0.643985800858856}",0.9942,0.9967777777777778,0.945179584120983,1.0,0.9718172983479106,1.0,0.9935555555555556,0.9967673614981608,0.9842923299230356,0.9690657494727032,0.9995102222222222,0.9929153993423,0.996772569624363,1.058,49.99,False,1f58d07,scikit-learn=1.9.1;imbalanced-learn=0.14.2;xgboost=3.4.1;lightgbm=4.7.0;numpy=2.5.3;pandas=3.0.6,2026-09-27T21:36:22Z
cicids2017,network_security,member_1,e3,c4_AB_smotetomek_weights,1,1,0,orig,1.0,1.0,0.1,XGB,1,0,3026,5000,5000,500,10,0.5,9.0,0.5,"{""clf__base__colsample_bytree"": 0.6427066924659094, ""clf__base__learning_rate"": 0.14362393914105898, ""clf__base__max_depth"": 6, ""clf__base__min_child_weight"": 1, ""clf__base__n_estimators"": 400, ""clf__base__reg_lambda"": 0.614643025252804, ""clf__base__subsample"": 0.9355678497997515}",0.9952,0.9973333333333334,0.9541984732824428,1.0,0.9765625,1.0,0.9946666666666668,0.997326203208556,0.986944351604278,0.9742224667694078,0.9999422222222224,0.9994756005555826,0.9973297682645728,1.048,63.8,False,1f58d07,scikit-learn=1.9.1;imbalanced-learn=0.14.2;xgboost=3.4.1;lightgbm=4.7.0;numpy=2.5.3;pandas=3.0.6,2026-09-27T21:37:26Z
cicids2017,network_security,member_1,e3,c4_AB_smotetomek_weights,1,1,0,orig,1.0,1.0,0.1,XGB,1,1,3027,5000,5000,500,10,0.5,9.0,0.5,"{""clf__base__colsample_bytree"": 0.7104807071006849, ""clf__base__learning_rate"": 0.04849185141838699, ""clf__base__max_depth"": 6, ""clf__base__min_child_weight"": 1, ""clf__base__n_estimators"": 800, ""clf__base__reg_lambda"": 0.10018170767019599, ""clf__base__subsample"": 0.8054452821394007}",0.9958,0.9976666666666668,0.9596928982725528,1.0,0.9794319294809012,1.0,0.9953333333333332,0.9976612094888072,0.988546569484854,0.977350669623727,0.9996982222222224,0.9965251883141124,0.9976639380740056,1.042,71.77,False,1f58d07,scikit-learn=1.9.1;imbalanced-learn=0.14.2;xgboost=3.4.1;lightgbm=4.7.0;numpy=2.5.3;pandas=3.0.6,2026-09-27T21:38:38Z
cicids2017,network_security,member_1,e3,c4_AB_smotetomek_weights,1,1,0,orig,1.0,1.0,0.1,XGB,2,0,4026,5000,5000,500,10,0.5,9.0,0.5,"{""clf__base__colsample_bytree"": 0.659630670299126, ""clf__base__learning_rate"": 0.03834557874295529, ""clf__base__max_depth"": 4, ""clf__base__min_child_weight"": 1, ""clf__base__n_estimators"": 800, ""clf__base__reg_lambda"": 0.0752355555373566, ""clf__base__subsample"": 0.6669423150701586}",0.9958,0.9976666666666668,0.9596928982725528,1.0,0.9794319294809012,1.0,0.9953333333333332,0.9976612094888072,0.988546569484854,0.977350669623727,0.9997262222222224,0.996824652819986,0.9976639380740056,1.042,52.66,False,1f58d07,scikit-learn=1.9.1;imbalanced-learn=0.14.2;xgboost=3.4.1;lightgbm=4.7.0;numpy=2.5.3;pandas=3.0.6,2026-09-27T21:39:31Z
cicids2017,network_security,member_1,e3,c4_AB_smotetomek_weights,1,1,0,orig,1.0,1.0,0.1,XGB,2,1,4027,5000,5000,500,10,0.5,9.0,0.5,"{""clf__base__colsample_bytree"": 0.7962534959268627, ""clf__base__learning_rate"": 0.14932277327771687, ""clf__base__max_depth"": 3, ""clf__base__min_child_weight"": 1, ""clf__base__n_estimators"": 200, ""clf__base__reg_lambda"": 0.019567811559382847, ""clf__base__subsample"": 0.9688357828106124}",0.9958,0.9976666666666668,0.9596928982725528,1.0,0.9794319294809012,1.0,0.9953333333333332,0.9976612094888072,0.988546569484854,0.977350669623727,0.9998233333333332,0.9980593106876654,0.9976639380740056,1.042,67.61,False,1f58d07,scikit-learn=1.9.1;imbalanced-learn=0.14.2;xgboost=3.4.1;lightgbm=4.7.0;numpy=2.5.3;pandas=3.0.6,2026-09-27T21:40:39Z
cicids2017,network_security,member_1,e3,c4_AB_smotetomek_weights,1,1,0,orig,1.0,1.0,0.1,XGB,3,0,5026,5000,5000,500,10,0.5,9.0,0.5,"{""clf__base__colsample_bytree"": 0.966186289625362, ""clf__base__learning_rate"": 0.29511899190869545, ""clf__base__max_depth"": 6, ""clf__base__min_child_weight"": 1, ""clf__base__n_estimators"": 200, ""clf__base__reg_lambda"": 1.784943962718507, ""clf__base__subsample"": 0.76926012218394}",0.9976,0.9977777777777778,0.9784313725490196,0.998,0.988118811881188,0.9997772828507796,0.9975555555555556,0.9986651835372636,0.9933919977092258,0.986843990393517,0.9998686666666668,0.9986362117645492,0.9977777530314276,1.0199999999999998,60.87,False,1f58d07,scikit-learn=1.9.1;imbalanced-learn=0.14.2;xgboost=3.4.1;lightgbm=4.7.0;numpy=2.5.3;pandas=3.0.6,2026-09-27T21:41:40Z
cicids2017,network_security,member_1,e3,c4_AB_smotetomek_weights,1,1,0,orig,1.0,1.0,0.1,XGB,3,1,5027,5000,5000,500,10,0.5,9.0,0.5,"{""clf__base__colsample_bytree"": 0.8618637240825485, ""clf__base__learning_rate"": 0.24920359397357883, ""clf__base__max_depth"": 6, ""clf__base__min_child_weight"": 1, ""clf__base__n_estimators"": 800, ""clf__base__reg_lambda"": 0.2723466933997092, ""clf__base__subsample"": 0.7486647947789067}",0.9944,0.9951111111111112,0.950381679389313,0.996,0.97265625,0.9995531724754244,0.9942222222222222,0.996880570409982,0.9847684102049912,0.9698693726372836,0.9995464444444444,0.9938235056377892,0.9951107141084018,1.048,67.93,False,1f58d07,scikit-learn=1.9.1;imbalanced-learn=0.14.2;xgboost=3.4.1;lightgbm=4.7.0;numpy=2.5.3;pandas=3.0.6,2026-09-27T21:42:48Z
cicids2017,network_security,member_1,e3,c4_AB_smotetomek_weights,1,1,0,orig,1.0,1.0,0.1,XGB,4,0,6026,5000,5000,500,10,0.5,9.0,0.5,"{""clf__base__colsample_bytree"": 0.8054931707609041, ""clf__base__learning_rate"": 0.0741136801321364, ""clf__base__max_depth"": 3, ""clf__base__min_child_weight"": 1, ""clf__base__n_estimators"": 200, ""clf__base__reg_lambda"": 0.6105355904706413, ""clf__base__subsample"": 0.8743098875360427}",0.9966,0.9981111111111112,0.9671179883945842,1.0,0.983284169124877,1.0,0.9962222222222222,0.9981075364577536,0.9906958527913152,0.9815622402830796,0.999634888888889,0.995315932542342,0.998109323782832,1.034,37.19,False,1f58d07,scikit-learn=1.9.1;imbalanced-learn=0.14.2;xgboost=3.4.1;lightgbm=4.7.0;numpy=2.5.3;pandas=3.0.6,2026-09-27T21:43:26Z
cicids2017,network_security,member_1,e3,c4_AB_smotetomek_weights,1,1,0,orig,1.0,1.0,0.1,XGB,4,1,6027,5000,5000,500,10,0.5,9.0,0.5,"{""clf__base__colsample_bytree"": 0.7400831131827571, ""clf__base__learning_rate"": 0.021664971667522914, ""clf__base__max_depth"": 8, ""clf__base__min_child_weight"": 1, ""clf__base__n_estimators"": 400, ""clf__base__reg_lambda"": 0.0421316488972222, ""clf__base__subsample"": 0.6098935341153626}",0.9936,0.9964444444444444,0.9398496240601504,1.0,0.9689922480620154,1.0,0.9928888888888888,0.9964317573595004,0.982712002710758,0.9660053048279408,0.9998608888888888,0.998588640767578,0.9964381008817804,1.0639999999999998,52.43,False,1f58d07,scikit-learn=1.9.1;imbalanced-learn=0.14.2;xgboost=3.4.1;lightgbm=4.7.0;numpy=2.5.3;pandas=3.0.6,2026-09-27T21:44:18Z
cicids2017,network_security,member_1,e3,c8_A_Brecalc,1,1,0,recalc,1.0,1.0,0.1,LR,0,0,2026,5000,5000,500,0,0.5,1.0,0.5,"{""clf__base__C"": 76.41478416943613}",0.9618,0.9707777777777776,0.7295690936106983,0.982,0.8371696504688833,0.9979200369771204,0.9595555555555556,0.9783618443412258,0.9077657474050544,0.8276300094312927,0.9878591111111112,0.8123445192028906,0.9707129109863304,1.346,2.77,False,1f58d07,scikit-learn=1.9.1;imbalanced-learn=0.14.2;xgboost=3.4.1;lightgbm=4.7.0;numpy=2.5.3;pandas=3.0.6,2026-09-27T21:44:21Z
cicids2017,network_security,member_1,e3,c8_A_Brecalc,1,1,0,recalc,1.0,1.0,0.1,LR,0,1,2027,5000,5000,500,0,0.5,1.0,0.5,"{""clf__base__C"": 20.397711403252764}",0.9412,0.9664444444444444,0.6300505050505051,0.998,0.7724458204334366,0.9997623574144486,0.9348888888888888,0.9662379421221864,0.8693418812778115,0.7665151149669923,0.9860326666666668,0.7895034412763754,0.9659291439391976,1.584,2.51,False,1f58d07,scikit-learn=1.9.1;imbalanced-learn=0.14.2;xgboost=3.4.1;lightgbm=4.7.0;numpy=2.5.3;pandas=3.0.6,2026-09-27T21:44:24Z
cicids2017,network_security,member_1,e3,c8_A_Brecalc,1,1,0,recalc,1.0,1.0,0.1,LR,1,0,3026,5000,5000,500,0,0.5,1.0,0.5,"{""clf__base__C"": 95.41248660376695}",0.953,0.9694444444444444,0.6827586206896552,0.99,0.8081632653061225,0.9988304093567252,0.9488888888888888,0.9732193732193732,0.8906913192627479,0.7999602284483281,0.987541777777778,0.8010854701905984,0.9692264957170744,1.4499999999999995,4.81,False,1f58d07,scikit-learn=1.9.1;imbalanced-learn=0.14.2;xgboost=3.4.1;lightgbm=4.7.0;numpy=2.5.3;pandas=3.0.6,2026-09-27T21:44:28Z
cicids2017,network_security,member_1,e3,c8_A_Brecalc,1,1,0,recalc,1.0,1.0,0.1,LR,1,1,3027,5000,5000,500,0,0.5,1.0,0.5,"{""clf__base__C"": 2.427560843432097}",0.9448,0.9657777777777778,0.6458333333333334,0.992,0.7823343848580442,0.999054820415879,0.9395555555555556,0.9683921209344938,0.8753632528962689,0.7750800876922618,0.9791446666666668,0.7420173604833236,0.9654217270763648,1.5359999999999998,6.23,False,1f58d07,scikit-learn=1.9.1;imbalanced-learn=0.14.2;xgboost=3.4.1;lightgbm=4.7.0;numpy=2.5.3;pandas=3.0.6,2026-09-27T21:44:35Z
cicids2017,network_security,member_1,e3,c8_A_Brecalc,1,1,0,recalc,1.0,1.0,0.1,LR,2,0,4026,5000,5000,500,0,0.5,1.0,0.5,"{""clf__base__C"": 11.333229684537264}",0.9428,0.9664444444444444,0.6368286445012787,0.996,0.7769110764430577,0.9995258416311048,0.9368888888888888,0.9671943106217022,0.87205269353238,0.7704855803371657,0.9878122222222222,0.8137496440747836,0.9659924085277966,1.564,6.64,False,1f58d07,scikit-learn=1.9.1;imbalanced-learn=0.14.2;xgboost=3.4.1;lightgbm=4.7.0;numpy=2.5.3;pandas=3.0.6,2026-09-27T21:44:42Z
cicids2017,network_security,member_1,e3,c8_A_Brecalc,1,1,0,recalc,1.0,1.0,0.1,LR,2,1,4027,5000,5000,500,0,0.5,1.0,0.5,"{""clf__base__C"": 80.93579062656904}",0.9472,0.967111111111111,0.656084656084656,0.992,0.7898089171974523,0.9990574929311968,0.9422222222222222,0.969807868252516,0.8798083927249841,0.7823351930758532,0.9897951111111112,0.8282772362799351,0.966790796627918,1.512,8.3,False,1f58d07,scikit-learn=1.9.1;imbalanced-learn=0.14.2;xgboost=3.4.1;lightgbm=4.7.0;numpy=2.5.3;pandas=3.0.6,2026-09-27T21:44:50Z
cicids2017,network_security,member_1,e3,c8_A_Brecalc,1,1,0,recalc,1.0,1.0,0.1,LR,3,0,5026,5000,5000,500,0,0.5,1.0,0.5,"{""clf__base__C"": 68.96511808116286}",0.9466,0.9658888888888888,0.6538969616908851,0.99,0.7875894988066826,0.9988215884987036,0.9417777777777778,0.969461283312364,0.8785253910595234,0.7798645011859354,0.9886493333333332,0.8401571999999734,0.9655879038181868,1.514,8.5,False,1f58d07,scikit-learn=1.9.1;imbalanced-learn=0.14.2;xgboost=3.4.1;lightgbm=4.7.0;numpy=2.5.3;pandas=3.0.6,2026-09-27T21:44:59Z
cicids2017,network_security,member_1,e3,c8_A_Brecalc,1,1,0,recalc,1.0,1.0,0.1,LR,3,1,5027,5000,5000,500,0,0.5,1.0,0.5,"{""clf__base__C"": 14.586511895863424}",0.9448,0.9657777777777778,0.6458333333333334,0.992,0.7823343848580442,0.999054820415879,0.9395555555555556,0.9683921209344938,0.8753632528962689,0.7750800876922618,0.9881708888888888,0.8103942339970871,0.9654217270763648,1.5359999999999998,7.08,False,1f58d07,scikit-learn=1.9.1;imbalanced-learn=0.14.2;xgboost=3.4.1;lightgbm=4.7.0;numpy=2.5.3;pandas=3.0.6,2026-09-27T21:45:06Z
cicids2017,network_security,member_1,e3,c8_A_Brecalc,1,1,0,recalc,1.0,1.0,0.1,LR,4,0,6026,5000,5000,500,0,0.5,1.0,0.5,"{""clf__base__C"": 73.66417088381552}",0.9488,0.9688888888888888,0.6626666666666666,0.994,0.7952,0.9992941176470588,0.9437777777777778,0.9707428571428572,0.8829714285714285,0.7878909272797602,0.989596,0.8253677463412101,0.9685634264781584,1.4999999999999998,7.34,False,1f58d07,scikit-learn=1.9.1;imbalanced-learn=0.14.2;xgboost=3.4.1;lightgbm=4.7.0;numpy=2.5.3;pandas=3.0.6,2026-09-27T21:45:13Z
cicids2017,network_security,member_1,e3,c8_A_Brecalc,1,1,0,recalc,1.0,1.0,0.1,LR,4,1,6027,5000,5000,500,0,0.5,1.0,0.5,"{""clf__base__C"": 89.78839453758782}",0.9594,0.9712222222222222,0.7155297532656023,0.986,0.8292682926829268,0.9983762468104848,0.9564444444444444,0.9769606174100556,0.9031144550464912,0.8202540726063257,0.9874868888888888,0.8015063359735822,0.9711097889642664,1.378,6.42,False,1f58d07,scikit-learn=1.9.1;imbalanced-learn=0.14.2;xgboost=3.4.1;lightgbm=4.7.0;numpy=2.5.3;pandas=3.0.6,2026-09-27T21:45:20Z
cicids2017,network_security,member_1,e3,c8_A_Brecalc,1,1,0,recalc,1.0,1.0,0.1,RF,0,0,2026,5000,5000,500,0,0.5,1.0,0.5,"{""clf__base__max_depth"": 16, ""clf__base__max_features"": ""sqrt"", ""clf__base__min_samples_leaf"": 1, ""clf__base__n_estimators"": 200}",0.9944,0.9888888888888888,0.9627450980392156,0.982,0.9722772277227724,0.9979955456570156,0.9957777777777778,0.9968854282536151,0.9845813279881936,0.969221776279347,0.9996615555555556,0.9965966933242338,0.9888648935915249,1.0199999999999998,8.26,False,1f58d07,scikit-learn=1.9.1;imbalanced-learn=0.14.2;xgboost=3.4.1;lightgbm=4.7.0;numpy=2.5.3;pandas=3.0.6,2026-09-27T21:45:28Z
cicids2017,network_security,member_1,e3,c8_A_Brecalc,1,1,0,recalc,1.0,1.0,0.1,RF,0,1,2027,5000,5000,500,0,0.5,1.0,0.5,"{""clf__base__max_depth"": 16, ""clf__base__max_features"": ""sqrt"", ""clf__base__min_samples_leaf"": 2, ""clf__base__n_estimators"": 200}",0.994,0.9957777777777778,0.9450757575757576,0.998,0.970817120622568,0.9997763864042932,0.9935555555555556,0.9966562639322336,0.9837366922774008,0.9679222037653632,0.9992035555555556,0.9871797837333502,0.9957752981694435,1.0559999999999998,5.97,False,1f58d07,scikit-learn=1.9.1;imbalanced-learn=0.14.2;xgboost=3.4.1;lightgbm=4.7.0;numpy=2.5.3;pandas=3.0.6,2026-09-27T21:45:34Z
cicids2017,network_security,member_1,e3,c8_A_Brecalc,1,1,0,recalc,1.0,1.0,0.1,RF,1,0,3026,5000,5000,500,0,0.5,1.0,0.5,"{""clf__base__max_depth"": null, ""clf__base__max_features"": ""log2"", ""clf__base__min_samples_leaf"": 1, ""clf__base__n_estimators"": 400}",0.994,0.9948888888888888,0.946768060836502,0.996,0.9707602339181286,0.9995529727313366,0.9937777777777778,0.9966570091375084,0.9837086215278183,0.967805522648608,0.999528,0.995007019116648,0.9948882684335296,1.052,20.84,False,1f58d07,scikit-learn=1.9.1;imbalanced-learn=0.14.2;xgboost=3.4.1;lightgbm=4.7.0;numpy=2.5.3;pandas=3.0.6,2026-09-27T21:45:55Z
cicids2017,network_security,member_1,e3,c8_A_Brecalc,1,1,0,recalc,1.0,1.0,0.1,RF,1,1,3027,5000,5000,500,0,0.5,1.0,0.5,"{""clf__base__max_depth"": null, ""clf__base__max_features"": ""log2"", ""clf__base__min_samples_leaf"": 1, ""clf__base__n_estimators"": 200}",0.9952,0.9946666666666666,0.9594594594594594,0.994,0.9764243614931236,0.999330655957162,0.9953333333333332,0.9973279893119572,0.9868761754025404,0.9739420007639972,0.9994731111111111,0.9931864738180458,0.9946664432528792,1.0359999999999998,14.85,False,1f58d07,scikit-learn=1.9.1;imbalanced-learn=0.14.2;xgboost=3.4.1;lightgbm=4.7.0;numpy=2.5.3;pandas=3.0.6,2026-09-27T21:46:10Z
cicids2017,network_security,member_1,e3,c8_A_Brecalc,1,1,0,recalc,1.0,1.0,0.1,RF,2,0,4026,5000,5000,500,0,0.5,1.0,0.5,"{""clf__base__max_depth"": null, ""clf__base__max_features"": ""sqrt"", ""clf__base__min_samples_leaf"": 1, ""clf__base__n_estimators"": 200}",0.9952,0.9928888888888888,0.9630350194552528,0.99,0.9763313609467456,0.9988854213107444,0.9957777777777778,0.9973291787224572,0.9868302698346014,0.9737760494576386,0.9995222222222222,0.994075770191403,0.9928846861544396,1.028,16.66,False,1f58d07,scikit-learn=1.9.1;imbalanced-learn=0.14.2;xgboost=3.4.1;lightgbm=4.7.0;numpy=2.5.3;pandas=3.0.6,2026-09-27T21:46:27Z
cicids2017,network_security,member_1,e3,c8_A_Brecalc,1,1,0,recalc,1.0,1.0,0.1,RF,2,1,4027,5000,5000,500,0,0.5,1.0,0.5,"{""clf__base__max_depth"": null, ""clf__base__max_features"": ""log2"", ""clf__base__min_samples_leaf"": 1, ""clf__base__n_estimators"": 200}",0.9962,0.997,0.965183752417795,0.998,0.9813176007866272,0.9997769350881106,0.996,0.9978848936880776,0.9896012472373524,0.9793727193366528,0.9997335555555557,0.9967172681667306,0.9969994984953604,1.034,7.45,False,1f58d07,scikit-learn=1.9.1;imbalanced-learn=0.14.2;xgboost=3.4.1;lightgbm=4.7.0;numpy=2.5.3;pandas=3.0.6,2026-09-27T21:46:35Z
cicids2017,network_security,member_1,e3,c8_A_Brecalc,1,1,0,recalc,1.0,1.0,0.1,RF,3,0,5026,5000,5000,500,0,0.5,1.0,0.5,"{""clf__base__max_depth"": 16, ""clf__base__max_features"": ""sqrt"", ""clf__base__min_samples_leaf"": 2, ""clf__base__n_estimators"": 200}",0.996,0.996,0.9651162790697676,0.996,0.9803149606299212,0.9995539696699376,0.996,0.997773820124666,0.9890443903772936,0.9782396877809584,0.9997464444444444,0.9970190123622618,0.996,1.032,6.41,False,1f58d07,scikit-learn=1.9.1;imbalanced-learn=0.14.2;xgboost=3.4.1;lightgbm=4.7.0;numpy=2.5.3;pandas=3.0.6,2026-09-27T21:46:41Z
cicids2017,network_security,member_1,e3,c8_A_Brecalc,1,1,0,recalc,1.0,1.0,0.1,RF,3,1,5027,5000,5000,500,0,0.5,1.0,0.5,"{""clf__base__max_depth"": 16, ""clf__base__max_features"": ""sqrt"", ""clf__base__min_samples_leaf"": 1, ""clf__base__n_estimators"": 400}",0.9942,0.995,0.9485714285714286,0.996,0.9717073170731708,0.9995530726256984,0.994,0.9967688022284122,0.9842380596507916,0.968836031630304,0.9992193333333332,0.988241875408814,0.9949994974873104,1.0499999999999998,24.74,False,1f58d07,scikit-learn=1.9.1;imbalanced-learn=0.14.2;xgboost=3.4.1;lightgbm=4.7.0;numpy=2.5.3;pandas=3.0.6,2026-09-27T21:47:06Z
cicids2017,network_security,member_1,e3,c8_A_Brecalc,1,1,0,recalc,1.0,1.0,0.1,RF,4,0,6026,5000,5000,500,0,0.5,1.0,0.5,"{""clf__base__max_depth"": null, ""clf__base__max_features"": ""sqrt"", ""clf__base__min_samples_leaf"": 2, ""clf__base__n_estimators"": 400}",0.9966,0.9981111111111112,0.9671179883945842,1.0,0.983284169124877,1.0,0.9962222222222222,0.9981075364577536,0.9906958527913152,0.9815622402830796,0.9996131111111112,0.9936345884239378,0.998109323782832,1.034,20.56,False,1f58d07,scikit-learn=1.9.1;imbalanced-learn=0.14.2;xgboost=3.4.1;lightgbm=4.7.0;numpy=2.5.3;pandas=3.0.6,2026-09-27T21:47:27Z
cicids2017,network_security,member_1,e3,c8_A_Brecalc,1,1,0,recalc,1.0,1.0,0.1,RF,4,1,6027,5000,5000,500,0,0.5,1.0,0.5,"{""clf__base__max_depth"": null, ""clf__base__max_features"": ""sqrt"", ""clf__base__min_samples_leaf"": 1, ""clf__base__n_estimators"": 200}",0.9948,0.9962222222222222,0.9522900763358778,0.998,0.974609375,0.9997765862377124,0.9944444444444444,0.9971033868092692,0.9858563809046346,0.9720459197033456,0.9995142222222222,0.9944975388849686,0.996220635981586,1.048,8.01,False,1f58d07,scikit-learn=1.9.1;imbalanced-learn=0.14.2;xgboost=3.4.1;lightgbm=4.7.0;numpy=2.5.3;pandas=3.0.6,2026-09-27T21:47:35Z
cicids2017,network_security,member_1,e3,c8_A_Brecalc,1,1,0,recalc,1.0,1.0,0.1,XGB,0,0,2026,5000,5000,500,0,0.5,1.0,0.5,"{""clf__base__colsample_bytree"": 0.8487428611461553, ""clf__base__learning_rate"": 0.14765134569329497, ""clf__base__max_depth"": 6, ""clf__base__min_child_weight"": 3, ""clf__base__n_estimators"": 200, ""clf__base__reg_lambda"": 1.9248322109535474, ""clf__base__subsample"": 0.8527697187581688}",0.9972,0.9984444444444444,0.9727626459143968,1.0,0.9861932938856016,1.0,0.9968888888888888,0.9984420209214332,0.9923176574035176,0.9847518840998574,0.9998928888888888,0.9989541044973812,0.9984432326822036,1.028,10.14,False,1f58d07,scikit-learn=1.9.1;imbalanced-learn=0.14.2;xgboost=3.4.1;lightgbm=4.7.0;numpy=2.5.3;pandas=3.0.6,2026-09-27T21:47:45Z
cicids2017,network_security,member_1,e3,c8_A_Brecalc,1,1,0,recalc,1.0,1.0,0.1,XGB,0,1,2027,5000,5000,500,0,0.5,1.0,0.5,"{""clf__base__colsample_bytree"": 0.7335280510923655, ""clf__base__learning_rate"": 0.05971758507702269, ""clf__base__max_depth"": 8, ""clf__base__min_child_weight"": 3, ""clf__base__n_estimators"": 200, ""clf__base__reg_lambda"": 0.2886302815044253, ""clf__base__subsample"": 0.7698710164019611}",0.9966,0.9981111111111112,0.9671179883945842,1.0,0.983284169124877,1.0,0.9962222222222222,0.9981075364577536,0.9906958527913152,0.9815622402830796,0.9994962222222222,0.9931724119364512,0.998109323782832,1.034,9.72,False,1f58d07,scikit-learn=1.9.1;imbalanced-learn=0.14.2;xgboost=3.4.1;lightgbm=4.7.0;numpy=2.5.3;pandas=3.0.6,2026-09-27T21:47:55Z
cicids2017,network_security,member_1,e3,c8_A_Brecalc,1,1,0,recalc,1.0,1.0,0.1,XGB,1,0,3026,5000,5000,500,0,0.5,1.0,0.5,"{""clf__base__colsample_bytree"": 0.6750002232167834, ""clf__base__learning_rate"": 0.055707861774863386, ""clf__base__max_depth"": 4, ""clf__base__min_child_weight"": 1, ""clf__base__n_estimators"": 800, ""clf__base__reg_lambda"": 0.08372426491886341, ""clf__base__subsample"": 0.7362258226856279}",0.9974,0.9967777777777778,0.9783889980353636,0.996,0.9871159563924676,0.9995546648853262,0.9975555555555556,0.9985541096652208,0.9928350330288442,0.985718701920178,0.9998906666666668,0.9989069478611876,0.9967774743308224,1.018,8.91,False,1f58d07,scikit-learn=1.9.1;imbalanced-learn=0.14.2;xgboost=3.4.1;lightgbm=4.7.0;numpy=2.5.3;pandas=3.0.6,2026-09-27T21:48:04Z
cicids2017,network_security,member_1,e3,c8_A_Brecalc,1,1,0,recalc,1.0,1.0,0.1,XGB,1,1,3027,5000,5000,500,0,0.5,1.0,0.5,"{""clf__base__colsample_bytree"": 0.8513470081401819, ""clf__base__learning_rate"": 0.25382642172504044, ""clf__base__max_depth"": 4, ""clf__base__min_child_weight"": 1, ""clf__base__n_estimators"": 200, ""clf__base__reg_lambda"": 0.012756619257647156, ""clf__base__subsample"": 0.9023643959650978}",0.997,0.9947777777777778,0.9783037475345168,0.992,0.9851042701092354,0.9991097262408192,0.9975555555555556,0.9983320360280218,0.9917181530686284,0.9834657762470628,0.9995588888888888,0.9932483137804836,0.9947738994922972,1.014,7.43,False,1f58d07,scikit-learn=1.9.1;imbalanced-learn=0.14.2;xgboost=3.4.1;lightgbm=4.7.0;numpy=2.5.3;pandas=3.0.6,2026-09-27T21:48:11Z
cicids2017,network_security,member_1,e3,c8_A_Brecalc,1,1,0,recalc,1.0,1.0,0.1,XGB,2,0,4026,5000,5000,500,0,0.5,1.0,0.5,"{""clf__base__colsample_bytree"": 0.659630670299126, ""clf__base__learning_rate"": 0.03834557874295529, ""clf__base__max_depth"": 4, ""clf__base__min_child_weight"": 1, ""clf__base__n_estimators"": 800, ""clf__base__reg_lambda"": 0.0752355555373566, ""clf__base__subsample"": 0.6669423150701586}",0.9972,0.9975555555555556,0.974609375,0.998,0.9861660079051384,0.999777183600713,0.9971111111111112,0.9984423676012462,0.9923041877531922,0.984694313470372,0.9996975555555556,0.996223822463471,0.9975554565481004,1.024,18.27,False,1f58d07,scikit-learn=1.9.1;imbalanced-learn=0.14.2;xgboost=3.4.1;lightgbm=4.7.0;numpy=2.5.3;pandas=3.0.6,2026-09-27T21:48:30Z
cicids2017,network_security,member_1,e3,c8_A_Brecalc,1,1,0,recalc,1.0,1.0,0.1,XGB,2,1,4027,5000,5000,500,0,0.5,1.0,0.5,"{""clf__base__colsample_bytree"": 0.7962534959268627, ""clf__base__learning_rate"": 0.14932277327771687, ""clf__base__max_depth"": 3, ""clf__base__min_child_weight"": 1, ""clf__base__n_estimators"": 200, ""clf__base__reg_lambda"": 0.019567811559382847, ""clf__base__subsample"": 0.9688357828106124}",0.998,0.998,0.9822834645669292,0.998,0.9900793650793652,0.9997773820124666,0.998,0.998887900355872,0.9944836327176184,0.989005866106505,0.9998002222222222,0.9976200069480362,0.998,1.0159999999999998,4.83,False,1f58d07,scikit-learn=1.9.1;imbalanced-learn=0.14.2;xgboost=3.4.1;lightgbm=4.7.0;numpy=2.5.3;pandas=3.0.6,2026-09-27T21:48:35Z
cicids2017,network_security,member_1,e3,c8_A_Brecalc,1,1,0,recalc,1.0,1.0,0.1,XGB,3,0,5026,5000,5000,500,0,0.5,1.0,0.5,"{""clf__base__colsample_bytree"": 0.928600245746112, ""clf__base__learning_rate"": 0.026705641652220963, ""clf__base__max_depth"": 4, ""clf__base__min_child_weight"": 3, ""clf__base__n_estimators"": 800, ""clf__base__reg_lambda"": 3.6301278240276407, ""clf__base__subsample"": 0.763407505180668}",0.998,0.998,0.9822834645669292,0.998,0.9900793650793652,0.9997773820124666,0.998,0.998887900355872,0.9944836327176184,0.989005866106505,0.9998804444444443,0.9987226507595224,0.998,1.0159999999999998,17.51,False,1f58d07,scikit-learn=1.9.1;imbalanced-learn=0.14.2;xgboost=3.4.1;lightgbm=4.7.0;numpy=2.5.3;pandas=3.0.6,2026-09-27T21:48:52Z
cicids2017,network_security,member_1,e3,c8_A_Brecalc,1,1,0,recalc,1.0,1.0,0.1,XGB,3,1,5027,5000,5000,500,0,0.5,1.0,0.5,"{""clf__base__colsample_bytree"": 0.8405279927109883, ""clf__base__learning_rate"": 0.03965143905411441, ""clf__base__max_depth"": 8, ""clf__base__min_child_weight"": 1, ""clf__base__n_estimators"": 400, ""clf__base__reg_lambda"": 0.025783651592417578, ""clf__base__subsample"": 0.6276769187790308}",0.9976,0.996,0.982213438735178,0.994,0.9880715705765408,0.9993324432576768,0.998,0.99866577718479,0.9933686738806652,0.9867590967084682,0.9997044444444444,0.9966895936024536,0.9959979919658472,1.012,11.4,False,1f58d07,scikit-learn=1.9.1;imbalanced-learn=0.14.2;xgboost=3.4.1;lightgbm=4.7.0;numpy=2.5.3;pandas=3.0.6,2026-09-27T21:49:04Z
cicids2017,network_security,member_1,e3,c8_A_Brecalc,1,1,0,recalc,1.0,1.0,0.1,XGB,4,0,6026,5000,5000,500,0,0.5,1.0,0.5,"{""clf__base__colsample_bytree"": 0.8054931707609041, ""clf__base__learning_rate"": 0.0741136801321364, ""clf__base__max_depth"": 3, ""clf__base__min_child_weight"": 1, ""clf__base__n_estimators"": 200, ""clf__base__reg_lambda"": 0.6105355904706413, ""clf__base__subsample"": 0.8743098875360427}",0.9978,0.9978888888888888,0.9803536345776032,0.998,0.9890981169474728,0.9997773324426632,0.9977777777777778,0.99877655433211,0.9939373356397914,0.9879233959526544,0.9997944444444444,0.9977906956130952,0.9978888827029904,1.018,3.28,False,1f58d07,scikit-learn=1.9.1;imbalanced-learn=0.14.2;xgboost=3.4.1;lightgbm=4.7.0;numpy=2.5.3;pandas=3.0.6,2026-09-27T21:49:07Z
cicids2017,network_security,member_1,e3,c8_A_Brecalc,1,1,0,recalc,1.0,1.0,0.1,XGB,4,1,6027,5000,5000,500,0,0.5,1.0,0.5,"{""clf__base__colsample_bytree"": 0.9945079101968104, ""clf__base__learning_rate"": 0.19270404176928618, ""clf__base__max_depth"": 8, ""clf__base__min_child_weight"": 3, ""clf__base__n_estimators"": 200, ""clf__base__reg_lambda"": 3.779344640029968, ""clf__base__subsample"": 0.7441910091270953}",0.9964,0.998,0.9652509652509652,1.0,0.9823182711198428,1.0,0.996,0.997995991983968,0.9901571315519052,0.980504952251625,0.999868,0.9986312853650052,0.997997995989972,1.0359999999999998,3.37,False,1f58d07,scikit-learn=1.9.1;imbalanced-learn=0.14.2;xgboost=3.4.1;lightgbm=4.7.0;numpy=2.5.3;pandas=3.0.6,2026-09-27T21:49:10Z
cicids2017,network_security,member_1,e3,c3_C_threshold,0,0,1,none,0.0,0.0,0.1,LR,0,0,2026,5000,5000,500,0,0.1,0.1111111111111111,0.4141414141414142,"{""clf__base__C"": 86.64678862932995}",0.9694,0.975,0.7732283464566929,0.982,0.8651982378854626,0.9979381443298968,0.968,0.9827411167512692,0.923969677318366,0.855925327494905,0.9882444444444444,0.8240069333485174,0.9749748714710548,1.27,14.72,False,1f58d07,scikit-learn=1.9.1;imbalanced-learn=0.14.2;xgboost=3.4.1;lightgbm=4.7.0;numpy=2.5.3;pandas=3.0.6,2026-09-27T21:49:25Z
cicids2017,network_security,member_1,e3,c3_C_threshold,0,0,1,none,0.0,0.0,0.1,LR,0,1,2027,5000,5000,500,0,0.1,0.1111111111111111,0.5050505050505051,"{""clf__base__C"": 33.09421283700199}",0.9534,0.8843333333333334,0.751412429378531,0.798,0.7740058195926285,0.9773998657417768,0.9706666666666668,0.9740216300590924,0.8740137248258605,0.7484742597550098,0.9847373333333332,0.7936287789855911,0.8801090841480959,1.062,23.33,False,1f58d07,scikit-learn=1.9.1;imbalanced-learn=0.14.2;xgboost=3.4.1;lightgbm=4.7.0;numpy=2.5.3;pandas=3.0.6,2026-09-27T21:49:49Z
cicids2017,network_security,member_1,e3,c3_C_threshold,0,0,1,none,0.0,0.0,0.1,LR,1,0,3026,5000,5000,500,0,0.1,0.1111111111111111,0.494949494949495,"{""clf__base__C"": 95.41248660376695}",0.9688,0.955111111111111,0.7895622895622896,0.938,0.8574040219378428,0.9929641398093508,0.9722222222222222,0.9824837188412306,0.9199438703895368,0.8439626446059537,0.9874053333333332,0.828988928692563,0.9549578233851193,1.188,6.82,False,1f58d07,scikit-learn=1.9.1;imbalanced-learn=0.14.2;xgboost=3.4.1;lightgbm=4.7.0;numpy=2.5.3;pandas=3.0.6,2026-09-27T21:49:56Z
cicids2017,network_security,member_1,e3,c3_C_threshold,0,0,1,none,0.0,0.0,0.1,LR,1,1,3027,5000,5000,500,0,0.1,0.1111111111111111,0.4646464646462975,"{""clf__base__C"": 4.686201792798966}",0.9458,0.9387777777777778,0.6633380884450785,0.93,0.7743547044129891,0.9918585717608748,0.9475555555555556,0.9692010455733606,0.8717778749931748,0.7582687314832254,0.9820884444444444,0.7801425374312253,0.9387367398087,1.402,5.31,False,1f58d07,scikit-learn=1.9.1;imbalanced-learn=0.14.2;xgboost=3.4.1;lightgbm=4.7.0;numpy=2.5.3;pandas=3.0.6,2026-09-27T21:50:01Z
cicids2017,network_security,member_1,e3,c3_C_threshold,0,0,1,none,0.0,0.0,0.1,LR,2,0,4026,5000,5000,500,0,0.1,0.1111111111111111,0.4848484848484848,"{""clf__base__C"": 11.333229684537264}",0.9544,0.9444444444444444,0.706060606060606,0.932,0.803448275862069,0.9921658986175116,0.9568888888888888,0.97420814479638,0.8888282103292245,0.7878107526151852,0.9849222222222224,0.8190654123193721,0.9443624539574011,1.32,5.2,False,1f58d07,scikit-learn=1.9.1;imbalanced-learn=0.14.2;xgboost=3.4.1;lightgbm=4.7.0;numpy=2.5.3;pandas=3.0.6,2026-09-27T21:50:07Z
cicids2017,network_security,member_1,e3,c3_C_threshold,0,0,1,none,0.0,0.0,0.1,LR,2,1,4027,5000,5000,500,0,0.1,0.1111111111111111,0.4343434343434343,"{""clf__base__C"": 80.93579062656904}",0.9678,0.9758888888888888,0.7619783616692427,0.986,0.8596338273757629,0.9983919136227888,0.9657777777777776,0.9818140743250876,0.9207239508504252,0.8507076647742907,0.9893288888888888,0.8398836178729115,0.9758365072535916,1.2939999999999998,4.65,False,1f58d07,scikit-learn=1.9.1;imbalanced-learn=0.14.2;xgboost=3.4.1;lightgbm=4.7.0;numpy=2.5.3;pandas=3.0.6,2026-09-27T21:50:11Z
cicids2017,network_security,member_1,e3,c3_C_threshold,0,0,1,none,0.0,0.0,0.1,LR,3,0,5026,5000,5000,500,0,0.1,0.1111111111111111,0.4848484848484848,"{""clf__base__C"": 68.96511808116286}",0.9688,0.9408888888888888,0.806049822064057,0.906,0.8531073446327684,0.9894096439837764,0.9757777777777776,0.9825464309688968,0.9178268878008328,0.8375073016302343,0.988488888888889,0.8488259388274633,0.9402418128687252,1.124,5.02,False,1f58d07,scikit-learn=1.9.1;imbalanced-learn=0.14.2;xgboost=3.4.1;lightgbm=4.7.0;numpy=2.5.3;pandas=3.0.6,2026-09-27T21:50:17Z
cicids2017,network_security,member_1,e3,c3_C_threshold,0,0,1,none,0.0,0.0,0.1,LR,3,1,5027,5000,5000,500,0,0.1,0.1111111111111111,0.5252525252525253,"{""clf__base__C"": 14.115241548086104}",0.9554,0.8498888888888889,0.8140589569160998,0.718,0.7630180658873539,0.9690721649484536,0.9817777777777776,0.9753835964234464,0.8692008311554,0.7402822138664384,0.9865984444444444,0.8110649067830163,0.8395930231037204,0.882,5.48,False,1f58d07,scikit-learn=1.9.1;imbalanced-learn=0.14.2;xgboost=3.4.1;lightgbm=4.7.0;numpy=2.5.3;pandas=3.0.6,2026-09-27T21:50:22Z
cicids2017,network_security,member_1,e3,c3_C_threshold,0,0,1,none,0.0,0.0,0.1,LR,4,0,6026,5000,5000,500,0,0.1,0.1111111111111111,0.4747474747474748,"{""clf__base__C"": 73.66417088381552}",0.9732,0.9815555555555556,0.792332268370607,0.992,0.8809946714031972,0.9990855052583448,0.9711111111111111,0.9848997070092405,0.9329471892062188,0.8730539796100019,0.9905324444444444,0.846586936060461,0.9814999858493236,1.252,6.19,False,1f58d07,scikit-learn=1.9.1;imbalanced-learn=0.14.2;xgboost=3.4.1;lightgbm=4.7.0;numpy=2.5.3;pandas=3.0.6,2026-09-27T21:50:29Z
cicids2017,network_security,member_1,e3,c3_C_threshold,0,0,1,none,0.0,0.0,0.1,LR,4,1,6027,5000,5000,500,0,0.1,0.1111111111111111,0.4747474747474748,"{""clf__base__C"": 89.78839453758782}",0.9646,0.9447777777777776,0.7705192629815746,0.92,0.8386508659981768,0.990915285032932,0.9695555555555556,0.9801190609906772,0.9093849634944272,0.8230056697120852,0.9883195555555556,0.8275530856410124,0.944452810420463,1.194,19.25,False,1f58d07,scikit-learn=1.9.1;imbalanced-learn=0.14.2;xgboost=3.4.1;lightgbm=4.7.0;numpy=2.5.3;pandas=3.0.6,2026-09-27T21:50:48Z
cicids2017,network_security,member_1,e3,c3_C_threshold,0,0,1,none,0.0,0.0,0.1,RF,0,0,2026,5000,5000,500,0,0.1,0.1111111111111111,0.5858585858585859,"{""clf__base__max_depth"": 16, ""clf__base__max_features"": ""sqrt"", ""clf__base__min_samples_leaf"": 1, ""clf__base__n_estimators"": 400}",0.9956,0.9806666666666666,0.993801652892562,0.962,0.9776422764227642,0.995792736935341,0.9993333333333332,0.9975598935226264,0.9876010849726952,0.9753615090935382,0.9996868888888888,0.9965520514451224,0.9804889936489172,0.968,22.7,False,1f58d07,scikit-learn=1.9.1;imbalanced-learn=0.14.2;xgboost=3.4.1;lightgbm=4.7.0;numpy=2.5.3;pandas=3.0.6,2026-09-27T21:51:11Z
cicids2017,network_security,member_1,e3,c3_C_threshold,0,0,1,none,0.0,0.0,0.1,RF,0,1,2027,5000,5000,500,0,0.1,0.1111111111111111,0.4848484848484848,"{""clf__base__max_depth"": 16, ""clf__base__max_features"": ""sqrt"", ""clf__base__min_samples_leaf"": 2, ""clf__base__n_estimators"": 200}",0.994,0.9904444444444443,0.9554263565891472,0.986,0.970472440944882,0.9984388938447816,0.9948888888888888,0.9966607301869992,0.9835665855659406,0.9672827020307238,0.9992173333333332,0.9895053632550748,0.9904344725646642,1.032,11.12,False,1f58d07,scikit-learn=1.9.1;imbalanced-learn=0.14.2;xgboost=3.4.1;lightgbm=4.7.0;numpy=2.5.3;pandas=3.0.6,2026-09-27T21:51:22Z
cicids2017,network_security,member_1,e3,c3_C_threshold,0,0,1,none,0.0,0.0,0.1,RF,1,0,3026,5000,5000,500,0,0.1,0.1111111111111111,0.5151515151515152,"{""clf__base__max_depth"": 16, ""clf__base__max_features"": ""sqrt"", ""clf__base__min_samples_leaf"": 2, ""clf__base__n_estimators"": 200}",0.9946,0.9898888888888888,0.9628180039138944,0.984,0.973293768545994,0.9982178658944084,0.9957777777777778,0.9969963288463678,0.9851450486961808,0.9703615763649716,0.9995035555555556,0.9949195880681,0.9898713721152528,1.022,13.27,False,1f58d07,scikit-learn=1.9.1;imbalanced-learn=0.14.2;xgboost=3.4.1;lightgbm=4.7.0;numpy=2.5.3;pandas=3.0.6,2026-09-27T21:51:36Z
cicids2017,network_security,member_1,e3,c3_C_threshold,0,0,1,none,0.0,0.0,0.1,RF,1,1,3027,5000,5000,500,0,0.1,0.1111111111111111,0.5050505050505051,"{""clf__base__max_depth"": null, ""clf__base__max_features"": ""log2"", ""clf__base__min_samples_leaf"": 2, ""clf__base__n_estimators"": 400}",0.9956,0.9886666666666666,0.9760956175298804,0.98,0.9780439121756488,0.9977767896843042,0.9973333333333332,0.9975550122249388,0.9877994622002938,0.9756013355792398,0.9994097777777778,0.991838494008542,0.9886286798726136,1.004,25.29,False,1f58d07,scikit-learn=1.9.1;imbalanced-learn=0.14.2;xgboost=3.4.1;lightgbm=4.7.0;numpy=2.5.3;pandas=3.0.6,2026-09-27T21:52:01Z
cicids2017,network_security,member_1,e3,c3_C_threshold,0,0,1,none,0.0,0.0,0.1,RF,2,0,4026,5000,5000,500,0,0.1,0.1111111111111111,0.494949494949495,"{""clf__base__max_depth"": null, ""clf__base__max_features"": ""sqrt"", ""clf__base__min_samples_leaf"": 2, ""clf__base__n_estimators"": 200}",0.9966,0.9927777777777778,0.9782178217821782,0.988,0.983084577114428,0.9986651835372636,0.9975555555555556,0.9981100611450806,0.9905973191297542,0.9812096988006096,0.9994042222222222,0.9924036197584925,0.9927662810998814,1.01,13.63,False,1f58d07,scikit-learn=1.9.1;imbalanced-learn=0.14.2;xgboost=3.4.1;lightgbm=4.7.0;numpy=2.5.3;pandas=3.0.6,2026-09-27T21:52:15Z
cicids2017,network_security,member_1,e3,c3_C_threshold,0,0,1,none,0.0,0.0,0.1,RF,2,1,4027,5000,5000,500,0,0.1,0.1111111111111111,0.4848484848484848,"{""clf__base__max_depth"": 16, ""clf__base__max_features"": ""log2"", ""clf__base__min_samples_leaf"": 1, ""clf__base__n_estimators"": 400}",0.9964,0.9962222222222222,0.9688715953307392,0.996,0.9822485207100592,0.9995541685242978,0.9964444444444444,0.9979968840418428,0.990122702375951,0.98036155024297,0.9996873333333334,0.994629260502214,0.9962221974372316,1.028,24.95,False,1f58d07,scikit-learn=1.9.1;imbalanced-learn=0.14.2;xgboost=3.4.1;lightgbm=4.7.0;numpy=2.5.3;pandas=3.0.6,2026-09-27T21:52:40Z
cicids2017,network_security,member_1,e3,c3_C_threshold,0,0,1,none,0.0,0.0,0.1,RF,3,0,5026,5000,5000,500,0,0.1,0.1111111111111111,0.4242424242424242,"{""clf__base__max_depth"": 16, ""clf__base__max_features"": ""sqrt"", ""clf__base__min_samples_leaf"": 2, ""clf__base__n_estimators"": 400}",0.9968,0.992,0.9820717131474104,0.986,0.9840319361277444,0.9984437527790128,0.998,0.9982218270726828,0.9911268816002136,0.9822561878001076,0.9997173333333332,0.9968139247142308,0.9919818546727556,1.004,18.98,False,1f58d07,scikit-learn=1.9.1;imbalanced-learn=0.14.2;xgboost=3.4.1;lightgbm=4.7.0;numpy=2.5.3;pandas=3.0.6,2026-09-27T21:52:59Z
cicids2017,network_security,member_1,e3,c3_C_threshold,0,0,1,none,0.0,0.0,0.1,RF,3,1,5027,5000,5000,500,0,0.1,0.1111111111111111,0.6767676767676768,"{""clf__base__max_depth"": 16, ""clf__base__max_features"": ""sqrt"", ""clf__base__min_samples_leaf"": 1, ""clf__base__n_estimators"": 400}",0.9952,0.9813333333333334,0.9877049180327868,0.964,0.9757085020242916,0.9960106382978724,0.9986666666666668,0.9973368841544608,0.986522693089376,0.9731342022357354,0.999184222222222,0.98661543988716,0.9811802416817548,0.976,23.73,False,1f58d07,scikit-learn=1.9.1;imbalanced-learn=0.14.2;xgboost=3.4.1;lightgbm=4.7.0;numpy=2.5.3;pandas=3.0.6,2026-09-27T21:53:23Z
cicids2017,network_security,member_1,e3,c3_C_threshold,0,0,1,none,0.0,0.0,0.1,RF,4,0,6026,5000,5000,500,0,0.1,0.1111111111111111,0.5757575757575758,"{""clf__base__max_depth"": null, ""clf__base__max_features"": ""sqrt"", ""clf__base__min_samples_leaf"": 2, ""clf__base__n_estimators"": 200}",0.9958,0.9843333333333332,0.9877800407331976,0.97,0.9788092835519676,0.9966733200266136,0.9986666666666668,0.9976689976689976,0.9882391406104828,0.976528112988051,0.999532,0.9938124049484992,0.9842289706499532,0.982,15.04,False,1f58d07,scikit-learn=1.9.1;imbalanced-learn=0.14.2;xgboost=3.4.1;lightgbm=4.7.0;numpy=2.5.3;pandas=3.0.6,2026-09-27T21:53:38Z
cicids2017,network_security,member_1,e3,c3_C_threshold,0,0,1,none,0.0,0.0,0.1,RF,4,1,6027,5000,5000,500,0,0.1,0.1111111111111111,0.5454545454545455,"{""clf__base__max_depth"": null, ""clf__base__max_features"": ""sqrt"", ""clf__base__min_samples_leaf"": 1, ""clf__base__n_estimators"": 200}",0.996,0.9915555555555556,0.974308300395257,0.986,0.9801192842942346,0.9984423676012462,0.9971111111111112,0.9977762953079832,0.9889477898011088,0.9779171693186074,0.9994984444444444,0.9934730456825008,0.9915399919093306,1.012,15.82,False,1f58d07,scikit-learn=1.9.1;imbalanced-learn=0.14.2;xgboost=3.4.1;lightgbm=4.7.0;numpy=2.5.3;pandas=3.0.6,2026-09-27T21:53:54Z
cicids2017,network_security,member_1,e3,c3_C_threshold,0,0,1,none,0.0,0.0,0.1,XGB,0,0,2026,5000,5000,500,0,0.1,0.1111111111111111,0.4848082959651947,"{""clf__base__colsample_bytree"": 0.6299297262516527, ""clf__base__learning_rate"": 0.24209961404115907, ""clf__base__max_depth"": 3, ""clf__base__min_child_weight"": 1, ""clf__base__n_estimators"": 400, ""clf__base__reg_lambda"": 0.013825769701893902, ""clf__base__subsample"": 0.7881804586451416}",0.9988,0.9984444444444444,0.9900793650793652,0.998,0.99402390438247,0.9997775800711745,0.9988888888888888,0.9993330369052912,0.9966784706438808,0.9933666947356706,0.9999311111111112,0.9993298973385824,0.998444345525133,1.008,9.22,False,1f58d07,scikit-learn=1.9.1;imbalanced-learn=0.14.2;xgboost=3.4.1;lightgbm=4.7.0;numpy=2.5.3;pandas=3.0.6,2026-09-27T21:54:04Z
cicids2017,network_security,member_1,e3,c3_C_threshold,0,0,1,none,0.0,0.0,0.1,XGB,0,1,2027,5000,5000,500,0,0.1,0.1111111111111111,0.5044451355934143,"{""clf__base__colsample_bytree"": 0.8747685538575937, ""clf__base__learning_rate"": 0.13595931129996275, ""clf__base__max_depth"": 8, ""clf__base__min_child_weight"": 3, ""clf__base__n_estimators"": 400, ""clf__base__reg_lambda"": 0.1965471606749867, ""clf__base__subsample"": 0.6688106351596295}",0.9976,0.9951111111111112,0.984126984126984,0.992,0.9880478087649402,0.9991103202846976,0.9982222222222222,0.9986660738105824,0.9933569412877614,0.9867235826442596,0.9996075555555556,0.9952389408681857,0.995106247817008,1.008,10.76,False,1f58d07,scikit-learn=1.9.1;imbalanced-learn=0.14.2;xgboost=3.4.1;lightgbm=4.7.0;numpy=2.5.3;pandas=3.0.6,2026-09-27T21:54:15Z
cicids2017,network_security,member_1,e3,c3_C_threshold,0,0,1,none,0.0,0.0,0.1,XGB,1,0,3026,5000,5000,500,0,0.1,0.1111111111111111,0.5342937707901001,"{""clf__base__colsample_bytree"": 0.9290601749059257, ""clf__base__learning_rate"": 0.12749352451719306, ""clf__base__max_depth"": 3, ""clf__base__min_child_weight"": 3, ""clf__base__n_estimators"": 200, ""clf__base__reg_lambda"": 0.0265855790654674, ""clf__base__subsample"": 0.9317558195828669}",0.9992,0.9977777777777778,0.996,0.996,0.996,0.9995555555555556,0.9995555555555556,0.9995555555555556,0.9977777777777778,0.9955555555555556,0.9999262222222224,0.9992944056687388,0.9977761940101264,1.0,8.78,False,1f58d07,scikit-learn=1.9.1;imbalanced-learn=0.14.2;xgboost=3.4.1;lightgbm=4.7.0;numpy=2.5.3;pandas=3.0.6,2026-09-27T21:54:24Z
cicids2017,network_security,member_1,e3,c3_C_threshold,0,0,1,none,0.0,0.0,0.1,XGB,1,1,3027,5000,5000,500,0,0.1,0.1111111111111111,0.4946464598178863,"{""clf__base__colsample_bytree"": 0.6706550070155429, ""clf__base__learning_rate"": 0.11569792819007631, ""clf__base__max_depth"": 6, ""clf__base__min_child_weight"": 1, ""clf__base__n_estimators"": 200, ""clf__base__reg_lambda"": 0.21874279089075105, ""clf__base__subsample"": 0.6206077634727546}",0.9966,0.991,0.9820359281437124,0.984,0.983016983016983,0.9982218270726828,0.998,0.9981109012112456,0.9905639421141144,0.9811284908830752,0.9996106666666666,0.9926541379861,0.9909752771890932,1.002,9.41,False,1f58d07,scikit-learn=1.9.1;imbalanced-learn=0.14.2;xgboost=3.4.1;lightgbm=4.7.0;numpy=2.5.3;pandas=3.0.6,2026-09-27T21:54:33Z
cicids2017,network_security,member_1,e3,c3_C_threshold,0,0,1,none,0.0,0.0,0.1,XGB,2,0,4026,5000,5000,500,0,0.1,0.1111111111111111,0.3836559355258941,"{""clf__base__colsample_bytree"": 0.659630670299126, ""clf__base__learning_rate"": 0.03834557874295529, ""clf__base__max_depth"": 4, ""clf__base__min_child_weight"": 1, ""clf__base__n_estimators"": 800, ""clf__base__reg_lambda"": 0.0752355555373566, ""clf__base__subsample"": 0.6669423150701586}",0.9978,0.9943333333333332,0.9880239520958084,0.99,0.989010989010989,0.9988886419204268,0.9986666666666668,0.9987776419602178,0.9938943154856036,0.9877892409909032,0.999731111111111,0.9965955375081516,0.994323890892701,1.002,15.28,False,1f58d07,scikit-learn=1.9.1;imbalanced-learn=0.14.2;xgboost=3.4.1;lightgbm=4.7.0;numpy=2.5.3;pandas=3.0.6,2026-09-27T21:54:48Z
cicids2017,network_security,member_1,e3,c3_C_threshold,0,0,1,none,0.0,0.0,0.1,XGB,2,1,4027,5000,5000,500,0,0.1,0.1111111111111111,0.2322875261306762,"{""clf__base__colsample_bytree"": 0.7962534959268627, ""clf__base__learning_rate"": 0.14932277327771687, ""clf__base__max_depth"": 3, ""clf__base__min_child_weight"": 1, ""clf__base__n_estimators"": 200, ""clf__base__reg_lambda"": 0.019567811559382847, ""clf__base__subsample"": 0.9688357828106124}",0.998,0.998,0.9822834645669292,0.998,0.9900793650793652,0.9997773820124666,0.998,0.998887900355872,0.9944836327176184,0.989005866106505,0.9998397777777775,0.9979766643916836,0.998,1.0159999999999998,5.36,False,1f58d07,scikit-learn=1.9.1;imbalanced-learn=0.14.2;xgboost=3.4.1;lightgbm=4.7.0;numpy=2.5.3;pandas=3.0.6,2026-09-27T21:54:54Z
cicids2017,network_security,member_1,e3,c3_C_threshold,0,0,1,none,0.0,0.0,0.1,XGB,3,0,5026,5000,5000,500,0,0.1,0.1111111111111111,0.2827453911304474,"{""clf__base__colsample_bytree"": 0.966186289625362, ""clf__base__learning_rate"": 0.29511899190869545, ""clf__base__max_depth"": 6, ""clf__base__min_child_weight"": 1, ""clf__base__n_estimators"": 200, ""clf__base__reg_lambda"": 1.784943962718507, ""clf__base__subsample"": 0.76926012218394}",0.9988,0.9984444444444444,0.9900793650793652,0.998,0.99402390438247,0.9997775800711745,0.9988888888888888,0.9993330369052912,0.9966784706438808,0.9933666947356706,0.9998073333333332,0.9970225330711376,0.998444345525133,1.008,9.31,False,1f58d07,scikit-learn=1.9.1;imbalanced-learn=0.14.2;xgboost=3.4.1;lightgbm=4.7.0;numpy=2.5.3;pandas=3.0.6,2026-09-27T21:55:03Z
cicids2017,network_security,member_1,e3,c3_C_threshold,0,0,1,none,0.0,0.0,0.1,XGB,3,1,5027,5000,5000,500,0,0.1,0.1111111111111111,0.5151421427726746,"{""clf__base__colsample_bytree"": 0.7569788188513907, ""clf__base__learning_rate"": 0.22391260675549185, ""clf__base__max_depth"": 4, ""clf__base__min_child_weight"": 1, ""clf__base__n_estimators"": 800, ""clf__base__reg_lambda"": 0.013517068075739864, ""clf__base__subsample"": 0.6656234019226878}",0.9972,0.994,0.9821428571428572,0.99,0.9860557768924304,0.998887900355872,0.998,0.9984437527790128,0.9922497648357216,0.9845092119471226,0.9997128888888888,0.9968124056379108,0.9939919516776784,1.008,18.8,False,1f58d07,scikit-learn=1.9.1;imbalanced-learn=0.14.2;xgboost=3.4.1;lightgbm=4.7.0;numpy=2.5.3;pandas=3.0.6,2026-09-27T21:55:22Z
cicids2017,network_security,member_1,e3,c3_C_threshold,0,0,1,none,0.0,0.0,0.1,XGB,4,0,6026,5000,5000,500,0,0.1,0.1111111111111111,0.4538016021251678,"{""clf__base__colsample_bytree"": 0.6430964645008799, ""clf__base__learning_rate"": 0.11900147712804574, ""clf__base__max_depth"": 6, ""clf__base__min_child_weight"": 3, ""clf__base__n_estimators"": 800, ""clf__base__reg_lambda"": 5.320668227960565, ""clf__base__subsample"": 0.8406463455818014}",0.9966,0.9901111111111112,0.9839679358717436,0.982,0.982982982982983,0.998000444345701,0.9982222222222222,0.9981113209643372,0.9905471519736602,0.981094912742238,0.9996877777777776,0.9964931316976408,0.9900778869473968,0.998,15.23,False,1f58d07,scikit-learn=1.9.1;imbalanced-learn=0.14.2;xgboost=3.4.1;lightgbm=4.7.0;numpy=2.5.3;pandas=3.0.6,2026-09-27T21:55:38Z
cicids2017,network_security,member_1,e3,c3_C_threshold,0,0,1,none,0.0,0.0,0.1,XGB,4,1,6027,5000,5000,500,0,0.1,0.1111111111111111,0.3834295868873596,"{""clf__base__colsample_bytree"": 0.7400831131827571, ""clf__base__learning_rate"": 0.021664971667522914, ""clf__base__max_depth"": 8, ""clf__base__min_child_weight"": 1, ""clf__base__n_estimators"": 400, ""clf__base__reg_lambda"": 0.0421316488972222, ""clf__base__subsample"": 0.6098935341153626}",0.9978,0.9987777777777778,0.9784735812133072,1.0,0.9891196834817012,1.0,0.9975555555555556,0.9987762821225944,0.9939479828021478,0.987968499955173,0.999890222222222,0.9988792178409152,0.998777029949906,1.022,18.52,False,1f58d07,scikit-learn=1.9.1;imbalanced-learn=0.14.2;xgboost=3.4.1;lightgbm=4.7.0;numpy=2.5.3;pandas=3.0.6,2026-09-27T21:55:56Z
cicids2017,network_security,member_1,e3,c5_AC_smotetomek_threshold,1,0,1,none,0.0,1.0,0.1,LR,0,0,2026,5000,5000,500,0,0.5,1.0,0.8787878787878789,"{""clf__base__C"": 76.41478416943613}",0.972,0.9764444444444444,0.7893890675241158,0.982,0.875222816399287,0.997944266788488,0.9708888888888888,0.984230682586168,0.9297267494927276,0.8661646414616109,0.9878591111111112,0.8123445192028906,0.9764286399368306,1.244,14.27,False,1f58d07,scikit-learn=1.9.1;imbalanced-learn=0.14.2;xgboost=3.4.1;lightgbm=4.7.0;numpy=2.5.3;pandas=3.0.6,2026-09-27T21:56:11Z
cicids2017,network_security,member_1,e3,c5_AC_smotetomek_threshold,1,0,1,none,0.0,1.0,0.1,LR,0,1,2027,5000,5000,500,0,0.5,1.0,0.8787878787878789,"{""clf__base__C"": 20.397711403252764}",0.9614,0.951,0.7432646592709984,0.938,0.8293545534924845,0.9929045548180362,0.964,0.978238809335889,0.9037966814141868,0.8148770650277926,0.9860326666666668,0.7895034412763754,0.9509111420106507,1.262,14.16,False,1f58d07,scikit-learn=1.9.1;imbalanced-learn=0.14.2;xgboost=3.4.1;lightgbm=4.7.0;numpy=2.5.3;pandas=3.0.6,2026-09-27T21:56:25Z
cicids2017,network_security,member_1,e3,c5_AC_smotetomek_threshold,1,0,1,none,0.0,1.0,0.1,LR,1,0,3026,5000,5000,500,0,0.5,1.0,0.888888888888889,"{""clf__base__C"": 95.41248660376695}",0.971,0.9616666666666668,0.7983193277310925,0.95,0.867579908675799,0.9943246311010216,0.9733333333333334,0.9837170129140932,0.925648460794946,0.8554966912004893,0.987541777777778,0.8010854701905984,0.9615958957205812,1.19,13.6,False,1f58d07,scikit-learn=1.9.1;imbalanced-learn=0.14.2;xgboost=3.4.1;lightgbm=4.7.0;numpy=2.5.3;pandas=3.0.6,2026-09-27T21:56:39Z
cicids2017,network_security,member_1,e3,c5_AC_smotetomek_threshold,1,0,1,none,0.0,1.0,0.1,LR,1,1,3027,5000,5000,500,0,0.5,1.0,0.7474747474747475,"{""clf__base__C"": 2.427560843432097}",0.949,0.9663333333333332,0.6648721399730821,0.988,0.7948511665325825,0.9985905567300916,0.9446666666666668,0.9708804385063378,0.8828658025194601,0.7866317701388793,0.9791446666666668,0.7420173604833236,0.9660904029471914,1.486,12.4,False,1f58d07,scikit-learn=1.9.1;imbalanced-learn=0.14.2;xgboost=3.4.1;lightgbm=4.7.0;numpy=2.5.3;pandas=3.0.6,2026-09-27T21:56:52Z
cicids2017,network_security,member_1,e3,c5_AC_smotetomek_threshold,1,0,1,none,0.0,1.0,0.1,LR,2,0,4026,5000,5000,500,0,0.5,1.0,0.8787878787878789,"{""clf__base__C"": 11.333229684537264}",0.965,0.953,0.765089722675367,0.938,0.8427672955974843,0.9929336676544336,0.968,0.9803083155170472,0.9115378055572658,0.828715386389561,0.9878122222222222,0.8137496440747836,0.9528819444191394,1.226,15.65,False,1f58d07,scikit-learn=1.9.1;imbalanced-learn=0.14.2;xgboost=3.4.1;lightgbm=4.7.0;numpy=2.5.3;pandas=3.0.6,2026-09-27T21:57:08Z
cicids2017,network_security,member_1,e3,c5_AC_smotetomek_threshold,1,0,1,none,0.0,1.0,0.1,LR,2,1,4027,5000,5000,500,0,0.5,1.0,0.8686868686868687,"{""clf__base__C"": 80.93579062656904}",0.9714,0.9796666666666668,0.7819905213270142,0.99,0.8737864077669902,0.998855049232883,0.9693333333333334,0.9838727867373408,0.9288295972521654,0.8655005395860795,0.9897951111111112,0.8282772362799351,0.9796121681563577,1.2659999999999998,17.83,False,1f58d07,scikit-learn=1.9.1;imbalanced-learn=0.14.2;xgboost=3.4.1;lightgbm=4.7.0;numpy=2.5.3;pandas=3.0.6,2026-09-27T21:57:26Z
cicids2017,network_security,member_1,e3,c5_AC_smotetomek_threshold,1,0,1,none,0.0,1.0,0.1,LR,3,0,5026,5000,5000,500,0,0.5,1.0,0.8686868686868687,"{""clf__base__C"": 68.96511808116286}",0.9674,0.9525555555555556,0.7822445561139029,0.934,0.8514129443938013,0.992505110152169,0.9711111111111111,0.9816915646411322,0.9165522545174668,0.8373974750780222,0.9886493333333332,0.8401571999999734,0.9523748095039988,1.194,11.57,False,1f58d07,scikit-learn=1.9.1;imbalanced-learn=0.14.2;xgboost=3.4.1;lightgbm=4.7.0;numpy=2.5.3;pandas=3.0.6,2026-09-27T21:57:37Z
cicids2017,network_security,member_1,e3,c5_AC_smotetomek_threshold,1,0,1,none,0.0,1.0,0.1,LR,3,1,5027,5000,5000,500,0,0.5,1.0,0.8383838383838385,"{""clf__base__C"": 14.586511895863424}",0.9634,0.9752222222222222,0.7355126300148589,0.99,0.8439897698209718,0.9988444649872892,0.9604444444444444,0.9792681545258864,0.9116289621734291,0.8354433680287088,0.9881708888888888,0.8103942339970871,0.975110250176871,1.346,11.98,False,1f58d07,scikit-learn=1.9.1;imbalanced-learn=0.14.2;xgboost=3.4.1;lightgbm=4.7.0;numpy=2.5.3;pandas=3.0.6,2026-09-27T21:57:49Z
cicids2017,network_security,member_1,e3,c5_AC_smotetomek_threshold,1,0,1,none,0.0,1.0,0.1,LR,4,0,6026,5000,5000,500,0,0.5,1.0,0.8787878787878789,"{""clf__base__C"": 73.66417088381552}",0.9724,0.9766666666666668,0.7919354838709678,0.982,0.8767857142857143,0.997945205479452,0.9713333333333334,0.9844594594594596,0.9306225868725868,0.8677670139582783,0.989596,0.8253677463412101,0.9766521045558308,1.24,14.12,False,1f58d07,scikit-learn=1.9.1;imbalanced-learn=0.14.2;xgboost=3.4.1;lightgbm=4.7.0;numpy=2.5.3;pandas=3.0.6,2026-09-27T21:58:04Z
cicids2017,network_security,member_1,e3,c5_AC_smotetomek_threshold,1,0,1,none,0.0,1.0,0.1,LR,4,1,6027,5000,5000,500,0,0.5,1.0,0.8787878787878789,"{""clf__base__C"": 89.78839453758782}",0.9652,0.9451111111111112,0.7744107744107744,0.92,0.8409506398537477,0.9909214707217432,0.9702222222222222,0.9804626094767572,0.9107066246652524,0.8254185435281862,0.9874868888888888,0.8015063359735822,0.9447774576292792,1.188,14.74,False,1f58d07,scikit-learn=1.9.1;imbalanced-learn=0.14.2;xgboost=3.4.1;lightgbm=4.7.0;numpy=2.5.3;pandas=3.0.6,2026-09-27T21:58:19Z
cicids2017,network_security,member_1,e3,c5_AC_smotetomek_threshold,1,0,1,none,0.0,1.0,0.1,RF,0,0,2026,5000,5000,500,0,0.5,1.0,0.6666666666666667,"{""clf__base__max_depth"": 16, ""clf__base__max_features"": ""sqrt"", ""clf__base__min_samples_leaf"": 1, ""clf__base__n_estimators"": 200}",0.9948,0.989111111111111,0.966535433070866,0.982,0.9742063492063492,0.9979964381121996,0.9962222222222222,0.9971085409252668,0.985657445065808,0.9713529278448984,0.9996615555555556,0.9965966933242338,0.9890855484851764,1.0159999999999998,33.47,False,1f58d07,scikit-learn=1.9.1;imbalanced-learn=0.14.2;xgboost=3.4.1;lightgbm=4.7.0;numpy=2.5.3;pandas=3.0.6,2026-09-27T21:58:52Z
cicids2017,network_security,member_1,e3,c5_AC_smotetomek_threshold,1,0,1,none,0.0,1.0,0.1,RF,0,1,2027,5000,5000,500,0,0.5,1.0,0.7272727272727273,"{""clf__base__max_depth"": 16, ""clf__base__max_features"": ""sqrt"", ""clf__base__min_samples_leaf"": 2, ""clf__base__n_estimators"": 200}",0.9954,0.9947777777777778,0.9613152804642168,0.994,0.9773844641101278,0.999330805264332,0.9955555555555556,0.9974396081487252,0.9874120361294264,0.9749936774437994,0.9992035555555556,0.9871797837333502,0.9947774737207424,1.034,28.97,False,1f58d07,scikit-learn=1.9.1;imbalanced-learn=0.14.2;xgboost=3.4.1;lightgbm=4.7.0;numpy=2.5.3;pandas=3.0.6,2026-09-27T21:59:21Z
cicids2017,network_security,member_1,e3,c5_AC_smotetomek_threshold,1,0,1,none,0.0,1.0,0.1,RF,1,0,3026,5000,5000,500,0,0.5,1.0,0.6666666666666667,"{""clf__base__max_depth"": null, ""clf__base__max_features"": ""log2"", ""clf__base__min_samples_leaf"": 1, ""clf__base__n_estimators"": 400}",0.9948,0.9926666666666666,0.9593023255813954,0.99,0.9744094488188976,0.998884924174844,0.9953333333333332,0.997105966162066,0.9857577074904816,0.9716654963308176,0.999528,0.995007019116648,0.9926630848379524,1.032,47.65,False,1f58d07,scikit-learn=1.9.1;imbalanced-learn=0.14.2;xgboost=3.4.1;lightgbm=4.7.0;numpy=2.5.3;pandas=3.0.6,2026-09-27T22:00:09Z
cicids2017,network_security,member_1,e3,c5_AC_smotetomek_threshold,1,0,1,none,0.0,1.0,0.1,RF,1,1,3027,5000,5000,500,0,0.5,1.0,0.5656565656565657,"{""clf__base__max_depth"": null, ""clf__base__max_features"": ""log2"", ""clf__base__min_samples_leaf"": 1, ""clf__base__n_estimators"": 200}",0.9952,0.9928888888888888,0.9630350194552528,0.99,0.9763313609467456,0.9988854213107444,0.9957777777777778,0.9973291787224572,0.9868302698346014,0.9737760494576386,0.9994731111111111,0.9931864738180458,0.9928846861544396,1.028,29.34,False,1f58d07,scikit-learn=1.9.1;imbalanced-learn=0.14.2;xgboost=3.4.1;lightgbm=4.7.0;numpy=2.5.3;pandas=3.0.6,2026-09-27T22:00:39Z
cicids2017,network_security,member_1,e3,c5_AC_smotetomek_threshold,1,0,1,none,0.0,1.0,0.1,RF,2,0,4026,5000,5000,500,0,0.5,1.0,0.5353535353535354,"{""clf__base__max_depth"": null, ""clf__base__max_features"": ""sqrt"", ""clf__base__min_samples_leaf"": 1, ""clf__base__n_estimators"": 200}",0.9952,0.992,0.96484375,0.988,0.9762845849802372,0.998663101604278,0.996,0.9973297730307076,0.9868071790054724,0.9736995131859776,0.9995222222222222,0.994075770191403,0.9919919354510902,1.024,26.42,False,1f58d07,scikit-learn=1.9.1;imbalanced-learn=0.14.2;xgboost=3.4.1;lightgbm=4.7.0;numpy=2.5.3;pandas=3.0.6,2026-09-27T22:01:05Z
cicids2017,network_security,member_1,e3,c5_AC_smotetomek_threshold,1,0,1,none,0.0,1.0,0.1,RF,2,1,4027,5000,5000,500,0,0.5,1.0,0.5656565656565657,"{""clf__base__max_depth"": null, ""clf__base__max_features"": ""log2"", ""clf__base__min_samples_leaf"": 1, ""clf__base__n_estimators"": 200}",0.9966,0.9963333333333332,0.9707602339181286,0.996,0.983218163869694,0.9995542678850012,0.9966666666666668,0.9981083787693334,0.9906632713195136,0.9814269520057212,0.9997335555555557,0.9967172681667306,0.9963332775733228,1.0259999999999998,24.94,False,1f58d07,scikit-learn=1.9.1;imbalanced-learn=0.14.2;xgboost=3.4.1;lightgbm=4.7.0;numpy=2.5.3;pandas=3.0.6,2026-09-27T22:01:30Z
cicids2017,network_security,member_1,e3,c5_AC_smotetomek_threshold,1,0,1,none,0.0,1.0,0.1,RF,3,0,5026,5000,5000,500,0,0.5,1.0,0.6060606060606061,"{""clf__base__max_depth"": 16, ""clf__base__max_features"": ""sqrt"", ""clf__base__min_samples_leaf"": 2, ""clf__base__n_estimators"": 200}",0.996,0.996,0.9651162790697676,0.996,0.9803149606299212,0.9995539696699376,0.996,0.997773820124666,0.9890443903772936,0.9782396877809584,0.9997464444444444,0.9970190123622618,0.996,1.032,35.47,False,1f58d07,scikit-learn=1.9.1;imbalanced-learn=0.14.2;xgboost=3.4.1;lightgbm=4.7.0;numpy=2.5.3;pandas=3.0.6,2026-09-27T22:02:06Z
cicids2017,network_security,member_1,e3,c5_AC_smotetomek_threshold,1,0,1,none,0.0,1.0,0.1,RF,3,1,5027,5000,5000,500,0,0.5,1.0,0.686868686868687,"{""clf__base__max_depth"": 16, ""clf__base__max_features"": ""sqrt"", ""clf__base__min_samples_leaf"": 1, ""clf__base__n_estimators"": 400}",0.9952,0.9946666666666666,0.9594594594594594,0.994,0.9764243614931236,0.999330655957162,0.9953333333333332,0.9973279893119572,0.9868761754025404,0.9739420007639972,0.9992193333333332,0.988241875408814,0.9946664432528792,1.0359999999999998,45.2,False,1f58d07,scikit-learn=1.9.1;imbalanced-learn=0.14.2;xgboost=3.4.1;lightgbm=4.7.0;numpy=2.5.3;pandas=3.0.6,2026-09-27T22:02:51Z
cicids2017,network_security,member_1,e3,c5_AC_smotetomek_threshold,1,0,1,none,0.0,1.0,0.1,RF,4,0,6026,5000,5000,500,0,0.5,1.0,0.787878787878788,"{""clf__base__max_depth"": null, ""clf__base__max_features"": ""sqrt"", ""clf__base__min_samples_leaf"": 2, ""clf__base__n_estimators"": 400}",0.996,0.9844444444444445,0.9897959183673468,0.97,0.9797979797979798,0.9966740576496674,0.9988888888888888,0.9977802441731408,0.9887891119855604,0.977639912741585,0.9996131111111112,0.9936345884239378,0.984338469339801,0.98,46.84,False,1f58d07,scikit-learn=1.9.1;imbalanced-learn=0.14.2;xgboost=3.4.1;lightgbm=4.7.0;numpy=2.5.3;pandas=3.0.6,2026-09-27T22:03:38Z
cicids2017,network_security,member_1,e3,c5_AC_smotetomek_threshold,1,0,1,none,0.0,1.0,0.1,RF,4,1,6027,5000,5000,500,0,0.5,1.0,0.5353535353535354,"{""clf__base__max_depth"": null, ""clf__base__max_features"": ""sqrt"", ""clf__base__min_samples_leaf"": 1, ""clf__base__n_estimators"": 200}",0.9948,0.9962222222222222,0.9522900763358778,0.998,0.974609375,0.9997765862377124,0.9944444444444444,0.9971033868092692,0.9858563809046346,0.9720459197033456,0.9995142222222222,0.9944975388849686,0.996220635981586,1.048,25.91,False,1f58d07,scikit-learn=1.9.1;imbalanced-learn=0.14.2;xgboost=3.4.1;lightgbm=4.7.0;numpy=2.5.3;pandas=3.0.6,2026-09-27T22:04:04Z
cicids2017,network_security,member_1,e3,c5_AC_smotetomek_threshold,1,0,1,none,0.0,1.0,0.1,XGB,0,0,2026,5000,5000,500,0,0.5,1.0,0.5150415897369385,"{""clf__base__colsample_bytree"": 0.8487428611461553, ""clf__base__learning_rate"": 0.14765134569329497, ""clf__base__max_depth"": 6, ""clf__base__min_child_weight"": 3, ""clf__base__n_estimators"": 200, ""clf__base__reg_lambda"": 1.9248322109535474, ""clf__base__subsample"": 0.8527697187581688}",0.9974,0.9985555555555556,0.9746588693957114,1.0,0.987166831194472,1.0,0.9971111111111112,0.9985534661177256,0.9928601486560988,0.9858210731250662,0.9998928888888888,0.9989541044973812,0.998554510836094,1.0259999999999998,17.37,False,1f58d07,scikit-learn=1.9.1;imbalanced-learn=0.14.2;xgboost=3.4.1;lightgbm=4.7.0;numpy=2.5.3;pandas=3.0.6,2026-09-27T22:04:22Z
cicids2017,network_security,member_1,e3,c5_AC_smotetomek_threshold,1,0,1,none,0.0,1.0,0.1,XGB,0,1,2027,5000,5000,500,0,0.5,1.0,0.8481847643852234,"{""clf__base__colsample_bytree"": 0.7335280510923655, ""clf__base__learning_rate"": 0.05971758507702269, ""clf__base__max_depth"": 8, ""clf__base__min_child_weight"": 3, ""clf__base__n_estimators"": 200, ""clf__base__reg_lambda"": 0.2886302815044253, ""clf__base__subsample"": 0.7698710164019611}",0.9976,0.9951111111111112,0.984126984126984,0.992,0.9880478087649402,0.9991103202846976,0.9982222222222222,0.9986660738105824,0.9933569412877614,0.9867235826442596,0.9994962222222222,0.9931724119364512,0.995106247817008,1.008,18.82,False,1f58d07,scikit-learn=1.9.1;imbalanced-learn=0.14.2;xgboost=3.4.1;lightgbm=4.7.0;numpy=2.5.3;pandas=3.0.6,2026-09-27T22:04:41Z
cicids2017,network_security,member_1,e3,c5_AC_smotetomek_threshold,1,0,1,none,0.0,1.0,0.1,XGB,1,0,3026,5000,5000,500,0,0.5,1.0,0.7070630788803101,"{""clf__base__colsample_bytree"": 0.6750002232167834, ""clf__base__learning_rate"": 0.055707861774863386, ""clf__base__max_depth"": 4, ""clf__base__min_child_weight"": 1, ""clf__base__n_estimators"": 800, ""clf__base__reg_lambda"": 0.08372426491886341, ""clf__base__subsample"": 0.7362258226856279}",0.998,0.9971111111111112,0.984189723320158,0.996,0.9900596421471172,0.9995549621717846,0.9982222222222222,0.9988881476539916,0.9944738949005544,0.9889695785559334,0.9998906666666668,0.9989069478611876,0.997110492038537,1.012,29.78,False,1f58d07,scikit-learn=1.9.1;imbalanced-learn=0.14.2;xgboost=3.4.1;lightgbm=4.7.0;numpy=2.5.3;pandas=3.0.6,2026-09-27T22:05:11Z
cicids2017,network_security,member_1,e3,c5_AC_smotetomek_threshold,1,0,1,none,0.0,1.0,0.1,XGB,1,1,3027,5000,5000,500,0,0.5,1.0,0.5151432156562805,"{""clf__base__colsample_bytree"": 0.8513470081401819, ""clf__base__learning_rate"": 0.25382642172504044, ""clf__base__max_depth"": 4, ""clf__base__min_child_weight"": 1, ""clf__base__n_estimators"": 200, ""clf__base__reg_lambda"": 0.012756619257647156, ""clf__base__subsample"": 0.9023643959650978}",0.997,0.9947777777777778,0.9783037475345168,0.992,0.9851042701092354,0.9991097262408192,0.9975555555555556,0.9983320360280218,0.9917181530686284,0.9834657762470628,0.9995588888888888,0.9932483137804836,0.9947738994922972,1.014,15.31,False,1f58d07,scikit-learn=1.9.1;imbalanced-learn=0.14.2;xgboost=3.4.1;lightgbm=4.7.0;numpy=2.5.3;pandas=3.0.6,2026-09-27T22:05:26Z
cicids2017,network_security,member_1,e3,c5_AC_smotetomek_threshold,1,0,1,none,0.0,1.0,0.1,XGB,2,0,4026,5000,5000,500,0,0.5,1.0,0.6666389107704163,"{""clf__base__colsample_bytree"": 0.659630670299126, ""clf__base__learning_rate"": 0.03834557874295529, ""clf__base__max_depth"": 4, ""clf__base__min_child_weight"": 1, ""clf__base__n_estimators"": 800, ""clf__base__reg_lambda"": 0.0752355555373566, ""clf__base__subsample"": 0.6669423150701586}",0.9976,0.9968888888888888,0.9803149606299212,0.996,0.988095238095238,0.9995547640249332,0.9977777777777778,0.9986654804270464,0.9933803592611422,0.986799248823804,0.9996975555555556,0.996223822463471,0.996888492594165,1.0159999999999998,35.44,False,1f58d07,scikit-learn=1.9.1;imbalanced-learn=0.14.2;xgboost=3.4.1;lightgbm=4.7.0;numpy=2.5.3;pandas=3.0.6,2026-09-27T22:06:02Z
cicids2017,network_security,member_1,e3,c5_AC_smotetomek_threshold,1,0,1,none,0.0,1.0,0.1,XGB,2,1,4027,5000,5000,500,0,0.5,1.0,0.4949478209018707,"{""clf__base__colsample_bytree"": 0.7962534959268627, ""clf__base__learning_rate"": 0.14932277327771687, ""clf__base__max_depth"": 3, ""clf__base__min_child_weight"": 1, ""clf__base__n_estimators"": 200, ""clf__base__reg_lambda"": 0.019567811559382847, ""clf__base__subsample"": 0.9688357828106124}",0.998,0.998,0.9822834645669292,0.998,0.9900793650793652,0.9997773820124666,0.998,0.998887900355872,0.9944836327176184,0.989005866106505,0.9998002222222222,0.9976200069480362,0.998,1.0159999999999998,17.17,False,1f58d07,scikit-learn=1.9.1;imbalanced-learn=0.14.2;xgboost=3.4.1;lightgbm=4.7.0;numpy=2.5.3;pandas=3.0.6,2026-09-27T22:06:19Z
cicids2017,network_security,member_1,e3,c5_AC_smotetomek_threshold,1,0,1,none,0.0,1.0,0.1,XGB,3,0,5026,5000,5000,500,0,0.5,1.0,0.6361511945724487,"{""clf__base__colsample_bytree"": 0.928600245746112, ""clf__base__learning_rate"": 0.026705641652220963, ""clf__base__max_depth"": 4, ""clf__base__min_child_weight"": 3, ""clf__base__n_estimators"": 800, ""clf__base__reg_lambda"": 3.6301278240276407, ""clf__base__subsample"": 0.763407505180668}",0.998,0.9971111111111112,0.984189723320158,0.996,0.9900596421471172,0.9995549621717846,0.9982222222222222,0.9988881476539916,0.9944738949005544,0.9889695785559334,0.9998804444444443,0.9987226507595224,0.997110492038537,1.012,31.31,False,1f58d07,scikit-learn=1.9.1;imbalanced-learn=0.14.2;xgboost=3.4.1;lightgbm=4.7.0;numpy=2.5.3;pandas=3.0.6,2026-09-27T22:06:51Z
cicids2017,network_security,member_1,e3,c5_AC_smotetomek_threshold,1,0,1,none,0.0,1.0,0.1,XGB,3,1,5027,5000,5000,500,0,0.5,1.0,0.9494258165359496,"{""clf__base__colsample_bytree"": 0.8405279927109883, ""clf__base__learning_rate"": 0.03965143905411441, ""clf__base__max_depth"": 8, ""clf__base__min_child_weight"": 1, ""clf__base__n_estimators"": 400, ""clf__base__reg_lambda"": 0.025783651592417578, ""clf__base__subsample"": 0.6276769187790308}",0.9974,0.9905555555555556,0.991919191919192,0.982,0.9869346733668342,0.9980022197558268,0.9991111111111112,0.9985563575791228,0.9927455154729784,0.985506416073055,0.9997044444444444,0.9966895936024536,0.990518607150371,0.99,28.72,False,1f58d07,scikit-learn=1.9.1;imbalanced-learn=0.14.2;xgboost=3.4.1;lightgbm=4.7.0;numpy=2.5.3;pandas=3.0.6,2026-09-27T22:07:20Z
cicids2017,network_security,member_1,e3,c5_AC_smotetomek_threshold,1,0,1,none,0.0,1.0,0.1,XGB,4,0,6026,5000,5000,500,0,0.5,1.0,0.8988596200942993,"{""clf__base__colsample_bytree"": 0.8054931707609041, ""clf__base__learning_rate"": 0.0741136801321364, ""clf__base__max_depth"": 3, ""clf__base__min_child_weight"": 1, ""clf__base__n_estimators"": 200, ""clf__base__reg_lambda"": 0.6105355904706413, ""clf__base__subsample"": 0.8743098875360427}",0.9956,0.9815555555555556,0.9917695473251028,0.964,0.977687626774848,0.9960124058484714,0.9991111111111112,0.997559352118926,0.9876234894468868,0.9753685326360004,0.9997944444444444,0.9977906956130952,0.9813985485576748,0.972,17.21,False,1f58d07,scikit-learn=1.9.1;imbalanced-learn=0.14.2;xgboost=3.4.1;lightgbm=4.7.0;numpy=2.5.3;pandas=3.0.6,2026-09-27T22:07:37Z
cicids2017,network_security,member_1,e3,c5_AC_smotetomek_threshold,1,0,1,none,0.0,1.0,0.1,XGB,4,1,6027,5000,5000,500,0,0.5,1.0,0.6059380769729614,"{""clf__base__colsample_bytree"": 0.9945079101968104, ""clf__base__learning_rate"": 0.19270404176928618, ""clf__base__max_depth"": 8, ""clf__base__min_child_weight"": 3, ""clf__base__n_estimators"": 200, ""clf__base__reg_lambda"": 3.779344640029968, ""clf__base__subsample"": 0.7441910091270953}",0.9968,0.9982222222222222,0.9689922480620154,1.0,0.984251968503937,1.0,0.9964444444444444,0.9982190560997328,0.9912355123018348,0.9826224820810524,0.999868,0.9986312853650052,0.9982206391597224,1.032,15.77,False,1f58d07,scikit-learn=1.9.1;imbalanced-learn=0.14.2;xgboost=3.4.1;lightgbm=4.7.0;numpy=2.5.3;pandas=3.0.6,2026-09-27T22:07:53Z
cicids2017,network_security,member_1,e3,c6_BC_weights_threshold,0,1,1,orig,1.0,0.0,0.1,LR,0,0,2026,5000,5000,500,0,0.1,1.0,0.8686868686868687,"{""clf__base__C"": 86.64678862932995}",0.971,0.9758888888888888,0.7830940988835726,0.982,0.8713398402839396,0.9979419163045964,0.9697777777777776,0.9836582891919304,0.9274990647379352,0.8621906534521273,0.9881835555555556,0.8154491657376326,0.9758697545153132,1.254,4.77,False,1f58d07,scikit-learn=1.9.1;imbalanced-learn=0.14.2;xgboost=3.4.1;lightgbm=4.7.0;numpy=2.5.3;pandas=3.0.6,2026-09-27T22:07:58Z
cicids2017,network_security,member_1,e3,c6_BC_weights_threshold,0,1,1,orig,1.0,0.0,0.1,LR,0,1,2027,5000,5000,500,0,0.1,1.0,0.8686868686868687,"{""clf__base__C"": 16.993265093194907}",0.9464,0.9453333333333334,0.6629213483146067,0.944,0.7788778877887789,0.9934701492537312,0.9466666666666668,0.9695038689121528,0.8741908783504659,0.7646084142667625,0.9814655555555556,0.7676332554780767,0.9453323930413752,1.424,4.2,False,1f58d07,scikit-learn=1.9.1;imbalanced-learn=0.14.2;xgboost=3.4.1;lightgbm=4.7.0;numpy=2.5.3;pandas=3.0.6,2026-09-27T22:08:02Z
cicids2017,network_security,member_1,e3,c6_BC_weights_threshold,0,1,1,orig,1.0,0.0,0.1,LR,1,0,3026,5000,5000,500,0,0.1,1.0,0.8787878787878789,"{""clf__base__C"": 95.41248660376695}",0.9714,0.9725555555555556,0.7893030794165316,0.974,0.8719785138764548,0.9970339949806069,0.9711111111111111,0.9839018349656647,0.9279401744210598,0.8620765082585999,0.9873222222222224,0.7981203616933293,0.972554482906856,1.234,4.63,False,1f58d07,scikit-learn=1.9.1;imbalanced-learn=0.14.2;xgboost=3.4.1;lightgbm=4.7.0;numpy=2.5.3;pandas=3.0.6,2026-09-27T22:08:07Z
cicids2017,network_security,member_1,e3,c6_BC_weights_threshold,0,1,1,orig,1.0,0.0,0.1,LR,1,1,3027,5000,5000,500,0,0.1,1.0,0.787878787878788,"{""clf__base__C"": 4.686201792798966}",0.9496,0.9684444444444444,0.6666666666666666,0.992,0.797427652733119,0.99906015037594,0.9448888888888888,0.9712197350388304,0.8843236938859748,0.7897544288717754,0.9790673333333332,0.7300380258230429,0.968157930183799,1.4879999999999998,3.66,False,1f58d07,scikit-learn=1.9.1;imbalanced-learn=0.14.2;xgboost=3.4.1;lightgbm=4.7.0;numpy=2.5.3;pandas=3.0.6,2026-09-27T22:08:11Z
cicids2017,network_security,member_1,e3,c6_BC_weights_threshold,0,1,1,orig,1.0,0.0,0.1,LR,2,0,4026,5000,5000,500,0,0.1,1.0,0.8686868686868687,"{""clf__base__C"": 11.333229684537264}",0.9514,0.9463333333333332,0.6881405563689604,0.94,0.7945900253592562,0.9930507296733844,0.9526666666666668,0.9724396053079278,0.883514815333592,0.7797927639275706,0.9848882222222222,0.8061660618342058,0.946312140187722,1.366,3.7,False,1f58d07,scikit-learn=1.9.1;imbalanced-learn=0.14.2;xgboost=3.4.1;lightgbm=4.7.0;numpy=2.5.3;pandas=3.0.6,2026-09-27T22:08:15Z
cicids2017,network_security,member_1,e3,c6_BC_weights_threshold,0,1,1,orig,1.0,0.0,0.1,LR,2,1,4027,5000,5000,500,0,0.1,1.0,0.8686868686868687,"{""clf__base__C"": 80.93579062656904}",0.97,0.977111111111111,0.7751572327044025,0.986,0.8679577464788732,0.9983959670027498,0.9682222222222222,0.9830776173285198,0.9255176819036964,0.8591517055978352,0.9885737777777778,0.81008185933467,0.9770706786671634,1.272,4.49,False,1f58d07,scikit-learn=1.9.1;imbalanced-learn=0.14.2;xgboost=3.4.1;lightgbm=4.7.0;numpy=2.5.3;pandas=3.0.6,2026-09-27T22:08:19Z
cicids2017,network_security,member_1,e3,c6_BC_weights_threshold,0,1,1,orig,1.0,0.0,0.1,LR,3,0,5026,5000,5000,500,0,0.1,1.0,0.8787878787878789,"{""clf__base__C"": 68.96511808116286}",0.97,0.9477777777777778,0.8070175438596491,0.92,0.8598130841121495,0.9909706546275396,0.9755555555555556,0.9832026875699889,0.9215078858410692,0.8453654620476112,0.9880322222222224,0.8215148742591998,0.9473706302768264,1.14,4.44,False,1f58d07,scikit-learn=1.9.1;imbalanced-learn=0.14.2;xgboost=3.4.1;lightgbm=4.7.0;numpy=2.5.3;pandas=3.0.6,2026-09-27T22:08:24Z
cicids2017,network_security,member_1,e3,c6_BC_weights_threshold,0,1,1,orig,1.0,0.0,0.1,LR,3,1,5027,5000,5000,500,0,0.1,1.0,0.8383838383838385,"{""clf__base__C"": 14.115241548086104}",0.9526,0.9701111111111111,0.6803840877914952,0.992,0.807160292921074,0.9990634511823928,0.9482222222222222,0.9729791357883936,0.8900697143547338,0.7992694633084947,0.9855197777777778,0.8077467557075687,0.9698641371060404,1.458,4.17,False,1f58d07,scikit-learn=1.9.1;imbalanced-learn=0.14.2;xgboost=3.4.1;lightgbm=4.7.0;numpy=2.5.3;pandas=3.0.6,2026-09-27T22:08:28Z
cicids2017,network_security,member_1,e3,c6_BC_weights_threshold,0,1,1,orig,1.0,0.0,0.1,LR,4,0,6026,5000,5000,500,0,0.1,1.0,0.8686868686868687,"{""clf__base__C"": 73.66417088381552}",0.9704,0.9764444444444444,0.7784810126582279,0.984,0.8692579505300353,0.9981684981684982,0.9688888888888888,0.9833107803337844,0.9262843654319098,0.8602678009944217,0.9886013333333332,0.8125819688889557,0.9764152122261648,1.264,4.42,False,1f58d07,scikit-learn=1.9.1;imbalanced-learn=0.14.2;xgboost=3.4.1;lightgbm=4.7.0;numpy=2.5.3;pandas=3.0.6,2026-09-27T22:08:33Z
cicids2017,network_security,member_1,e3,c6_BC_weights_threshold,0,1,1,orig,1.0,0.0,0.1,LR,4,1,6027,5000,5000,500,0,0.1,1.0,0.8787878787878789,"{""clf__base__C"": 89.78839453758782}",0.967,0.947,0.7853492333901193,0.922,0.8482060717571297,0.991162474507138,0.972,0.9814877145742176,0.9148468931656736,0.833187534028293,0.9874337777777776,0.7998000302796172,0.9466699530459388,1.174,4.75,False,1f58d07,scikit-learn=1.9.1;imbalanced-learn=0.14.2;xgboost=3.4.1;lightgbm=4.7.0;numpy=2.5.3;pandas=3.0.6,2026-09-27T22:08:38Z
cicids2017,network_security,member_1,e3,c6_BC_weights_threshold,0,1,1,orig,1.0,0.0,0.1,RF,0,0,2026,5000,5000,500,0,0.1,1.0,0.7373737373737375,"{""clf__base__max_depth"": 16, ""clf__base__max_features"": ""sqrt"", ""clf__base__min_samples_leaf"": 1, ""clf__base__n_estimators"": 400}",0.9956,0.9895555555555556,0.9742063492063492,0.982,0.9780876494023903,0.9979982206405694,0.9971111111111112,0.9975544686527346,0.9878210590275625,0.9756517291585745,0.99972,0.9967144567104804,0.989526710660764,1.008,18.55,False,1f58d07,scikit-learn=1.9.1;imbalanced-learn=0.14.2;xgboost=3.4.1;lightgbm=4.7.0;numpy=2.5.3;pandas=3.0.6,2026-09-27T22:09:01Z
cicids2017,network_security,member_1,e3,c6_BC_weights_threshold,0,1,1,orig,1.0,0.0,0.1,RF,0,1,2027,5000,5000,500,0,0.1,1.0,0.7777777777777778,"{""clf__base__max_depth"": 16, ""clf__base__max_features"": ""sqrt"", ""clf__base__min_samples_leaf"": 2, ""clf__base__n_estimators"": 200}",0.9962,0.9952222222222222,0.9688109161793372,0.994,0.981243830207305,0.9993314018275016,0.9964444444444444,0.9978858350951374,0.9895648326512212,0.9792298914460486,0.9993608888888889,0.991701713678796,0.99522147172264,1.0259999999999998,10.4,False,1f58d07,scikit-learn=1.9.1;imbalanced-learn=0.14.2;xgboost=3.4.1;lightgbm=4.7.0;numpy=2.5.3;pandas=3.0.6,2026-09-27T22:09:11Z
cicids2017,network_security,member_1,e3,c6_BC_weights_threshold,0,1,1,orig,1.0,0.0,0.1,RF,1,0,3026,5000,5000,500,0,0.1,1.0,0.5656565656565657,"{""clf__base__max_depth"": null, ""clf__base__max_features"": ""log2"", ""clf__base__min_samples_leaf"": 1, ""clf__base__n_estimators"": 400}",0.9942,0.9932222222222222,0.9520153550863724,0.992,0.971596474045054,0.9991069435141772,0.9944444444444444,0.9967702416750196,0.9841833578600367,0.9686223760794204,0.9995086666666668,0.9930792894185264,0.993221470211397,1.042,17.24,False,1f58d07,scikit-learn=1.9.1;imbalanced-learn=0.14.2;xgboost=3.4.1;lightgbm=4.7.0;numpy=2.5.3;pandas=3.0.6,2026-09-27T22:09:28Z
cicids2017,network_security,member_1,e3,c6_BC_weights_threshold,0,1,1,orig,1.0,0.0,0.1,RF,1,1,3027,5000,5000,500,0,0.1,1.0,0.5757575757575758,"{""clf__base__max_depth"": null, ""clf__base__max_features"": ""log2"", ""clf__base__min_samples_leaf"": 1, ""clf__base__n_estimators"": 200}",0.9962,0.9943333333333332,0.9706457925636008,0.992,0.9812067260138476,0.9991089329472044,0.9966666666666668,0.997886305484481,0.9895465157491644,0.9791650381600724,0.9994331111111112,0.989958815786637,0.9943305955935045,1.022,10.77,False,1f58d07,scikit-learn=1.9.1;imbalanced-learn=0.14.2;xgboost=3.4.1;lightgbm=4.7.0;numpy=2.5.3;pandas=3.0.6,2026-09-27T22:09:39Z
cicids2017,network_security,member_1,e3,c6_BC_weights_threshold,0,1,1,orig,1.0,0.0,0.1,RF,2,0,4026,5000,5000,500,0,0.1,1.0,0.686868686868687,"{""clf__base__max_depth"": null, ""clf__base__max_features"": ""sqrt"", ""clf__base__min_samples_leaf"": 1, ""clf__base__n_estimators"": 200}",0.9962,0.9898888888888888,0.9800399201596808,0.982,0.981018981018981,0.9979995554567682,0.9977777777777778,0.9978886542949216,0.9894538176569514,0.9789082408471323,0.9993904444444444,0.9891159427353676,0.9898574532617198,1.002,11.22,False,1f58d07,scikit-learn=1.9.1;imbalanced-learn=0.14.2;xgboost=3.4.1;lightgbm=4.7.0;numpy=2.5.3;pandas=3.0.6,2026-09-27T22:09:51Z
cicids2017,network_security,member_1,e3,c6_BC_weights_threshold,0,1,1,orig,1.0,0.0,0.1,RF,2,1,4027,5000,5000,500,0,0.1,1.0,0.5252525252525253,"{""clf__base__max_depth"": null, ""clf__base__max_features"": ""log2"", ""clf__base__min_samples_leaf"": 1, ""clf__base__n_estimators"": 200}",0.996,0.9968888888888888,0.9633204633204632,0.998,0.9803536345776032,0.999776885319054,0.9957777777777778,0.997773324426631,0.9890634795021171,0.978317301755749,0.9998093333333332,0.997425385218078,0.9968882696783136,1.0359999999999998,11.89,False,1f58d07,scikit-learn=1.9.1;imbalanced-learn=0.14.2;xgboost=3.4.1;lightgbm=4.7.0;numpy=2.5.3;pandas=3.0.6,2026-09-27T22:10:03Z
cicids2017,network_security,member_1,e3,c6_BC_weights_threshold,0,1,1,orig,1.0,0.0,0.1,RF,3,0,5026,5000,5000,500,0,0.1,1.0,0.6565656565656566,"{""clf__base__max_depth"": 16, ""clf__base__max_features"": ""sqrt"", ""clf__base__min_samples_leaf"": 2, ""clf__base__n_estimators"": 200}",0.9964,0.9953333333333334,0.970703125,0.994,0.982213438735178,0.9993315508021392,0.9966666666666668,0.9979973297730308,0.9901053842541044,0.9802963933566142,0.999788,0.997488630413649,0.9953324402764469,1.024,10.75,False,1f58d07,scikit-learn=1.9.1;imbalanced-learn=0.14.2;xgboost=3.4.1;lightgbm=4.7.0;numpy=2.5.3;pandas=3.0.6,2026-09-27T22:10:14Z
cicids2017,network_security,member_1,e3,c6_BC_weights_threshold,0,1,1,orig,1.0,0.0,0.1,RF,3,1,5027,5000,5000,500,0,0.1,1.0,0.8080808080808082,"{""clf__base__max_depth"": 16, ""clf__base__max_features"": ""sqrt"", ""clf__base__min_samples_leaf"": 1, ""clf__base__n_estimators"": 400}",0.9952,0.9884444444444443,0.9722222222222222,0.98,0.9760956175298804,0.9977758007117438,0.9968888888888888,0.997332147621165,0.9867138825755228,0.9734373584614374,0.9992402222222222,0.9876826110263448,0.9884083726431656,1.008,14.41,False,1f58d07,scikit-learn=1.9.1;imbalanced-learn=0.14.2;xgboost=3.4.1;lightgbm=4.7.0;numpy=2.5.3;pandas=3.0.6,2026-09-27T22:10:28Z
cicids2017,network_security,member_1,e3,c6_BC_weights_threshold,0,1,1,orig,1.0,0.0,0.1,RF,4,0,6026,5000,5000,500,0,0.1,1.0,0.8383838383838385,"{""clf__base__max_depth"": null, ""clf__base__max_features"": ""sqrt"", ""clf__base__min_samples_leaf"": 2, ""clf__base__n_estimators"": 200}",0.9958,0.9834444444444445,0.9897750511247444,0.968,0.9787664307381192,0.9964531146087342,0.9988888888888888,0.9976695150371768,0.988217972887648,0.9765106529664538,0.9996122222222222,0.9945342652107368,0.9833231637892216,0.978,9.82,False,1f58d07,scikit-learn=1.9.1;imbalanced-learn=0.14.2;xgboost=3.4.1;lightgbm=4.7.0;numpy=2.5.3;pandas=3.0.6,2026-09-27T22:10:38Z
cicids2017,network_security,member_1,e3,c6_BC_weights_threshold,0,1,1,orig,1.0,0.0,0.1,RF,4,1,6027,5000,5000,500,0,0.1,1.0,0.5757575757575758,"{""clf__base__max_depth"": null, ""clf__base__max_features"": ""sqrt"", ""clf__base__min_samples_leaf"": 1, ""clf__base__n_estimators"": 200}",0.9948,0.9944444444444444,0.9557692307692308,0.994,0.9745098039215686,0.9993303571428572,0.9948888888888888,0.9971046770601336,0.9858072404908512,0.9718474007109452,0.9995766666666668,0.9946451943732078,0.9944443451272452,1.0399999999999998,9.56,False,1f58d07,scikit-learn=1.9.1;imbalanced-learn=0.14.2;xgboost=3.4.1;lightgbm=4.7.0;numpy=2.5.3;pandas=3.0.6,2026-09-27T22:10:48Z
cicids2017,network_security,member_1,e3,c6_BC_weights_threshold,0,1,1,orig,1.0,0.0,0.1,XGB,0,0,2026,5000,5000,500,0,0.1,1.0,0.4949199855327606,"{""clf__base__colsample_bytree"": 0.8730309932691698, ""clf__base__learning_rate"": 0.199046962929904, ""clf__base__max_depth"": 8, ""clf__base__min_child_weight"": 3, ""clf__base__n_estimators"": 800, ""clf__base__reg_lambda"": 0.012097667712699732, ""clf__base__subsample"": 0.893015156710232}",0.998,0.9988888888888888,0.9803921568627452,1.0,0.99009900990099,1.0,0.9977777777777778,0.9988876529477196,0.9944933314243548,0.9890467671577884,0.9999217777777778,0.999167185348602,0.9988882709181132,1.0199999999999998,12.21,False,1f58d07,scikit-learn=1.9.1;imbalanced-learn=0.14.2;xgboost=3.4.1;lightgbm=4.7.0;numpy=2.5.3;pandas=3.0.6,2026-09-27T22:11:00Z
cicids2017,network_security,member_1,e3,c6_BC_weights_threshold,0,1,1,orig,1.0,0.0,0.1,XGB,0,1,2027,5000,5000,500,0,0.1,1.0,0.5656413435935974,"{""clf__base__colsample_bytree"": 0.9206269033670733, ""clf__base__learning_rate"": 0.21639357680112015, ""clf__base__max_depth"": 3, ""clf__base__min_child_weight"": 1, ""clf__base__n_estimators"": 200, ""clf__base__reg_lambda"": 0.39950328397895196, ""clf__base__subsample"": 0.643985800858856}",0.9984,0.9982222222222222,0.9861660079051384,0.998,0.9920477137176938,0.9997774810858924,0.9984444444444444,0.9991105181231932,0.9955791159204436,0.9911800604033986,0.9996542222222222,0.9956374230258532,0.99822219748689,1.012,4.36,False,1f58d07,scikit-learn=1.9.1;imbalanced-learn=0.14.2;xgboost=3.4.1;lightgbm=4.7.0;numpy=2.5.3;pandas=3.0.6,2026-09-27T22:11:05Z
cicids2017,network_security,member_1,e3,c6_BC_weights_threshold,0,1,1,orig,1.0,0.0,0.1,XGB,1,0,3026,5000,5000,500,0,0.1,1.0,0.8080244064331055,"{""clf__base__colsample_bytree"": 0.6427066924659094, ""clf__base__learning_rate"": 0.14362393914105898, ""clf__base__max_depth"": 6, ""clf__base__min_child_weight"": 1, ""clf__base__n_estimators"": 400, ""clf__base__reg_lambda"": 0.614643025252804, ""clf__base__subsample"": 0.9355678497997515}",0.9984,0.9955555555555556,0.992,0.992,0.992,0.9991111111111112,0.9991111111111112,0.9991111111111112,0.9955555555555556,0.9911111111111112,0.9999084444444444,0.9991196803871032,0.99554920632896,1.0,6.13,False,1f58d07,scikit-learn=1.9.1;imbalanced-learn=0.14.2;xgboost=3.4.1;lightgbm=4.7.0;numpy=2.5.3;pandas=3.0.6,2026-09-27T22:11:11Z
cicids2017,network_security,member_1,e3,c6_BC_weights_threshold,0,1,1,orig,1.0,0.0,0.1,XGB,1,1,3027,5000,5000,500,0,0.1,1.0,0.5049887895584106,"{""clf__base__colsample_bytree"": 0.8482827391756707, ""clf__base__learning_rate"": 0.08131230450991951, ""clf__base__max_depth"": 3, ""clf__base__min_child_weight"": 1, ""clf__base__n_estimators"": 800, ""clf__base__reg_lambda"": 4.380651853338851, ""clf__base__subsample"": 0.8913932215447226}",0.9978,0.9978888888888888,0.9803536345776032,0.998,0.9890981169474728,0.9997773324426632,0.9977777777777778,0.99877655433211,0.9939373356397914,0.9879233959526544,0.9997397777777776,0.9970020108459848,0.9978888827029904,1.018,12.19,False,1f58d07,scikit-learn=1.9.1;imbalanced-learn=0.14.2;xgboost=3.4.1;lightgbm=4.7.0;numpy=2.5.3;pandas=3.0.6,2026-09-27T22:11:23Z
cicids2017,network_security,member_1,e3,c6_BC_weights_threshold,0,1,1,orig,1.0,0.0,0.1,XGB,2,0,4026,5000,5000,500,0,0.1,1.0,0.6362893581390381,"{""clf__base__colsample_bytree"": 0.659630670299126, ""clf__base__learning_rate"": 0.03834557874295529, ""clf__base__max_depth"": 4, ""clf__base__min_child_weight"": 1, ""clf__base__n_estimators"": 800, ""clf__base__reg_lambda"": 0.0752355555373566, ""clf__base__subsample"": 0.6669423150701586}",0.9974,0.9932222222222222,0.9860279441117764,0.988,0.987012987012987,0.998666370304512,0.9984444444444444,0.9985553950438938,0.9927841910284404,0.9855689909549604,0.99974,0.997019349460598,0.9932084932737492,1.002,11.32,False,1f58d07,scikit-learn=1.9.1;imbalanced-learn=0.14.2;xgboost=3.4.1;lightgbm=4.7.0;numpy=2.5.3;pandas=3.0.6,2026-09-27T22:11:35Z
cicids2017,network_security,member_1,e3,c6_BC_weights_threshold,0,1,1,orig,1.0,0.0,0.1,XGB,2,1,4027,5000,5000,500,0,0.1,1.0,0.5050337910652161,"{""clf__base__colsample_bytree"": 0.7962534959268627, ""clf__base__learning_rate"": 0.14932277327771687, ""clf__base__max_depth"": 3, ""clf__base__min_child_weight"": 1, ""clf__base__n_estimators"": 200, ""clf__base__reg_lambda"": 0.019567811559382847, ""clf__base__subsample"": 0.9688357828106124}",0.9986,0.9992222222222222,0.9861932938856016,1.0,0.99304865938431,1.0,0.9984444444444444,0.9992216168130768,0.9961351380986934,0.9922999624248942,0.99989,0.9987613105969958,0.9992219195176036,1.014,3.94,False,1f58d07,scikit-learn=1.9.1;imbalanced-learn=0.14.2;xgboost=3.4.1;lightgbm=4.7.0;numpy=2.5.3;pandas=3.0.6,2026-09-27T22:11:39Z
cicids2017,network_security,member_1,e3,c6_BC_weights_threshold,0,1,1,orig,1.0,0.0,0.1,XGB,3,0,5026,5000,5000,500,0,0.1,1.0,0.7876197695732117,"{""clf__base__colsample_bytree"": 0.7542890799948759, ""clf__base__learning_rate"": 0.19191750289230153, ""clf__base__max_depth"": 8, ""clf__base__min_child_weight"": 3, ""clf__base__n_estimators"": 400, ""clf__base__reg_lambda"": 0.7269417058364168, ""clf__base__subsample"": 0.9589918836811703}",0.999,0.9967777777777778,0.995991983967936,0.994,0.994994994994995,0.999333481448567,0.9995555555555556,0.9994445061659816,0.9972197505804884,0.9944401167242226,0.9999502222222224,0.9994996560735672,0.9967739072739726,0.998,4.61,False,1f58d07,scikit-learn=1.9.1;imbalanced-learn=0.14.2;xgboost=3.4.1;lightgbm=4.7.0;numpy=2.5.3;pandas=3.0.6,2026-09-27T22:11:43Z
cicids2017,network_security,member_1,e3,c6_BC_weights_threshold,0,1,1,orig,1.0,0.0,0.1,XGB,3,1,5027,5000,5000,500,0,0.1,1.0,0.8483444452285767,"{""clf__base__colsample_bytree"": 0.8405279927109883, ""clf__base__learning_rate"": 0.03965143905411441, ""clf__base__max_depth"": 8, ""clf__base__min_child_weight"": 1, ""clf__base__n_estimators"": 400, ""clf__base__reg_lambda"": 0.025783651592417578, ""clf__base__subsample"": 0.6276769187790308}",0.9978,0.9925555555555556,0.9919517102615694,0.986,0.9889669007021064,0.998445480790584,0.9991111111111112,0.998778185049428,0.9938725428757672,0.9877506149422082,0.9996726666666668,0.996302468932534,0.9925339065017152,0.994,8.02,False,1f58d07,scikit-learn=1.9.1;imbalanced-learn=0.14.2;xgboost=3.4.1;lightgbm=4.7.0;numpy=2.5.3;pandas=3.0.6,2026-09-27T22:11:51Z
cicids2017,network_security,member_1,e3,c6_BC_weights_threshold,0,1,1,orig,1.0,0.0,0.1,XGB,4,0,6026,5000,5000,500,0,0.1,1.0,0.6360757350921631,"{""clf__base__colsample_bytree"": 0.6019883151666798, ""clf__base__learning_rate"": 0.05495868370296514, ""clf__base__max_depth"": 3, ""clf__base__min_child_weight"": 1, ""clf__base__n_estimators"": 200, ""clf__base__reg_lambda"": 0.012258452796480747, ""clf__base__subsample"": 0.8499805869873966}",0.9978,0.9943333333333332,0.9880239520958084,0.99,0.989010989010989,0.9988886419204268,0.9986666666666668,0.9987776419602178,0.9938943154856036,0.9877892409909032,0.9996702222222222,0.9960859184146575,0.994323890892701,1.002,5.03,False,1f58d07,scikit-learn=1.9.1;imbalanced-learn=0.14.2;xgboost=3.4.1;lightgbm=4.7.0;numpy=2.5.3;pandas=3.0.6,2026-09-27T22:11:57Z
cicids2017,network_security,member_1,e3,c6_BC_weights_threshold,0,1,1,orig,1.0,0.0,0.1,XGB,4,1,6027,5000,5000,500,0,0.1,1.0,0.7068549990653992,"{""clf__base__colsample_bytree"": 0.7400831131827571, ""clf__base__learning_rate"": 0.021664971667522914, ""clf__base__max_depth"": 8, ""clf__base__min_child_weight"": 1, ""clf__base__n_estimators"": 400, ""clf__base__reg_lambda"": 0.0421316488972222, ""clf__base__subsample"": 0.6098935341153626}",0.9982,0.999,0.9823182711198428,1.0,0.9910802775024776,1.0,0.998,0.998998998998999,0.9950396382507384,0.9901280899851308,0.999892,0.9988562435470448,0.9989994994993742,1.018,9.99,False,1f58d07,scikit-learn=1.9.1;imbalanced-learn=0.14.2;xgboost=3.4.1;lightgbm=4.7.0;numpy=2.5.3;pandas=3.0.6,2026-09-27T22:12:07Z
cicids2017,network_security,member_1,e3,c7_ABC_full,1,1,1,orig,1.0,1.0,0.1,LR,0,0,2026,5000,5000,500,0,0.5,9.0,0.97979797979798,"{""clf__base__C"": 36.18894389380965}",0.9576,0.963111111111111,0.7111436950146628,0.97,0.8206429780033841,0.9965261695229272,0.9562222222222222,0.9759582671807666,0.8983006225920753,0.8096045667680646,0.9818364444444444,0.7465659965052098,0.9630864735606848,1.364,6.86,False,1f58d07,scikit-learn=1.9.1;imbalanced-learn=0.14.2;xgboost=3.4.1;lightgbm=4.7.0;numpy=2.5.3;pandas=3.0.6,2026-09-27T22:12:14Z
cicids2017,network_security,member_1,e3,c7_ABC_full,1,1,1,orig,1.0,1.0,0.1,LR,0,1,2027,5000,5000,500,0,0.5,9.0,0.97979797979798,"{""clf__base__C"": 33.09421283700199}",0.949,0.9565555555555556,0.6699029126213593,0.966,0.7911547911547911,0.996027109137649,0.9471111111111112,0.9709534115502904,0.8810541013525408,0.7797872159061178,0.971319111111111,0.6230003405144957,0.9565089300855132,1.442,6.43,False,1f58d07,scikit-learn=1.9.1;imbalanced-learn=0.14.2;xgboost=3.4.1;lightgbm=4.7.0;numpy=2.5.3;pandas=3.0.6,2026-09-27T22:12:20Z
cicids2017,network_security,member_1,e3,c7_ABC_full,1,1,1,orig,1.0,1.0,0.1,LR,1,0,3026,5000,5000,500,0,0.5,9.0,0.97979797979798,"{""clf__base__C"": 95.41248660376695}",0.9578,0.9667777777777776,0.7097242380261248,0.978,0.8225399495374264,0.9974483878450476,0.9555555555555556,0.9760526614459198,0.8992963054916732,0.812517651266016,0.9858468888888888,0.790379761772284,0.9667126425848238,1.378,6.1,False,1f58d07,scikit-learn=1.9.1;imbalanced-learn=0.14.2;xgboost=3.4.1;lightgbm=4.7.0;numpy=2.5.3;pandas=3.0.6,2026-09-27T22:12:26Z
cicids2017,network_security,member_1,e3,c7_ABC_full,1,1,1,orig,1.0,1.0,0.1,LR,1,1,3027,5000,5000,500,0,0.5,9.0,0.9494949494949496,"{""clf__base__C"": 4.686201792798966}",0.9496,0.9684444444444444,0.6666666666666666,0.992,0.797427652733119,0.99906015037594,0.9448888888888888,0.9712197350388304,0.8843236938859748,0.7897544288717754,0.9735475555555556,0.6388536335704793,0.968157930183799,1.4879999999999998,4.44,False,1f58d07,scikit-learn=1.9.1;imbalanced-learn=0.14.2;xgboost=3.4.1;lightgbm=4.7.0;numpy=2.5.3;pandas=3.0.6,2026-09-27T22:12:31Z
cicids2017,network_security,member_1,e3,c7_ABC_full,1,1,1,orig,1.0,1.0,0.1,LR,2,0,4026,5000,5000,500,0,0.5,9.0,0.9696969696969696,"{""clf__base__C"": 11.333229684537264}",0.948,0.956,0.6652892561983471,0.966,0.7879282218597063,0.9960224613944784,0.946,0.97036699338956,0.8791476076246332,0.7766056183447662,0.9757162222222222,0.6617166515737065,0.9559476973140318,1.452,5.6,False,1f58d07,scikit-learn=1.9.1;imbalanced-learn=0.14.2;xgboost=3.4.1;lightgbm=4.7.0;numpy=2.5.3;pandas=3.0.6,2026-09-27T22:12:37Z
cicids2017,network_security,member_1,e3,c7_ABC_full,1,1,1,orig,1.0,1.0,0.1,LR,2,1,4027,5000,5000,500,0,0.5,9.0,0.97979797979798,"{""clf__base__C"": 80.93579062656904}",0.95,0.9642222222222222,0.6707650273224044,0.982,0.797077922077922,0.997891283973758,0.9464444444444444,0.9714872262773724,0.8842825741776472,0.7879151207240771,0.980592888888889,0.7474261475300368,0.9640583200431624,1.464,6.64,False,1f58d07,scikit-learn=1.9.1;imbalanced-learn=0.14.2;xgboost=3.4.1;lightgbm=4.7.0;numpy=2.5.3;pandas=3.0.6,2026-09-27T22:12:43Z
cicids2017,network_security,member_1,e3,c7_ABC_full,1,1,1,orig,1.0,1.0,0.1,LR,3,0,5026,5000,5000,500,0,0.5,9.0,0.97979797979798,"{""clf__base__C"": 68.96511808116286}",0.9482,0.9427777777777778,0.6733812949640288,0.936,0.7832635983263598,0.9925667828106852,0.9495555555555556,0.9705848949460534,0.8769242466362066,0.7679414170266774,0.9825155555555556,0.7715035142739664,0.942753414207554,1.39,6.34,False,1f58d07,scikit-learn=1.9.1;imbalanced-learn=0.14.2;xgboost=3.4.1;lightgbm=4.7.0;numpy=2.5.3;pandas=3.0.6,2026-09-27T22:12:50Z
cicids2017,network_security,member_1,e3,c7_ABC_full,1,1,1,orig,1.0,1.0,0.1,LR,3,1,5027,5000,5000,500,0,0.5,9.0,0.9595959595959596,"{""clf__base__C"": 12.776241362116359}",0.9492,0.9682222222222222,0.6648793565683646,0.992,0.7961476725521669,0.999059708509638,0.9444444444444444,0.9709846927119032,0.883566182632035,0.7885062136355896,0.9741615555555556,0.6477223774290229,0.9679302086870152,1.492,6.24,False,1f58d07,scikit-learn=1.9.1;imbalanced-learn=0.14.2;xgboost=3.4.1;lightgbm=4.7.0;numpy=2.5.3;pandas=3.0.6,2026-09-27T22:12:56Z
cicids2017,network_security,member_1,e3,c7_ABC_full,1,1,1,orig,1.0,1.0,0.1,LR,4,0,6026,5000,5000,500,0,0.5,9.0,0.97979797979798,"{""clf__base__C"": 73.66417088381552}",0.9516,0.9668888888888888,0.6771978021978022,0.986,0.8029315960912052,0.9983614232209738,0.9477777777777778,0.9724122207022344,0.8876719083967198,0.7942431568914029,0.9752417777777778,0.6715755178438594,0.9666999994253072,1.456,6.4,False,1f58d07,scikit-learn=1.9.1;imbalanced-learn=0.14.2;xgboost=3.4.1;lightgbm=4.7.0;numpy=2.5.3;pandas=3.0.6,2026-09-27T22:13:03Z
cicids2017,network_security,member_1,e3,c7_ABC_full,1,1,1,orig,1.0,1.0,0.1,LR,4,1,6027,5000,5000,500,0,0.5,9.0,0.9595959595959596,"{""clf__base__C"": 89.78839453758782}",0.9522,0.9672222222222222,0.68,0.986,0.8048979591836735,0.9983625730994152,0.9484444444444444,0.9727635327635328,0.8888307459736031,0.7961734344675077,0.9863533333333334,0.8115867837289664,0.967039927935875,1.4499999999999995,6.38,False,1f58d07,scikit-learn=1.9.1;imbalanced-learn=0.14.2;xgboost=3.4.1;lightgbm=4.7.0;numpy=2.5.3;pandas=3.0.6,2026-09-27T22:13:09Z
cicids2017,network_security,member_1,e3,c7_ABC_full,1,1,1,orig,1.0,1.0,0.1,RF,0,0,2026,5000,5000,500,0,0.5,9.0,0.9191919191919192,"{""clf__base__max_depth"": 16, ""clf__base__max_features"": ""sqrt"", ""clf__base__min_samples_leaf"": 1, ""clf__base__n_estimators"": 200}",0.9936,0.984,0.9642857142857144,0.972,0.9681274900398408,0.9968861209964412,0.996,0.9964428634948866,0.9822851767673636,0.9645798756728892,0.9996391111111111,0.996151563013648,0.9839268265475842,1.008,15.06,False,1f58d07,scikit-learn=1.9.1;imbalanced-learn=0.14.2;xgboost=3.4.1;lightgbm=4.7.0;numpy=2.5.3;pandas=3.0.6,2026-09-27T22:13:24Z
cicids2017,network_security,member_1,e3,c7_ABC_full,1,1,1,orig,1.0,1.0,0.1,RF,0,1,2027,5000,5000,500,0,0.5,9.0,0.888888888888889,"{""clf__base__max_depth"": 16, ""clf__base__max_features"": ""sqrt"", ""clf__base__min_samples_leaf"": 2, ""clf__base__n_estimators"": 200}",0.9956,0.9966666666666666,0.9596153846153846,0.998,0.9784313725490196,0.9997767857142856,0.9953333333333332,0.9975501113585746,0.9879907419537972,0.9762152541972864,0.9993568888888889,0.9915829876554416,0.996665774804506,1.0399999999999998,18.72,False,1f58d07,scikit-learn=1.9.1;imbalanced-learn=0.14.2;xgboost=3.4.1;lightgbm=4.7.0;numpy=2.5.3;pandas=3.0.6,2026-09-27T22:13:43Z
cicids2017,network_security,member_1,e3,c7_ABC_full,1,1,1,orig,1.0,1.0,0.1,RF,1,0,3026,5000,5000,500,0,0.5,9.0,0.888888888888889,"{""clf__base__max_depth"": null, ""clf__base__max_features"": ""log2"", ""clf__base__min_samples_leaf"": 1, ""clf__base__n_estimators"": 400}",0.9948,0.9935555555555556,0.9575289575289576,0.992,0.974459724950884,0.999107541276216,0.9951111111111112,0.9971053217546204,0.9857825233527522,0.9717543502681212,0.9994833333333334,0.9940967305095002,0.9935543378307108,1.0359999999999998,26.56,False,1f58d07,scikit-learn=1.9.1;imbalanced-learn=0.14.2;xgboost=3.4.1;lightgbm=4.7.0;numpy=2.5.3;pandas=3.0.6,2026-09-27T22:14:10Z
cicids2017,network_security,member_1,e3,c7_ABC_full,1,1,1,orig,1.0,1.0,0.1,RF,1,1,3027,5000,5000,500,0,0.5,9.0,0.787878787878788,"{""clf__base__max_depth"": null, ""clf__base__max_features"": ""log2"", ""clf__base__min_samples_leaf"": 1, ""clf__base__n_estimators"": 200}",0.9954,0.9956666666666668,0.9595375722543352,0.996,0.9774288518155054,0.999553671055568,0.9953333333333332,0.9974390379690458,0.9874339448922757,0.9750790322846744,0.9993755555555556,0.989823416638369,0.9956666108693212,1.038,16.12,False,1f58d07,scikit-learn=1.9.1;imbalanced-learn=0.14.2;xgboost=3.4.1;lightgbm=4.7.0;numpy=2.5.3;pandas=3.0.6,2026-09-27T22:14:26Z
cicids2017,network_security,member_1,e3,c7_ABC_full,1,1,1,orig,1.0,1.0,0.1,RF,2,0,4026,5000,5000,500,0,0.5,9.0,0.797979797979798,"{""clf__base__max_depth"": null, ""clf__base__max_features"": ""sqrt"", ""clf__base__min_samples_leaf"": 1, ""clf__base__n_estimators"": 200}",0.9954,0.9947777777777778,0.9613152804642168,0.994,0.9773844641101278,0.999330805264332,0.9955555555555556,0.9974396081487252,0.9874120361294264,0.9749936774437994,0.999442222222222,0.992240552573534,0.9947774737207424,1.034,19.48,False,1f58d07,scikit-learn=1.9.1;imbalanced-learn=0.14.2;xgboost=3.4.1;lightgbm=4.7.0;numpy=2.5.3;pandas=3.0.6,2026-09-27T22:14:46Z
cicids2017,network_security,member_1,e3,c7_ABC_full,1,1,1,orig,1.0,1.0,0.1,RF,2,1,4027,5000,5000,500,0,0.5,9.0,0.6767676767676768,"{""clf__base__max_depth"": null, ""clf__base__max_features"": ""log2"", ""clf__base__min_samples_leaf"": 1, ""clf__base__n_estimators"": 200}",0.9954,0.9974444444444444,0.9560229445506692,1.0,0.9775171065493646,1.0,0.9948888888888888,0.9974378968474992,0.9874775016984318,0.9752623262775504,0.9996608888888888,0.99479929827709,0.9974411706405992,1.0459999999999998,16.53,False,1f58d07,scikit-learn=1.9.1;imbalanced-learn=0.14.2;xgboost=3.4.1;lightgbm=4.7.0;numpy=2.5.3;pandas=3.0.6,2026-09-27T22:15:02Z
cicids2017,network_security,member_1,e3,c7_ABC_full,1,1,1,orig,1.0,1.0,0.1,RF,3,0,5026,5000,5000,500,0,0.5,9.0,0.787878787878788,"{""clf__base__max_depth"": 16, ""clf__base__max_features"": ""sqrt"", ""clf__base__min_samples_leaf"": 2, ""clf__base__n_estimators"": 400}",0.9956,0.9957777777777778,0.9613899613899614,0.996,0.9783889980353636,0.999553770638108,0.9955555555555556,0.997550656869294,0.9879698274523288,0.976129651259873,0.9996835555555555,0.996349910311354,0.995777752981725,1.0359999999999998,28.67,False,1f58d07,scikit-learn=1.9.1;imbalanced-learn=0.14.2;xgboost=3.4.1;lightgbm=4.7.0;numpy=2.5.3;pandas=3.0.6,2026-09-27T22:15:31Z
cicids2017,network_security,member_1,e3,c7_ABC_full,1,1,1,orig,1.0,1.0,0.1,RF,3,1,5027,5000,5000,500,0,0.5,9.0,0.8787878787878789,"{""clf__base__max_depth"": null, ""clf__base__max_features"": ""sqrt"", ""clf__base__min_samples_leaf"": 1, ""clf__base__n_estimators"": 400}",0.9948,0.9917777777777778,0.9610894941634242,0.988,0.9743589743589745,0.9986625055728936,0.9955555555555556,0.997106610282662,0.985732792320818,0.971580882529195,0.999268,0.9868772628384224,0.9917705827906416,1.028,30.82,False,1f58d07,scikit-learn=1.9.1;imbalanced-learn=0.14.2;xgboost=3.4.1;lightgbm=4.7.0;numpy=2.5.3;pandas=3.0.6,2026-09-27T22:16:02Z
cicids2017,network_security,member_1,e3,c7_ABC_full,1,1,1,orig,1.0,1.0,0.1,RF,4,0,6026,5000,5000,500,0,0.5,9.0,0.9494949494949496,"{""clf__base__max_depth"": null, ""clf__base__max_features"": ""sqrt"", ""clf__base__min_samples_leaf"": 2, ""clf__base__n_estimators"": 400}",0.9954,0.9814444444444445,0.9897330595482546,0.964,0.9766970618034448,0.9960115222690008,0.9988888888888888,0.997448130478198,0.9870725961408214,0.9742497139410714,0.9996695555555556,0.99545796490283,0.9812894011905402,0.974,32.58,False,1f58d07,scikit-learn=1.9.1;imbalanced-learn=0.14.2;xgboost=3.4.1;lightgbm=4.7.0;numpy=2.5.3;pandas=3.0.6,2026-09-27T22:16:35Z
cicids2017,network_security,member_1,e3,c7_ABC_full,1,1,1,orig,1.0,1.0,0.1,RF,4,1,6027,5000,5000,500,0,0.5,9.0,0.7171717171717172,"{""clf__base__max_depth"": null, ""clf__base__max_features"": ""sqrt"", ""clf__base__min_samples_leaf"": 1, ""clf__base__n_estimators"": 200}",0.9938,0.9956666666666668,0.943289224952741,0.998,0.9698736637512148,0.9997763363900694,0.9933333333333332,0.996544420911827,0.983209042331521,0.966898302034831,0.9994924444444444,0.9943922522359862,0.9956639325930544,1.058,17.59,False,1f58d07,scikit-learn=1.9.1;imbalanced-learn=0.14.2;xgboost=3.4.1;lightgbm=4.7.0;numpy=2.5.3;pandas=3.0.6,2026-09-27T22:16:52Z
cicids2017,network_security,member_1,e3,c7_ABC_full,1,1,1,orig,1.0,1.0,0.1,XGB,0,0,2026,5000,5000,500,0,0.5,9.0,0.878783643245697,"{""clf__base__colsample_bytree"": 0.6299297262516527, ""clf__base__learning_rate"": 0.24209961404115907, ""clf__base__max_depth"": 3, ""clf__base__min_child_weight"": 1, ""clf__base__n_estimators"": 400, ""clf__base__reg_lambda"": 0.013825769701893902, ""clf__base__subsample"": 0.7881804586451416}",0.9968,0.9946666666666666,0.9763779527559056,0.992,0.984126984126984,0.9991095280498664,0.9973333333333332,0.998220640569395,0.9911738123481896,0.9823860142584026,0.999875111111111,0.998822166067187,0.9946630920400468,1.0159999999999998,10.56,False,1f58d07,scikit-learn=1.9.1;imbalanced-learn=0.14.2;xgboost=3.4.1;lightgbm=4.7.0;numpy=2.5.3;pandas=3.0.6,2026-09-27T22:17:03Z
cicids2017,network_security,member_1,e3,c7_ABC_full,1,1,1,orig,1.0,1.0,0.1,XGB,0,1,2027,5000,5000,500,0,0.5,9.0,0.9494821429252625,"{""clf__base__colsample_bytree"": 0.9206269033670733, ""clf__base__learning_rate"": 0.21639357680112015, ""clf__base__max_depth"": 3, ""clf__base__min_child_weight"": 1, ""clf__base__n_estimators"": 200, ""clf__base__reg_lambda"": 0.39950328397895196, ""clf__base__subsample"": 0.643985800858856}",0.9984,0.9964444444444444,0.9900398406374502,0.994,0.9920159680638724,0.9993330369052912,0.9988888888888888,0.9991109135363414,0.9955634408001068,0.9911293240945984,0.9995102222222222,0.9929153993423,0.9964414461249368,1.004,10.63,False,1f58d07,scikit-learn=1.9.1;imbalanced-learn=0.14.2;xgboost=3.4.1;lightgbm=4.7.0;numpy=2.5.3;pandas=3.0.6,2026-09-27T22:17:14Z
cicids2017,network_security,member_1,e3,c7_ABC_full,1,1,1,orig,1.0,1.0,0.1,XGB,1,0,3026,5000,5000,500,0,0.5,9.0,0.8484795093536377,"{""clf__base__colsample_bytree"": 0.6427066924659094, ""clf__base__learning_rate"": 0.14362393914105898, ""clf__base__max_depth"": 6, ""clf__base__min_child_weight"": 1, ""clf__base__n_estimators"": 400, ""clf__base__reg_lambda"": 0.614643025252804, ""clf__base__subsample"": 0.9355678497997515}",0.9974,0.9976666666666668,0.9765166340508806,0.998,0.987141444114738,0.9997772332368012,0.9973333333333332,0.998553787963066,0.992847616038902,0.9857676345063978,0.9999422222222224,0.9994756005555826,0.9976666109811768,1.022,15.6,False,1f58d07,scikit-learn=1.9.1;imbalanced-learn=0.14.2;xgboost=3.4.1;lightgbm=4.7.0;numpy=2.5.3;pandas=3.0.6,2026-09-27T22:17:30Z
cicids2017,network_security,member_1,e3,c7_ABC_full,1,1,1,orig,1.0,1.0,0.1,XGB,1,1,3027,5000,5000,500,0,0.5,9.0,0.8989730477333069,"{""clf__base__colsample_bytree"": 0.7104807071006849, ""clf__base__learning_rate"": 0.04849185141838699, ""clf__base__max_depth"": 6, ""clf__base__min_child_weight"": 1, ""clf__base__n_estimators"": 800, ""clf__base__reg_lambda"": 0.10018170767019599, ""clf__base__subsample"": 0.8054452821394007}",0.9986,0.9992222222222222,0.9861932938856016,1.0,0.99304865938431,1.0,0.9984444444444444,0.9992216168130768,0.9961351380986934,0.9922999624248942,0.9996982222222224,0.9965251883141124,0.9992219195176036,1.014,18.37,False,1f58d07,scikit-learn=1.9.1;imbalanced-learn=0.14.2;xgboost=3.4.1;lightgbm=4.7.0;numpy=2.5.3;pandas=3.0.6,2026-09-27T22:17:48Z
cicids2017,network_security,member_1,e3,c7_ABC_full,1,1,1,orig,1.0,1.0,0.1,XGB,2,0,4026,5000,5000,500,0,0.5,9.0,0.939350724220276,"{""clf__base__colsample_bytree"": 0.659630670299126, ""clf__base__learning_rate"": 0.03834557874295529, ""clf__base__max_depth"": 4, ""clf__base__min_child_weight"": 1, ""clf__base__n_estimators"": 800, ""clf__base__reg_lambda"": 0.0752355555373566, ""clf__base__subsample"": 0.6669423150701586}",0.9978,0.9952222222222222,0.9860834990059644,0.992,0.9890329012961117,0.9991105181231932,0.9984444444444444,0.9987773702345226,0.9939051357653172,0.9878157424163064,0.9997262222222224,0.996824652819986,0.9952170059282996,1.0059999999999998,21.7,False,1f58d07,scikit-learn=1.9.1;imbalanced-learn=0.14.2;xgboost=3.4.1;lightgbm=4.7.0;numpy=2.5.3;pandas=3.0.6,2026-09-27T22:18:10Z
cicids2017,network_security,member_1,e3,c7_ABC_full,1,1,1,orig,1.0,1.0,0.1,XGB,2,1,4027,5000,5000,500,0,0.5,9.0,0.8989809155464172,"{""clf__base__colsample_bytree"": 0.7962534959268627, ""clf__base__learning_rate"": 0.14932277327771687, ""clf__base__max_depth"": 3, ""clf__base__min_child_weight"": 1, ""clf__base__n_estimators"": 200, ""clf__base__reg_lambda"": 0.019567811559382847, ""clf__base__subsample"": 0.9688357828106124}",0.9984,0.9982222222222222,0.9861660079051384,0.998,0.9920477137176938,0.9997774810858924,0.9984444444444444,0.9991105181231932,0.9955791159204436,0.9911800604033986,0.9998233333333332,0.9980593106876654,0.99822219748689,1.012,8.26,False,1f58d07,scikit-learn=1.9.1;imbalanced-learn=0.14.2;xgboost=3.4.1;lightgbm=4.7.0;numpy=2.5.3;pandas=3.0.6,2026-09-27T22:18:18Z
cicids2017,network_security,member_1,e3,c7_ABC_full,1,1,1,orig,1.0,1.0,0.1,XGB,3,0,5026,5000,5000,500,0,0.5,9.0,0.7979620099067688,"{""clf__base__colsample_bytree"": 0.966186289625362, ""clf__base__learning_rate"": 0.29511899190869545, ""clf__base__max_depth"": 6, ""clf__base__min_child_weight"": 1, ""clf__base__n_estimators"": 200, ""clf__base__reg_lambda"": 1.784943962718507, ""clf__base__subsample"": 0.76926012218394}",0.9976,0.9951111111111112,0.984126984126984,0.992,0.9880478087649402,0.9991103202846976,0.9982222222222222,0.9986660738105824,0.9933569412877614,0.9867235826442596,0.9998686666666668,0.9986362117645492,0.995106247817008,1.008,7.87,False,1f58d07,scikit-learn=1.9.1;imbalanced-learn=0.14.2;xgboost=3.4.1;lightgbm=4.7.0;numpy=2.5.3;pandas=3.0.6,2026-09-27T22:18:26Z
cicids2017,network_security,member_1,e3,c7_ABC_full,1,1,1,orig,1.0,1.0,0.1,XGB,3,1,5027,5000,5000,500,0,0.5,9.0,0.9696959257125854,"{""clf__base__colsample_bytree"": 0.8618637240825485, ""clf__base__learning_rate"": 0.24920359397357883, ""clf__base__max_depth"": 6, ""clf__base__min_child_weight"": 1, ""clf__base__n_estimators"": 800, ""clf__base__reg_lambda"": 0.2723466933997092, ""clf__base__subsample"": 0.7486647947789067}",0.998,0.9944444444444444,0.99,0.99,0.99,0.9988888888888888,0.9988888888888888,0.9988888888888888,0.9944444444444444,0.9888888888888888,0.9995464444444444,0.9938235056377892,0.99443451267542,1.0,12.82,False,1f58d07,scikit-learn=1.9.1;imbalanced-learn=0.14.2;xgboost=3.4.1;lightgbm=4.7.0;numpy=2.5.3;pandas=3.0.6,2026-09-27T22:18:39Z
cicids2017,network_security,member_1,e3,c7_ABC_full,1,1,1,orig,1.0,1.0,0.1,XGB,4,0,6026,5000,5000,500,0,0.5,9.0,0.8787341713905334,"{""clf__base__colsample_bytree"": 0.8054931707609041, ""clf__base__learning_rate"": 0.0741136801321364, ""clf__base__max_depth"": 3, ""clf__base__min_child_weight"": 1, ""clf__base__n_estimators"": 200, ""clf__base__reg_lambda"": 0.6105355904706413, ""clf__base__subsample"": 0.8743098875360427}",0.9974,0.995,0.9821782178217822,0.992,0.9870646766169154,0.9991101223581758,0.998,0.9985547526403558,0.9928097146286357,0.9856345452439044,0.999634888888889,0.995315932542342,0.9949954773766564,1.01,7.97,False,1f58d07,scikit-learn=1.9.1;imbalanced-learn=0.14.2;xgboost=3.4.1;lightgbm=4.7.0;numpy=2.5.3;pandas=3.0.6,2026-09-27T22:18:47Z
cicids2017,network_security,member_1,e3,c7_ABC_full,1,1,1,orig,1.0,1.0,0.1,XGB,4,1,6027,5000,5000,500,0,0.5,9.0,0.8989593982696533,"{""clf__base__colsample_bytree"": 0.7400831131827571, ""clf__base__learning_rate"": 0.021664971667522914, ""clf__base__max_depth"": 8, ""clf__base__min_child_weight"": 1, ""clf__base__n_estimators"": 400, ""clf__base__reg_lambda"": 0.0421316488972222, ""clf__base__subsample"": 0.6098935341153626}",0.9966,0.9972222222222222,0.9689320388349516,0.998,0.9832512315270936,0.9997770345596432,0.9964444444444444,0.99810795770729,0.9906795946171918,0.981492412767506,0.9998608888888888,0.998588640767578,0.9972219189105078,1.0299999999999998,12.12,False,1f58d07,scikit-learn=1.9.1;imbalanced-learn=0.14.2;xgboost=3.4.1;lightgbm=4.7.0;numpy=2.5.3;pandas=3.0.6,2026-09-27T22:18:59Z
cicids2017,network_security,member_1,e3,c0_none,0,0,0,none,0.0,0.0,0.05,LR,0,0,2026,5000,5000,250,10,0.05,0.0526315789473684,0.5,"{""clf__base__C"": 36.18894389380965}",0.9702,0.7891578947368421,0.7616580310880829,0.588,0.6636568848758465,0.978572914499688,0.9903157894736844,0.9844093334728472,0.8240331091743468,0.6542837638902891,0.975938105263158,0.6374624450062972,0.763089564999107,0.772,38.59,False,1f58d07,scikit-learn=1.9.1;imbalanced-learn=0.14.2;xgboost=3.4.1;lightgbm=4.7.0;numpy=2.5.3;pandas=3.0.6,2026-09-27T19:52:12Z
cicids2017,network_security,member_1,e3,c0_none,0,0,0,none,0.0,0.0,0.05,LR,0,1,2027,5000,5000,250,10,0.05,0.0526315789473684,0.5,"{""clf__base__C"": 33.09421283700199}",0.9754,0.8278947368421052,0.8097560975609757,0.664,0.7296703296703296,0.9824817518248176,0.9917894736842106,0.9871136720796228,0.8583920008749762,0.7207920936590663,0.9859233684210524,0.7106516699330878,0.8115098339061061,0.82,17.46,False,1f58d07,scikit-learn=1.9.1;imbalanced-learn=0.14.2;xgboost=3.4.1;lightgbm=4.7.0;numpy=2.5.3;pandas=3.0.6,2026-09-27T19:52:30Z
cicids2017,network_security,member_1,e3,c0_none,0,0,0,none,0.0,0.0,0.05,LR,1,0,3026,5000,5000,250,10,0.05,0.0526315789473684,0.5,"{""clf__base__C"": 19.993032145051746}",0.9718,0.7937894736842105,0.7883597883597884,0.596,0.6788154897494305,0.979006443566826,0.991578947368421,0.9852525886413556,0.832034039195393,0.6714821239627394,0.9818071578947368,0.6647127137118154,0.7687529204052358,0.756,14.67,False,1f58d07,scikit-learn=1.9.1;imbalanced-learn=0.14.2;xgboost=3.4.1;lightgbm=4.7.0;numpy=2.5.3;pandas=3.0.6,2026-09-27T19:52:45Z
cicids2017,network_security,member_1,e3,c0_none,0,0,0,none,0.0,0.0,0.05,LR,1,1,3027,5000,5000,250,10,0.05,0.0526315789473684,0.5,"{""clf__base__C"": 0.3055517362727584}",0.9568,0.6949473684210526,0.6011904761904762,0.404,0.4832535885167464,0.9691639072847682,0.9858947368421052,0.9774577332498434,0.730355660883295,0.4715699017662404,0.9702374736842104,0.6085991765794495,0.6311113005518206,0.6719999999999999,10.86,False,1f58d07,scikit-learn=1.9.1;imbalanced-learn=0.14.2;xgboost=3.4.1;lightgbm=4.7.0;numpy=2.5.3;pandas=3.0.6,2026-09-27T19:52:56Z
cicids2017,network_security,member_1,e3,c0_none,0,0,0,none,0.0,0.0,0.05,LR,2,0,4026,5000,5000,250,10,0.05,0.0526315789473684,0.5,"{""clf__base__C"": 11.333229684537264}",0.9646,0.7161052631578947,0.7482993197278912,0.44,0.5541561712846348,0.9711518648258808,0.9922105263157894,0.9815682599187754,0.7678622156017051,0.5576328318297838,0.9819873684210526,0.7117433766928903,0.6607364312484574,0.588,10.92,False,1f58d07,scikit-learn=1.9.1;imbalanced-learn=0.14.2;xgboost=3.4.1;lightgbm=4.7.0;numpy=2.5.3;pandas=3.0.6,2026-09-27T19:53:07Z
cicids2017,network_security,member_1,e3,c0_none,0,0,0,none,0.0,0.0,0.05,LR,2,1,4027,5000,5000,250,10,0.05,0.0526315789473684,0.5,"{""clf__base__C"": 80.93579062656904}",0.9724,0.8111578947368421,0.7745098039215687,0.632,0.6960352422907489,0.9808173477898248,0.9903157894736844,0.9855436832181018,0.8407894627544253,0.6856033931714349,0.972586947368421,0.6623892807040043,0.7911255140288224,0.8160000000000001,12.82,False,1f58d07,scikit-learn=1.9.1;imbalanced-learn=0.14.2;xgboost=3.4.1;lightgbm=4.7.0;numpy=2.5.3;pandas=3.0.6,2026-09-27T19:53:20Z
cicids2017,network_security,member_1,e3,c0_none,0,0,0,none,0.0,0.0,0.05,LR,3,0,5026,5000,5000,250,10,0.05,0.0526315789473684,0.5,"{""clf__base__C"": 68.96511808116286}",0.976,0.8130526315789474,0.8494623655913979,0.632,0.7247706422018348,0.9808890735355212,0.9941052631578948,0.9874529485570892,0.8561117953794619,0.7210321811875642,0.9878223157894735,0.7705178846679572,0.7926377018006332,0.7439999999999999,15.67,False,1f58d07,scikit-learn=1.9.1;imbalanced-learn=0.14.2;xgboost=3.4.1;lightgbm=4.7.0;numpy=2.5.3;pandas=3.0.6,2026-09-27T19:53:36Z
cicids2017,network_security,member_1,e3,c0_none,0,0,0,none,0.0,0.0,0.05,LR,3,1,5027,5000,5000,250,10,0.05,0.0526315789473684,0.5,"{""clf__base__C"": 12.776241362116359}",0.974,0.8233684210526315,0.7884615384615384,0.656,0.7161572052401747,0.9820534223706175,0.9907368421052632,0.9863760217983653,0.8512666135192699,0.7059181344628067,0.9826526315789474,0.6843973096761912,0.8061782485412594,0.832,13.27,False,1f58d07,scikit-learn=1.9.1;imbalanced-learn=0.14.2;xgboost=3.4.1;lightgbm=4.7.0;numpy=2.5.3;pandas=3.0.6,2026-09-27T19:53:50Z
cicids2017,network_security,member_1,e3,c0_none,0,0,0,none,0.0,0.0,0.05,LR,4,0,6026,5000,5000,250,10,0.05,0.0526315789473684,0.5,"{""clf__base__C"": 21.899056071125766}",0.9754,0.8203157894736842,0.8223350253807107,0.648,0.7248322147651006,0.9816781178430148,0.9926315789473684,0.9871244635193132,0.8559783391422069,0.7176881003875235,0.9842753684210526,0.712582645473653,0.8020132562232963,0.7879999999999999,14.29,False,1f58d07,scikit-learn=1.9.1;imbalanced-learn=0.14.2;xgboost=3.4.1;lightgbm=4.7.0;numpy=2.5.3;pandas=3.0.6,2026-09-27T19:54:04Z
cicids2017,network_security,member_1,e3,c0_none,0,0,0,none,0.0,0.0,0.05,LR,4,1,6027,5000,5000,250,10,0.05,0.0526315789473684,0.5,"{""clf__base__C"": 89.78839453758782}",0.9746,0.8161052631578947,0.8121827411167513,0.64,0.7158836689038032,0.981261711430356,0.9922105263157894,0.986705746885795,0.8512947078947991,0.7082541457324131,0.9881978947368422,0.7488332981702078,0.7968781191889418,0.7879999999999999,43.49,False,1f58d07,scikit-learn=1.9.1;imbalanced-learn=0.14.2;xgboost=3.4.1;lightgbm=4.7.0;numpy=2.5.3;pandas=3.0.6,2026-09-27T19:54:48Z
cicids2017,network_security,member_1,e3,c0_none,0,0,0,none,0.0,0.0,0.05,RF,0,0,2026,5000,5000,250,10,0.05,0.0526315789473684,0.5,"{""clf__base__max_depth"": 16, ""clf__base__max_features"": ""sqrt"", ""clf__base__min_samples_leaf"": 1, ""clf__base__n_estimators"": 200}",0.9974,0.9815789473684212,0.9836734693877552,0.964,0.9737373737373738,0.9981072555205048,0.999157894736842,0.9986322987901104,0.9861848362637422,0.9724247302983662,0.9992395789473684,0.9746213011448228,0.9814215254040008,0.98,120.34,False,1f58d07,scikit-learn=1.9.1;imbalanced-learn=0.14.2;xgboost=3.4.1;lightgbm=4.7.0;numpy=2.5.3;pandas=3.0.6,2026-09-27T19:56:49Z
cicids2017,network_security,member_1,e3,c0_none,0,0,0,none,0.0,0.0,0.05,RF,0,1,2027,5000,5000,250,10,0.05,0.0526315789473684,0.5,"{""clf__base__max_depth"": 16, ""clf__base__max_features"": ""sqrt"", ""clf__base__min_samples_leaf"": 2, ""clf__base__n_estimators"": 200}",0.9954,0.9710526315789474,0.963265306122449,0.944,0.9535353535353536,0.997055730809674,0.9981052631578948,0.9975802209363492,0.9755577872358514,0.9511695449366532,0.9995995789473684,0.989722206397104,0.9706757277386988,0.98,125.8,False,1f58d07,scikit-learn=1.9.1;imbalanced-learn=0.14.2;xgboost=3.4.1;lightgbm=4.7.0;numpy=2.5.3;pandas=3.0.6,2026-09-27T19:58:55Z
cicids2017,network_security,member_1,e3,c0_none,0,0,0,none,0.0,0.0,0.05,RF,1,0,3026,5000,5000,250,10,0.05,0.0526315789473684,0.5,"{""clf__base__max_depth"": null, ""clf__base__max_features"": ""log2"", ""clf__base__min_samples_leaf"": 1, ""clf__base__n_estimators"": 400}",0.9958,0.9769473684210526,0.9598393574297188,0.956,0.9579158316633266,0.9976846979583246,0.9978947368421052,0.9977897063467004,0.9778527690050136,0.955707673315624,0.9991553684210528,0.9808605656779728,0.97672276948019,0.996,140.85,False,1f58d07,scikit-learn=1.9.1;imbalanced-learn=0.14.2;xgboost=3.4.1;lightgbm=4.7.0;numpy=2.5.3;pandas=3.0.6,2026-09-27T20:01:16Z
cicids2017,network_security,member_1,e3,c0_none,0,0,0,none,0.0,0.0,0.05,RF,1,1,3027,5000,5000,250,10,0.05,0.0526315789473684,0.5,"{""clf__base__max_depth"": null, ""clf__base__max_features"": ""log2"", ""clf__base__min_samples_leaf"": 2, ""clf__base__n_estimators"": 400}",0.9966,0.9773684210526316,0.9755102040816328,0.956,0.9656565656565655,0.9976866456361724,0.9987368421052631,0.998211467648606,0.9819340166525858,0.963922656153681,0.9996075789473684,0.9910549865857938,0.9771348018838708,0.98,161.46,False,1f58d07,scikit-learn=1.9.1;imbalanced-learn=0.14.2;xgboost=3.4.1;lightgbm=4.7.0;numpy=2.5.3;pandas=3.0.6,2026-09-27T20:03:58Z
cicids2017,network_security,member_1,e3,c0_none,0,0,0,none,0.0,0.0,0.05,RF,2,0,4026,5000,5000,250,10,0.05,0.0526315789473684,0.5,"{""clf__base__max_depth"": null, ""clf__base__max_features"": ""sqrt"", ""clf__base__min_samples_leaf"": 1, ""clf__base__n_estimators"": 200}",0.9974,0.9815789473684212,0.9836734693877552,0.964,0.9737373737373738,0.9981072555205048,0.999157894736842,0.9986322987901104,0.9861848362637422,0.9724247302983662,0.999429894736842,0.9840380662384316,0.9814215254040008,0.98,109.37,False,1f58d07,scikit-learn=1.9.1;imbalanced-learn=0.14.2;xgboost=3.4.1;lightgbm=4.7.0;numpy=2.5.3;pandas=3.0.6,2026-09-27T20:05:47Z
cicids2017,network_security,member_1,e3,c0_none,0,0,0,none,0.0,0.0,0.05,RF,2,1,4027,5000,5000,250,10,0.05,0.0526315789473684,0.5,"{""clf__base__max_depth"": 16, ""clf__base__max_features"": ""sqrt"", ""clf__base__min_samples_leaf"": 2, ""clf__base__n_estimators"": 400}",0.9958,0.9712631578947368,0.97119341563786,0.944,0.9574036511156186,0.997056968677738,0.9985263157894736,0.9977911012937836,0.9775973762047012,0.9553017677627956,0.999306105263158,0.9835834744907728,0.9708804468652475,0.972,112.64,False,1f58d07,scikit-learn=1.9.1;imbalanced-learn=0.14.2;xgboost=3.4.1;lightgbm=4.7.0;numpy=2.5.3;pandas=3.0.6,2026-09-27T20:07:48Z
cicids2017,network_security,member_1,e3,c0_none,0,0,0,none,0.0,0.0,0.05,RF,3,0,5026,5000,5000,250,10,0.05,0.0526315789473684,0.5,"{""clf__base__max_depth"": 16, ""clf__base__max_features"": ""log2"", ""clf__base__min_samples_leaf"": 2, ""clf__base__n_estimators"": 400}",0.9956,0.9749473684210526,0.9596774193548387,0.952,0.9558232931726908,0.9974747474747476,0.9978947368421052,0.9976846979583246,0.9767539955655076,0.9535165471183186,0.9992707368421052,0.984122927627662,0.9746772745240776,0.992,122.97,False,1f58d07,scikit-learn=1.9.1;imbalanced-learn=0.14.2;xgboost=3.4.1;lightgbm=4.7.0;numpy=2.5.3;pandas=3.0.6,2026-09-27T20:11:22Z
cicids2017,network_security,member_1,e3,c0_none,0,0,0,none,0.0,0.0,0.05,RF,3,1,5027,5000,5000,250,10,0.05,0.0526315789473684,0.5,"{""clf__base__max_depth"": null, ""clf__base__max_features"": ""log2"", ""clf__base__min_samples_leaf"": 2, ""clf__base__n_estimators"": 400}",0.9964,0.9734736842105264,0.9793388429752066,0.948,0.9634146341463414,0.9972677595628416,0.9989473684210526,0.9981068573832562,0.9807607457647988,0.9616626499225336,0.9995031578947368,0.9862338943655052,0.9731403317421172,0.968,144.29,False,1f58d07,scikit-learn=1.9.1;imbalanced-learn=0.14.2;xgboost=3.4.1;lightgbm=4.7.0;numpy=2.5.3;pandas=3.0.6,2026-09-27T20:13:47Z
cicids2017,network_security,member_1,e3,c0_none,0,0,0,none,0.0,0.0,0.05,RF,4,0,6026,5000,5000,250,10,0.05,0.0526315789473684,0.5,"{""clf__base__max_depth"": 16, ""clf__base__max_features"": ""sqrt"", ""clf__base__min_samples_leaf"": 2, ""clf__base__n_estimators"": 400}",0.996,0.980842105263158,0.9563492063492064,0.964,0.9601593625498008,0.9981044650379108,0.9976842105263158,0.9978942935354812,0.9790268280426412,0.9580621198293268,0.999275789473684,0.9823526020698398,0.9806974961461706,1.008,138.64,False,1f58d07,scikit-learn=1.9.1;imbalanced-learn=0.14.2;xgboost=3.4.1;lightgbm=4.7.0;numpy=2.5.3;pandas=3.0.6,2026-09-27T20:16:06Z
cicids2017,network_security,member_1,e3,c0_none,0,0,0,none,0.0,0.0,0.05,RF,4,1,6027,5000,5000,250,10,0.05,0.0526315789473684,0.5,"{""clf__base__max_depth"": 16, ""clf__base__max_features"": ""log2"", ""clf__base__min_samples_leaf"": 2, ""clf__base__n_estimators"": 200}",0.9974,0.9815789473684212,0.9836734693877552,0.964,0.9737373737373738,0.9981072555205048,0.999157894736842,0.9986322987901104,0.9861848362637422,0.9724247302983662,0.9997094736842104,0.9916124001067594,0.9814215254040008,0.98,97.29,False,1f58d07,scikit-learn=1.9.1;imbalanced-learn=0.14.2;xgboost=3.4.1;lightgbm=4.7.0;numpy=2.5.3;pandas=3.0.6,2026-09-27T20:17:44Z
cicids2017,network_security,member_1,e3,c0_none,0,0,0,none,0.0,0.0,0.05,XGB,0,0,2026,5000,5000,250,10,0.05,0.0526315789473684,0.5,"{""clf__base__colsample_bytree"": 0.6299297262516527, ""clf__base__learning_rate"": 0.24209961404115907, ""clf__base__max_depth"": 3, ""clf__base__min_child_weight"": 1, ""clf__base__n_estimators"": 400, ""clf__base__reg_lambda"": 0.013825769701893902, ""clf__base__subsample"": 0.7881804586451416}",0.9984,0.9896842105263156,0.9879032258064516,0.98,0.9839357429718876,0.9989478114478114,0.9993684210526316,0.9991580719848452,0.9915469074783664,0.9831026101937984,0.999762105263158,0.994310197851463,0.9896368286556332,0.992,69.3,False,1f58d07,scikit-learn=1.9.1;imbalanced-learn=0.14.2;xgboost=3.4.1;lightgbm=4.7.0;numpy=2.5.3;pandas=3.0.6,2026-09-27T20:18:53Z
cicids2017,network_security,member_1,e3,c0_none,0,0,0,none,0.0,0.0,0.05,XGB,0,1,2027,5000,5000,250,10,0.05,0.0526315789473684,0.5,"{""clf__base__colsample_bytree"": 0.7335280510923655, ""clf__base__learning_rate"": 0.05971758507702269, ""clf__base__max_depth"": 8, ""clf__base__min_child_weight"": 3, ""clf__base__n_estimators"": 200, ""clf__base__reg_lambda"": 0.2886302815044253, ""clf__base__subsample"": 0.7698710164019611}",0.9984,0.9915789473684212,0.984,0.984,0.984,0.999157894736842,0.999157894736842,0.999157894736842,0.9915789473684212,0.983157894736842,0.9998703157894736,0.997137542026266,0.9915499828153156,1.0,72.09,False,1f58d07,scikit-learn=1.9.1;imbalanced-learn=0.14.2;xgboost=3.4.1;lightgbm=4.7.0;numpy=2.5.3;pandas=3.0.6,2026-09-27T20:20:06Z
cicids2017,network_security,member_1,e3,c0_none,0,0,0,none,0.0,0.0,0.05,XGB,1,0,3026,5000,5000,250,10,0.05,0.0526315789473684,0.5,"{""clf__base__colsample_bytree"": 0.6750002232167834, ""clf__base__learning_rate"": 0.055707861774863386, ""clf__base__max_depth"": 4, ""clf__base__min_child_weight"": 1, ""clf__base__n_estimators"": 800, ""clf__base__reg_lambda"": 0.08372426491886341, ""clf__base__subsample"": 0.7362258226856279}",0.9982,0.9914736842105264,0.9800796812749004,0.984,0.9820359281437124,0.9991577174141923,0.9989473684210526,0.9990525318454574,0.990544229994585,0.981090629911896,0.9997153684210528,0.9930937292799542,0.9914455156620134,1.004,94.83,False,1f58d07,scikit-learn=1.9.1;imbalanced-learn=0.14.2;xgboost=3.4.1;lightgbm=4.7.0;numpy=2.5.3;pandas=3.0.6,2026-09-27T20:21:41Z
cicids2017,network_security,member_1,e3,c0_none,0,0,0,none,0.0,0.0,0.05,XGB,1,1,3027,5000,5000,250,10,0.05,0.0526315789473684,0.5,"{""clf__base__colsample_bytree"": 0.7328262798016196, ""clf__base__learning_rate"": 0.05921003296229738, ""clf__base__max_depth"": 3, ""clf__base__min_child_weight"": 1, ""clf__base__n_estimators"": 200, ""clf__base__reg_lambda"": 0.018405914544812812, ""clf__base__subsample"": 0.6200696058918139}",0.9988,0.9917894736842106,0.9919354838709676,0.984,0.9879518072289156,0.9991582491582492,0.999578947368421,0.999368553988634,0.9936601806087748,0.9873291906331526,0.9998993684210526,0.9978827240724066,0.9917588841097044,0.992,108.67,False,1f58d07,scikit-learn=1.9.1;imbalanced-learn=0.14.2;xgboost=3.4.1;lightgbm=4.7.0;numpy=2.5.3;pandas=3.0.6,2026-09-27T20:23:30Z
cicids2017,network_security,member_1,e3,c0_none,0,0,0,none,0.0,0.0,0.05,XGB,2,0,4026,5000,5000,250,10,0.05,0.0526315789473684,0.5,"{""clf__base__colsample_bytree"": 0.6565518320781988, ""clf__base__learning_rate"": 0.15688469024582752, ""clf__base__max_depth"": 6, ""clf__base__min_child_weight"": 3, ""clf__base__n_estimators"": 400, ""clf__base__reg_lambda"": 0.12145822228788311, ""clf__base__subsample"": 0.9124440815566071}",0.9984,0.9934736842105264,0.98015873015873,0.988,0.9840637450199204,0.9993681550126368,0.9989473684210526,0.9991577174141923,0.9916107312170565,0.9832301264798344,0.9997865263157896,0.9951764348433874,0.9934586050762256,1.008,85.03,False,1f58d07,scikit-learn=1.9.1;imbalanced-learn=0.14.2;xgboost=3.4.1;lightgbm=4.7.0;numpy=2.5.3;pandas=3.0.6,2026-09-27T20:24:55Z
cicids2017,network_security,member_1,e3,c0_none,0,0,0,none,0.0,0.0,0.05,XGB,2,1,4027,5000,5000,250,10,0.05,0.0526315789473684,0.5,"{""clf__base__colsample_bytree"": 0.6873560330382258, ""clf__base__learning_rate"": 0.23860761818562579, ""clf__base__max_depth"": 6, ""clf__base__min_child_weight"": 5, ""clf__base__n_estimators"": 800, ""clf__base__reg_lambda"": 0.29013622163961644, ""clf__base__subsample"": 0.6162837093889824}",0.9966,0.9735789473684212,0.983402489626556,0.948,0.9653767820773932,0.997268333683547,0.999157894736842,0.9982122200021032,0.9817945010397482,0.963768702768586,0.9994543157894736,0.9883572539279298,0.9732428701051584,0.964,103.82,False,1f58d07,scikit-learn=1.9.1;imbalanced-learn=0.14.2;xgboost=3.4.1;lightgbm=4.7.0;numpy=2.5.3;pandas=3.0.6,2026-09-27T20:26:39Z
cicids2017,network_security,member_1,e3,c0_none,0,0,0,none,0.0,0.0,0.05,XGB,3,0,5026,5000,5000,250,10,0.05,0.0526315789473684,0.5,"{""clf__base__colsample_bytree"": 0.7083521762549733, ""clf__base__learning_rate"": 0.055981405899979506, ""clf__base__max_depth"": 3, ""clf__base__min_child_weight"": 3, ""clf__base__n_estimators"": 200, ""clf__base__reg_lambda"": 0.12164938346609794, ""clf__base__subsample"": 0.6262421332317021}",0.9984,0.9896842105263156,0.9879032258064516,0.98,0.9839357429718876,0.9989478114478114,0.9993684210526316,0.9991580719848452,0.9915469074783664,0.9831026101937984,0.9997835789473684,0.9952702560282344,0.9896368286556332,0.992,77.55,False,1f58d07,scikit-learn=1.9.1;imbalanced-learn=0.14.2;xgboost=3.4.1;lightgbm=4.7.0;numpy=2.5.3;pandas=3.0.6,2026-09-27T20:27:57Z
cicids2017,network_security,member_1,e3,c0_none,0,0,0,none,0.0,0.0,0.05,XGB,3,1,5027,5000,5000,250,10,0.05,0.0526315789473684,0.5,"{""clf__base__colsample_bytree"": 0.9553016854784893, ""clf__base__learning_rate"": 0.024606039165437195, ""clf__base__max_depth"": 6, ""clf__base__min_child_weight"": 1, ""clf__base__n_estimators"": 800, ""clf__base__reg_lambda"": 2.6417865506915885, ""clf__base__subsample"": 0.763449774954557}",0.9974,0.9853684210526316,0.9759036144578314,0.972,0.9739478957915833,0.9985266259734792,0.9987368421052631,0.9986317229765288,0.986289809384056,0.9725817880508368,0.9996711578947368,0.9941122001196736,0.9852777326857214,0.996,99.31,False,1f58d07,scikit-learn=1.9.1;imbalanced-learn=0.14.2;xgboost=3.4.1;lightgbm=4.7.0;numpy=2.5.3;pandas=3.0.6,2026-09-27T20:29:37Z
cicids2017,network_security,member_1,e3,c0_none,0,0,0,none,0.0,0.0,0.05,XGB,4,0,6026,5000,5000,250,10,0.05,0.0526315789473684,0.5,"{""clf__base__colsample_bytree"": 0.708267051973608, ""clf__base__learning_rate"": 0.28455392508376126, ""clf__base__max_depth"": 6, ""clf__base__min_child_weight"": 3, ""clf__base__n_estimators"": 800, ""clf__base__reg_lambda"": 9.393317723633603, ""clf__base__subsample"": 0.7134007472138406}",0.9984,0.9915789473684212,0.984,0.984,0.984,0.999157894736842,0.999157894736842,0.999157894736842,0.9915789473684212,0.983157894736842,0.9996943157894738,0.9938343048136182,0.9915499828153156,1.0,58.15,False,1f58d07,scikit-learn=1.9.1;imbalanced-learn=0.14.2;xgboost=3.4.1;lightgbm=4.7.0;numpy=2.5.3;pandas=3.0.6,2026-09-27T20:30:36Z
cicids2017,network_security,member_1,e3,c0_none,0,0,0,none,0.0,0.0,0.05,XGB,4,1,6027,5000,5000,250,10,0.05,0.0526315789473684,0.5,"{""clf__base__colsample_bytree"": 0.9962576164977475, ""clf__base__learning_rate"": 0.03423548596985521, ""clf__base__max_depth"": 8, ""clf__base__min_child_weight"": 3, ""clf__base__n_estimators"": 200, ""clf__base__reg_lambda"": 0.05550509218069603, ""clf__base__subsample"": 0.9491643683623555}",0.9982,0.9876842105263156,0.9878542510121456,0.976,0.9818913480885312,0.9987376393856512,0.9993684210526316,0.999052930653478,0.9904721393710044,0.9809641045219905,0.9997322105263158,0.9959477136005818,0.9876150965570384,0.988,53.05,False,1f58d07,scikit-learn=1.9.1;imbalanced-learn=0.14.2;xgboost=3.4.1;lightgbm=4.7.0;numpy=2.5.3;pandas=3.0.6,2026-09-27T20:31:29Z
cicids2017,network_security,member_1,e3,c1_A_smotetomek,1,0,0,none,0.0,1.0,0.05,LR,0,0,2026,5000,5000,250,10,0.5,1.0,0.5,"{""clf__base__C"": 86.64678862932995}",0.9458,0.9563157894736842,0.4792079207920792,0.968,0.6410596026490066,0.9982202447163516,0.9446315789473684,0.970686857760952,0.8058732302049793,0.6600878884829691,0.9811957894736842,0.685239632043114,0.9562444083083844,2.02,42.79,False,1f58d07,scikit-learn=1.9.1;imbalanced-learn=0.14.2;xgboost=3.4.1;lightgbm=4.7.0;numpy=2.5.3;pandas=3.0.6,2026-09-27T20:32:12Z
cicids2017,network_security,member_1,e3,c1_A_smotetomek,1,0,0,none,0.0,1.0,0.05,LR,0,1,2027,5000,5000,250,10,0.5,1.0,0.5,"{""clf__base__C"": 33.09421283700199}",0.9432,0.964421052631579,0.4678030303030303,0.988,0.6349614395886889,0.99932915921288,0.940842105263158,0.9692040772066796,0.8020827583976843,0.6587048248997017,0.985389894736842,0.6337380817072881,0.9641327709397706,2.112,41.86,False,1f58d07,scikit-learn=1.9.1;imbalanced-learn=0.14.2;xgboost=3.4.1;lightgbm=4.7.0;numpy=2.5.3;pandas=3.0.6,2026-09-27T20:32:54Z
cicids2017,network_security,member_1,e3,c1_A_smotetomek,1,0,0,none,0.0,1.0,0.05,LR,1,0,3026,5000,5000,250,10,0.5,1.0,0.5,"{""clf__base__C"": 95.41248660376695}",0.945,0.9672631578947368,0.4760076775431862,0.992,0.6433203631647212,0.9995534717570886,0.9425263157894735,0.9702026221692492,0.8067614926669852,0.6666516397551225,0.9872989473684208,0.6906510880903464,0.966946795466616,2.084,46.01,False,1f58d07,scikit-learn=1.9.1;imbalanced-learn=0.14.2;xgboost=3.4.1;lightgbm=4.7.0;numpy=2.5.3;pandas=3.0.6,2026-09-27T20:33:40Z
cicids2017,network_security,member_1,e3,c1_A_smotetomek,1,0,0,none,0.0,1.0,0.05,LR,1,1,3027,5000,5000,250,10,0.5,1.0,0.5,"{""clf__base__C"": 4.686201792798966}",0.9398,0.9607368421052632,0.4530386740331492,0.984,0.6204287515762925,0.9991025353376712,0.9374736842105263,0.9673074834365156,0.7938681175064042,0.6454736446845314,0.9784926315789474,0.581590232005175,0.9604551552587752,2.172,37.07,False,1f58d07,scikit-learn=1.9.1;imbalanced-learn=0.14.2;xgboost=3.4.1;lightgbm=4.7.0;numpy=2.5.3;pandas=3.0.6,2026-09-27T20:34:18Z
cicids2017,network_security,member_1,e3,c1_A_smotetomek,1,0,0,none,0.0,1.0,0.05,LR,2,0,4026,5000,5000,250,10,0.5,1.0,0.5,"{""clf__base__C"": 2.963965176880303}",0.9372,0.9669473684210526,0.4432624113475177,1.0,0.6142506142506142,1.0,0.9338947368421052,0.9658175484432832,0.7900340813469487,0.6433975699343192,0.9787730526315788,0.5961307659293771,0.9663822933198358,2.256,35.07,False,1f58d07,scikit-learn=1.9.1;imbalanced-learn=0.14.2;xgboost=3.4.1;lightgbm=4.7.0;numpy=2.5.3;pandas=3.0.6,2026-09-27T20:34:53Z
cicids2017,network_security,member_1,e3,c1_A_smotetomek,1,0,0,none,0.0,1.0,0.05,LR,2,1,4027,5000,5000,250,10,0.5,1.0,0.5,"{""clf__base__C"": 80.93579062656904}",0.9614,0.9626315789473684,0.5670588235294117,0.964,0.7140740740740741,0.998032786885246,0.9612631578947368,0.9793029490616622,0.8466885115678682,0.7230895158637611,0.9755882105263156,0.6410132783143543,0.962630606312996,1.7,51.27,False,1f58d07,scikit-learn=1.9.1;imbalanced-learn=0.14.2;xgboost=3.4.1;lightgbm=4.7.0;numpy=2.5.3;pandas=3.0.6,2026-09-27T20:35:45Z
cicids2017,network_security,member_1,e3,c1_A_smotetomek,1,0,0,none,0.0,1.0,0.05,LR,3,0,5026,5000,5000,250,10,0.5,1.0,0.5,"{""clf__base__C"": 68.96511808116286}",0.9466,0.9643157894736842,0.4833005893909626,0.984,0.6482213438735178,0.9991093297706524,0.9446315789473684,0.9711070230494536,0.8096641834614857,0.6693138911832944,0.9892833684210528,0.7307069020402942,0.9641148653994556,2.036,53.35,False,1f58d07,scikit-learn=1.9.1;imbalanced-learn=0.14.2;xgboost=3.4.1;lightgbm=4.7.0;numpy=2.5.3;pandas=3.0.6,2026-09-27T20:36:39Z
cicids2017,network_security,member_1,e3,c1_A_smotetomek,1,0,0,none,0.0,1.0,0.05,LR,3,1,5027,5000,5000,250,10,0.5,1.0,0.5,"{""clf__base__C"": 1.9642608121932843}",0.9398,0.9626315789473684,0.4532110091743119,0.988,0.6213836477987421,0.9993265993265992,0.9372631578947368,0.9673003802281368,0.7943420140134395,0.6470829751335491,0.9764791578947368,0.5636801204899359,0.962297251372984,2.18,22.37,False,1f58d07,scikit-learn=1.9.1;imbalanced-learn=0.14.2;xgboost=3.4.1;lightgbm=4.7.0;numpy=2.5.3;pandas=3.0.6,2026-09-27T20:37:30Z
cicids2017,network_security,member_1,e3,c1_A_smotetomek,1,0,0,none,0.0,1.0,0.05,LR,4,0,6026,5000,5000,250,10,0.5,1.0,0.5,"{""clf__base__C"": 73.66417088381552}",0.9476,0.9629473684210526,0.4880478087649402,0.98,0.651595744680851,0.998888394842152,0.9458947368421052,0.9716695501730104,0.8116326474269306,0.6714548891010345,0.9879002105263158,0.7074374714165584,0.9627963658558664,2.008,21.81,False,1f58d07,scikit-learn=1.9.1;imbalanced-learn=0.14.2;xgboost=3.4.1;lightgbm=4.7.0;numpy=2.5.3;pandas=3.0.6,2026-09-27T20:37:52Z
cicids2017,network_security,member_1,e3,c1_A_smotetomek,1,0,0,none,0.0,1.0,0.05,LR,4,1,6027,5000,5000,250,10,0.5,1.0,0.5,"{""clf__base__C"": 89.78839453758782}",0.9464,0.968,0.4824902723735408,0.992,0.6492146596858639,0.9995541685242978,0.944,0.970983109571243,0.8100988846285535,0.6717094585312737,0.9899368421052632,0.7353837153110672,0.9677024336023962,2.056,32.44,False,1f58d07,scikit-learn=1.9.1;imbalanced-learn=0.14.2;xgboost=3.4.1;lightgbm=4.7.0;numpy=2.5.3;pandas=3.0.6,2026-09-27T20:38:24Z
cicids2017,network_security,member_1,e3,c1_A_smotetomek,1,0,0,none,0.0,1.0,0.05,RF,0,0,2026,5000,5000,250,10,0.5,1.0,0.5,"{""clf__base__max_depth"": 16, ""clf__base__max_features"": ""sqrt"", ""clf__base__min_samples_leaf"": 1, ""clf__base__n_estimators"": 200}",0.9956,0.9938947368421052,0.9253731343283582,0.992,0.9575289575289576,0.9995773457311918,0.9957894736842106,0.9976798143851509,0.9776043859570542,0.9558537272417684,0.9992517894736842,0.9837278855143738,0.9938929308002632,1.072,94.08,False,1f58d07,scikit-learn=1.9.1;imbalanced-learn=0.14.2;xgboost=3.4.1;lightgbm=4.7.0;numpy=2.5.3;pandas=3.0.6,2026-09-27T20:39:58Z
cicids2017,network_security,member_1,e3,c1_A_smotetomek,1,0,0,none,0.0,1.0,0.05,RF,0,1,2027,5000,5000,250,10,0.5,1.0,0.5,"{""clf__base__max_depth"": 16, ""clf__base__max_features"": ""sqrt"", ""clf__base__min_samples_leaf"": 2, ""clf__base__n_estimators"": 200}",0.996,0.9978947368421052,0.925925925925926,1.0,0.9615384615384616,1.0,0.9957894736842106,0.9978902953586498,0.9797143784485556,0.9602225213190654,0.9997343157894736,0.9930254787014856,0.9978925160979064,1.0799999999999998,94.54,False,1f58d07,scikit-learn=1.9.1;imbalanced-learn=0.14.2;xgboost=3.4.1;lightgbm=4.7.0;numpy=2.5.3;pandas=3.0.6,2026-09-27T20:41:33Z
cicids2017,network_security,member_1,e3,c1_A_smotetomek,1,0,0,none,0.0,1.0,0.05,RF,1,0,3026,5000,5000,250,10,0.5,1.0,0.5,"{""clf__base__max_depth"": null, ""clf__base__max_features"": ""log2"", ""clf__base__min_samples_leaf"": 1, ""clf__base__n_estimators"": 400}",0.9952,0.9898947368421052,0.924812030075188,0.984,0.9534883720930232,0.9991550485847064,0.9957894736842106,0.9974694221847322,0.9754788971388776,0.951468978843617,0.9993595789473684,0.9847519171417216,0.9898771853645598,1.0639999999999998,91.21,False,1f58d07,scikit-learn=1.9.1;imbalanced-learn=0.14.2;xgboost=3.4.1;lightgbm=4.7.0;numpy=2.5.3;pandas=3.0.6,2026-09-27T20:43:04Z
cicids2017,network_security,member_1,e3,c1_A_smotetomek,1,0,0,none,0.0,1.0,0.05,RF,1,1,3027,5000,5000,250,10,0.5,1.0,0.5,"{""clf__base__max_depth"": 16, ""clf__base__max_features"": ""log2"", ""clf__base__min_samples_leaf"": 1, ""clf__base__n_estimators"": 400}",0.9944,0.9932631578947368,0.9051094890510948,0.992,0.9465648854961832,0.9995768091409224,0.9945263157894736,0.9970451667370198,0.9718050261166016,0.944720509304518,0.9996989473684212,0.9932782697590714,0.9932623546994812,1.096,74.68,False,1f58d07,scikit-learn=1.9.1;imbalanced-learn=0.14.2;xgboost=3.4.1;lightgbm=4.7.0;numpy=2.5.3;pandas=3.0.6,2026-09-27T20:44:19Z
cicids2017,network_security,member_1,e3,c1_A_smotetomek,1,0,0,none,0.0,1.0,0.05,RF,2,0,4026,5000,5000,250,10,0.5,1.0,0.5,"{""clf__base__max_depth"": null, ""clf__base__max_features"": ""sqrt"", ""clf__base__min_samples_leaf"": 1, ""clf__base__n_estimators"": 200}",0.9974,0.9967368421052633,0.9540229885057472,0.996,0.974559686888454,0.9997889850179362,0.9974736842105264,0.9986299926230372,0.9865948397557456,0.9734408535605472,0.9995507368421052,0.987987765873192,0.9967365697483384,1.044,74.16,False,1f58d07,scikit-learn=1.9.1;imbalanced-learn=0.14.2;xgboost=3.4.1;lightgbm=4.7.0;numpy=2.5.3;pandas=3.0.6,2026-09-27T20:45:40Z
cicids2017,network_security,member_1,e3,c1_A_smotetomek,1,0,0,none,0.0,1.0,0.05,RF,2,1,4027,5000,5000,250,10,0.5,1.0,0.5,"{""clf__base__max_depth"": 16, ""clf__base__max_features"": ""sqrt"", ""clf__base__min_samples_leaf"": 2, ""clf__base__n_estimators"": 200}",0.9944,0.9837894736842104,0.9204545454545454,0.972,0.9455252918287936,0.9985219594594594,0.995578947368421,0.9970482816782626,0.9712867867535282,0.942964643706753,0.999189052631579,0.9816331129742636,0.9837188301756276,1.0559999999999998,97.98,False,1f58d07,scikit-learn=1.9.1;imbalanced-learn=0.14.2;xgboost=3.4.1;lightgbm=4.7.0;numpy=2.5.3;pandas=3.0.6,2026-09-27T20:47:37Z
cicids2017,network_security,member_1,e3,c1_A_smotetomek,1,0,0,none,0.0,1.0,0.05,RF,3,0,5026,5000,5000,250,10,0.5,1.0,0.5,"{""clf__base__max_depth"": 16, ""clf__base__max_features"": ""sqrt"", ""clf__base__min_samples_leaf"": 2, ""clf__base__n_estimators"": 200}",0.995,0.9935789473684212,0.915129151291513,0.992,0.9520153550863724,0.9995770776062592,0.995157894736842,0.9973625909906108,0.9746889730384916,0.9502417982920982,0.9994677894736842,0.987629823106338,0.993577692774424,1.084,101.52,False,1f58d07,scikit-learn=1.9.1;imbalanced-learn=0.14.2;xgboost=3.4.1;lightgbm=4.7.0;numpy=2.5.3;pandas=3.0.6,2026-09-27T20:49:19Z
cicids2017,network_security,member_1,e3,c1_A_smotetomek,1,0,0,none,0.0,1.0,0.05,RF,3,1,5027,5000,5000,250,10,0.5,1.0,0.5,"{""clf__base__max_depth"": null, ""clf__base__max_features"": ""log2"", ""clf__base__min_samples_leaf"": 1, ""clf__base__n_estimators"": 400}",0.9952,0.9898947368421052,0.924812030075188,0.984,0.9534883720930232,0.9991550485847064,0.9957894736842106,0.9974694221847322,0.9754788971388776,0.951468978843617,0.9995515789473683,0.988726345898822,0.9898771853645598,1.0639999999999998,128.88,False,1f58d07,scikit-learn=1.9.1;imbalanced-learn=0.14.2;xgboost=3.4.1;lightgbm=4.7.0;numpy=2.5.3;pandas=3.0.6,2026-09-27T20:51:28Z
cicids2017,network_security,member_1,e3,c1_A_smotetomek,1,0,0,none,0.0,1.0,0.05,RF,4,0,6026,5000,5000,250,10,0.5,1.0,0.5,"{""clf__base__max_depth"": null, ""clf__base__max_features"": ""sqrt"", ""clf__base__min_samples_leaf"": 2, ""clf__base__n_estimators"": 400}",0.9962,0.9961052631578948,0.9325842696629212,0.996,0.9632495164410058,0.999788717515318,0.9962105263157894,0.9979964146367184,0.980622965538862,0.9618265396269464,0.9995494736842104,0.9873771007533504,0.9961052575960666,1.068,120.14,False,1f58d07,scikit-learn=1.9.1;imbalanced-learn=0.14.2;xgboost=3.4.1;lightgbm=4.7.0;numpy=2.5.3;pandas=3.0.6,2026-09-27T20:53:28Z
cicids2017,network_security,member_1,e3,c1_A_smotetomek,1,0,0,none,0.0,1.0,0.05,RF,4,1,6027,5000,5000,250,10,0.5,1.0,0.5,"{""clf__base__max_depth"": null, ""clf__base__max_features"": ""log2"", ""clf__base__min_samples_leaf"": 1, ""clf__base__n_estimators"": 200}",0.9962,0.9942105263157894,0.9358490566037736,0.992,0.9631067961165048,0.9995776135163674,0.996421052631579,0.9979968371112282,0.9805518166138664,0.9615588458018586,0.9996867368421052,0.992724923763198,0.9942080688721684,1.0599999999999998,85.87,False,1f58d07,scikit-learn=1.9.1;imbalanced-learn=0.14.2;xgboost=3.4.1;lightgbm=4.7.0;numpy=2.5.3;pandas=3.0.6,2026-09-27T20:54:54Z
cicids2017,network_security,member_1,e3,c1_A_smotetomek,1,0,0,none,0.0,1.0,0.05,XGB,0,0,2026,5000,5000,250,10,0.5,1.0,0.5,"{""clf__base__colsample_bytree"": 0.6299297262516527, ""clf__base__learning_rate"": 0.24209961404115907, ""clf__base__max_depth"": 3, ""clf__base__min_child_weight"": 1, ""clf__base__n_estimators"": 400, ""clf__base__reg_lambda"": 0.013825769701893902, ""clf__base__subsample"": 0.7881804586451416}",0.997,0.9927368421052633,0.9536679536679536,0.988,0.9705304518664049,0.9993672221050413,0.9974736842105264,0.9984195553682436,0.9844750036173242,0.9691187160772616,0.9997553684210526,0.9941352506435676,0.9927255411240308,1.0359999999999998,52.64,False,1f58d07,scikit-learn=1.9.1;imbalanced-learn=0.14.2;xgboost=3.4.1;lightgbm=4.7.0;numpy=2.5.3;pandas=3.0.6,2026-09-27T20:55:47Z
cicids2017,network_security,member_1,e3,c1_A_smotetomek,1,0,0,none,0.0,1.0,0.05,XGB,0,1,2027,5000,5000,250,10,0.5,1.0,0.5,"{""clf__base__colsample_bytree"": 0.9206269033670733, ""clf__base__learning_rate"": 0.21639357680112015, ""clf__base__max_depth"": 3, ""clf__base__min_child_weight"": 1, ""clf__base__n_estimators"": 200, ""clf__base__reg_lambda"": 0.39950328397895196, ""clf__base__subsample"": 0.643985800858856}",0.9986,0.9992631578947369,0.9727626459143968,1.0,0.9861932938856016,1.0,0.9985263157894736,0.9992626145580954,0.9927279542218486,0.9855602979841076,0.999890947368421,0.9977276505479682,0.9992628862263792,1.028,58.01,False,1f58d07,scikit-learn=1.9.1;imbalanced-learn=0.14.2;xgboost=3.4.1;lightgbm=4.7.0;numpy=2.5.3;pandas=3.0.6,2026-09-27T20:56:45Z
cicids2017,network_security,member_1,e3,c1_A_smotetomek,1,0,0,none,0.0,1.0,0.05,XGB,1,0,3026,5000,5000,250,10,0.5,1.0,0.5,"{""clf__base__colsample_bytree"": 0.9934947644627569, ""clf__base__learning_rate"": 0.06579343675941146, ""clf__base__max_depth"": 8, ""clf__base__min_child_weight"": 1, ""clf__base__n_estimators"": 800, ""clf__base__reg_lambda"": 2.5562316050453884, ""clf__base__subsample"": 0.6010643428938394}",0.9974,0.994842105263158,0.9575289575289576,0.992,0.974459724950884,0.9995781480700274,0.9976842105263158,0.9986302813191444,0.9865450031350144,0.9732593642980574,0.9997637894736844,0.9949364736265516,0.9948380455340986,1.0359999999999998,82.46,False,1f58d07,scikit-learn=1.9.1;imbalanced-learn=0.14.2;xgboost=3.4.1;lightgbm=4.7.0;numpy=2.5.3;pandas=3.0.6,2026-09-27T20:58:08Z
cicids2017,network_security,member_1,e3,c1_A_smotetomek,1,0,0,none,0.0,1.0,0.05,XGB,1,1,3027,5000,5000,250,10,0.5,1.0,0.5,"{""clf__base__colsample_bytree"": 0.7104807071006849, ""clf__base__learning_rate"": 0.04849185141838699, ""clf__base__max_depth"": 6, ""clf__base__min_child_weight"": 1, ""clf__base__n_estimators"": 800, ""clf__base__reg_lambda"": 0.10018170767019599, ""clf__base__subsample"": 0.8054452821394007}",0.9976,0.9949473684210526,0.9612403100775194,0.992,0.9763779527559056,0.9995782370307889,0.9978947368421052,0.9987357774968394,0.9875568651263724,0.9752482877928024,0.9998374736842106,0.9964917161222162,0.9949430028636658,1.032,82.33,False,1f58d07,scikit-learn=1.9.1;imbalanced-learn=0.14.2;xgboost=3.4.1;lightgbm=4.7.0;numpy=2.5.3;pandas=3.0.6,2026-09-27T20:59:30Z
cicids2017,network_security,member_1,e3,c1_A_smotetomek,1,0,0,none,0.0,1.0,0.05,XGB,2,0,4026,5000,5000,250,10,0.5,1.0,0.5,"{""clf__base__colsample_bytree"": 0.6565518320781988, ""clf__base__learning_rate"": 0.15688469024582752, ""clf__base__max_depth"": 6, ""clf__base__min_child_weight"": 3, ""clf__base__n_estimators"": 400, ""clf__base__reg_lambda"": 0.12145822228788311, ""clf__base__subsample"": 0.9124440815566071}",0.9982,0.997157894736842,0.9688715953307392,0.996,0.9822485207100592,0.9997891629770188,0.9983157894736842,0.9990519330032656,0.9906502268566624,0.9814044460001984,0.9997663157894736,0.9941326702004468,0.9971572224658404,1.028,47.78,False,1f58d07,scikit-learn=1.9.1;imbalanced-learn=0.14.2;xgboost=3.4.1;lightgbm=4.7.0;numpy=2.5.3;pandas=3.0.6,2026-09-27T21:00:18Z
cicids2017,network_security,member_1,e3,c1_A_smotetomek,1,0,0,none,0.0,1.0,0.05,XGB,2,1,4027,5000,5000,250,10,0.5,1.0,0.5,"{""clf__base__colsample_bytree"": 0.9834570763060444, ""clf__base__learning_rate"": 0.030916321360916408, ""clf__base__max_depth"": 6, ""clf__base__min_child_weight"": 3, ""clf__base__n_estimators"": 800, ""clf__base__reg_lambda"": 0.019932289827414917, ""clf__base__subsample"": 0.859643305566143}",0.996,0.9884210526315788,0.9423076923076924,0.98,0.9607843137254902,0.9989451476793249,0.996842105263158,0.9978925184404636,0.979338416082977,0.95888237328561,0.999754105263158,0.994898764992769,0.9883851795519268,1.0399999999999998,53.46,False,1f58d07,scikit-learn=1.9.1;imbalanced-learn=0.14.2;xgboost=3.4.1;lightgbm=4.7.0;numpy=2.5.3;pandas=3.0.6,2026-09-27T21:01:11Z
cicids2017,network_security,member_1,e3,c1_A_smotetomek,1,0,0,none,0.0,1.0,0.05,XGB,3,0,5026,5000,5000,250,10,0.5,1.0,0.5,"{""clf__base__colsample_bytree"": 0.966186289625362, ""clf__base__learning_rate"": 0.29511899190869545, ""clf__base__max_depth"": 6, ""clf__base__min_child_weight"": 1, ""clf__base__n_estimators"": 200, ""clf__base__reg_lambda"": 1.784943962718507, ""clf__base__subsample"": 0.76926012218394}",0.9978,0.9950526315789474,0.9649805447470816,0.992,0.9783037475345168,0.9995783259540376,0.9981052631578948,0.9988412514484356,0.9885724994914762,0.9772485940162888,0.999821894736842,0.99625766611418,0.9950479491223684,1.028,35.37,False,1f58d07,scikit-learn=1.9.1;imbalanced-learn=0.14.2;xgboost=3.4.1;lightgbm=4.7.0;numpy=2.5.3;pandas=3.0.6,2026-09-27T21:01:47Z
cicids2017,network_security,member_1,e3,c1_A_smotetomek,1,0,0,none,0.0,1.0,0.05,XGB,3,1,5027,5000,5000,250,10,0.5,1.0,0.5,"{""clf__base__colsample_bytree"": 0.8405279927109883, ""clf__base__learning_rate"": 0.03965143905411441, ""clf__base__max_depth"": 8, ""clf__base__min_child_weight"": 1, ""clf__base__n_estimators"": 400, ""clf__base__reg_lambda"": 0.025783651592417578, ""clf__base__subsample"": 0.6276769187790308}",0.9962,0.9904210526315788,0.942528735632184,0.984,0.9628180039138944,0.9991559400717452,0.996842105263158,0.9979976815259776,0.980407842719936,0.9610639832037696,0.9996850526315788,0.9934108722700156,0.990400238074965,1.044,45.42,False,1f58d07,scikit-learn=1.9.1;imbalanced-learn=0.14.2;xgboost=3.4.1;lightgbm=4.7.0;numpy=2.5.3;pandas=3.0.6,2026-09-27T21:02:33Z
cicids2017,network_security,member_1,e3,c1_A_smotetomek,1,0,0,none,0.0,1.0,0.05,XGB,4,0,6026,5000,5000,250,10,0.5,1.0,0.5,"{""clf__base__colsample_bytree"": 0.708267051973608, ""clf__base__learning_rate"": 0.28455392508376126, ""clf__base__max_depth"": 6, ""clf__base__min_child_weight"": 3, ""clf__base__n_estimators"": 800, ""clf__base__reg_lambda"": 9.393317723633603, ""clf__base__subsample"": 0.7134007472138406}",0.9982,0.9952631578947368,0.9725490196078432,0.992,0.9821782178217822,0.9995785036880928,0.9985263157894736,0.9990521327014218,0.990615175261602,0.9812837989735024,0.9998176842105264,0.9959956116105732,0.9952578084411888,1.0199999999999998,45.24,False,1f58d07,scikit-learn=1.9.1;imbalanced-learn=0.14.2;xgboost=3.4.1;lightgbm=4.7.0;numpy=2.5.3;pandas=3.0.6,2026-09-27T21:04:24Z
cicids2017,network_security,member_1,e3,c1_A_smotetomek,1,0,0,none,0.0,1.0,0.05,XGB,4,1,6027,5000,5000,250,10,0.5,1.0,0.5,"{""clf__base__colsample_bytree"": 0.7204220432788574, ""clf__base__learning_rate"": 0.16170708509030868, ""clf__base__max_depth"": 8, ""clf__base__min_child_weight"": 5, ""clf__base__n_estimators"": 400, ""clf__base__reg_lambda"": 0.10332237810714062, ""clf__base__subsample"": 0.94260493886491}",0.9974,0.994842105263158,0.9575289575289576,0.992,0.974459724950884,0.9995781480700274,0.9976842105263158,0.9986302813191444,0.9865450031350144,0.9732593642980574,0.9997709473684212,0.9944565233204826,0.9948380455340986,1.0359999999999998,58.37,False,1f58d07,scikit-learn=1.9.1;imbalanced-learn=0.14.2;xgboost=3.4.1;lightgbm=4.7.0;numpy=2.5.3;pandas=3.0.6,2026-09-27T21:05:23Z
cicids2017,network_security,member_1,e3,c2_B_weights,0,1,0,orig,1.0,0.0,0.05,LR,0,0,2026,5000,5000,250,10,0.05,1.0,0.5,"{""clf__base__C"": 8.244177664395792}",0.9382,0.9561052631578948,0.4460694698354662,0.976,0.6122961104140527,0.9986525937570178,0.9362105263157896,0.9664239921764642,0.7893600512952585,0.636930253398238,0.971136,0.5280774024159806,0.955898254880827,2.188,5.46,False,1f58d07,scikit-learn=1.9.1;imbalanced-learn=0.14.2;xgboost=3.4.1;lightgbm=4.7.0;numpy=2.5.3;pandas=3.0.6,2026-09-27T21:05:28Z
cicids2017,network_security,member_1,e3,c2_B_weights,0,1,0,orig,1.0,0.0,0.05,LR,0,1,2027,5000,5000,250,10,0.05,1.0,0.5,"{""clf__base__C"": 20.397711403252764}",0.9394,0.962421052631579,0.4515539305301645,0.988,0.6198243412797992,0.9993262968785088,0.936842105263158,0.967075953493426,0.7934501473866127,0.6457499661154996,0.985828210526316,0.6640870229430633,0.9620810776644556,2.188,5.56,False,1f58d07,scikit-learn=1.9.1;imbalanced-learn=0.14.2;xgboost=3.4.1;lightgbm=4.7.0;numpy=2.5.3;pandas=3.0.6,2026-09-27T21:05:34Z
cicids2017,network_security,member_1,e3,c2_B_weights,0,1,0,orig,1.0,0.0,0.05,LR,1,0,3026,5000,5000,250,10,0.05,1.0,0.5,"{""clf__base__C"": 95.41248660376695}",0.9422,0.9657894736842104,0.4635514018691589,0.992,0.6318471337579618,0.999552071668533,0.9395789473684212,0.9686380900705372,0.8002426119142494,0.6568237559657099,0.9867111578947368,0.6720051463778135,0.965433744898879,2.14,5.17,False,1f58d07,scikit-learn=1.9.1;imbalanced-learn=0.14.2;xgboost=3.4.1;lightgbm=4.7.0;numpy=2.5.3;pandas=3.0.6,2026-09-27T21:05:39Z
cicids2017,network_security,member_1,e3,c2_B_weights,0,1,0,orig,1.0,0.0,0.05,LR,1,1,3027,5000,5000,250,10,0.05,1.0,0.5,"{""clf__base__C"": 4.686201792798966}",0.9394,0.962421052631579,0.4515539305301645,0.988,0.6198243412797992,0.9993262968785088,0.936842105263158,0.967075953493426,0.7934501473866127,0.6457499661154996,0.9770922105263158,0.5573288358961203,0.9620810776644556,2.188,3.41,False,1f58d07,scikit-learn=1.9.1;imbalanced-learn=0.14.2;xgboost=3.4.1;lightgbm=4.7.0;numpy=2.5.3;pandas=3.0.6,2026-09-27T21:05:43Z
cicids2017,network_security,member_1,e3,c2_B_weights,0,1,0,orig,1.0,0.0,0.05,LR,2,0,4026,5000,5000,250,10,0.05,1.0,0.5,"{""clf__base__C"": 11.333229684537264}",0.9364,0.9646315789473684,0.4399293286219081,0.996,0.6102941176470589,0.9997744700045106,0.9332631578947368,0.9653745644599304,0.7878343410534946,0.6392186953225768,0.9785583157894736,0.5833959938004482,0.9641214162454632,2.264,3.38,False,1f58d07,scikit-learn=1.9.1;imbalanced-learn=0.14.2;xgboost=3.4.1;lightgbm=4.7.0;numpy=2.5.3;pandas=3.0.6,2026-09-27T21:05:46Z
cicids2017,network_security,member_1,e3,c2_B_weights,0,1,0,orig,1.0,0.0,0.05,LR,2,1,4027,5000,5000,250,10,0.05,1.0,0.5,"{""clf__base__C"": 80.93579062656904}",0.9508,0.9589473684210524,0.5041666666666667,0.968,0.663013698630137,0.9982300884955752,0.9498947368421052,0.973462783171521,0.8182382409008291,0.6790782998815186,0.9771477894736842,0.6515765396113385,0.9589046382530214,1.92,4.63,False,1f58d07,scikit-learn=1.9.1;imbalanced-learn=0.14.2;xgboost=3.4.1;lightgbm=4.7.0;numpy=2.5.3;pandas=3.0.6,2026-09-27T21:05:51Z
cicids2017,network_security,member_1,e3,c2_B_weights,0,1,0,orig,1.0,0.0,0.05,LR,3,0,5026,5000,5000,250,10,0.05,1.0,0.5,"{""clf__base__C"": 5.661146596775842}",0.9392,0.960421052631579,0.4505494505494505,0.984,0.6180904522613065,0.9991019308486754,0.936842105263158,0.9669708822251196,0.7925306672432131,0.6434733286478449,0.9801574736842106,0.5962212912388113,0.9601315699314064,2.184,4.56,False,1f58d07,scikit-learn=1.9.1;imbalanced-learn=0.14.2;xgboost=3.4.1;lightgbm=4.7.0;numpy=2.5.3;pandas=3.0.6,2026-09-27T21:05:56Z
cicids2017,network_security,member_1,e3,c2_B_weights,0,1,0,orig,1.0,0.0,0.05,LR,3,1,5027,5000,5000,250,10,0.05,1.0,0.5,"{""clf__base__C"": 14.115241548086104}",0.9408,0.963157894736842,0.4574074074074074,0.988,0.6253164556962025,0.9993273542600896,0.9383157894736842,0.9678610206297504,0.7965887381629764,0.6504464784546862,0.9832648421052632,0.6568485167794238,0.9628374733048148,2.16,5.52,False,1f58d07,scikit-learn=1.9.1;imbalanced-learn=0.14.2;xgboost=3.4.1;lightgbm=4.7.0;numpy=2.5.3;pandas=3.0.6,2026-09-27T21:06:01Z
cicids2017,network_security,member_1,e3,c2_B_weights,0,1,0,orig,1.0,0.0,0.05,LR,4,0,6026,5000,5000,250,10,0.05,1.0,0.5,"{""clf__base__C"": 73.66417088381552}",0.944,0.9610526315789474,0.4711538461538461,0.98,0.6363636363636364,0.9988839285714286,0.9421052631578948,0.9696641386782232,0.8030138875209298,0.6583496836463132,0.988760842105263,0.720684365874349,0.9608658376145636,2.08,6.2,False,1f58d07,scikit-learn=1.9.1;imbalanced-learn=0.14.2;xgboost=3.4.1;lightgbm=4.7.0;numpy=2.5.3;pandas=3.0.6,2026-09-27T21:06:08Z
cicids2017,network_security,member_1,e3,c2_B_weights,0,1,0,orig,1.0,0.0,0.05,LR,4,1,6027,5000,5000,250,10,0.05,1.0,0.5,"{""clf__base__C"": 89.78839453758782}",0.9398,0.966421052631579,0.453551912568306,0.996,0.623279098873592,0.9997753313862052,0.936842105263158,0.967286164547332,0.795282631710462,0.6502943492170846,0.9878888421052632,0.6829943432495472,0.9659682897704795,2.196,5.93,False,1f58d07,scikit-learn=1.9.1;imbalanced-learn=0.14.2;xgboost=3.4.1;lightgbm=4.7.0;numpy=2.5.3;pandas=3.0.6,2026-09-27T21:06:14Z
cicids2017,network_security,member_1,e3,c2_B_weights,0,1,0,orig,1.0,0.0,0.05,RF,0,0,2026,5000,5000,250,10,0.05,1.0,0.5,"{""clf__base__max_depth"": 16, ""clf__base__max_features"": ""sqrt"", ""clf__base__min_samples_leaf"": 1, ""clf__base__n_estimators"": 200}",0.9966,0.9944210526315788,0.9429657794676806,0.992,0.9668615984405458,0.9995777918513828,0.996842105263158,0.9982080742068092,0.9825348363236776,0.9654153351617104,0.999277052631579,0.975361755657659,0.9944181054370704,1.052,38.62,False,1f58d07,scikit-learn=1.9.1;imbalanced-learn=0.14.2;xgboost=3.4.1;lightgbm=4.7.0;numpy=2.5.3;pandas=3.0.6,2026-09-27T21:06:53Z
cicids2017,network_security,member_1,e3,c2_B_weights,0,1,0,orig,1.0,0.0,0.05,RF,0,1,2027,5000,5000,250,10,0.05,1.0,0.5,"{""clf__base__max_depth"": 16, ""clf__base__max_features"": ""sqrt"", ""clf__base__min_samples_leaf"": 2, ""clf__base__n_estimators"": 200}",0.995,0.9973684210526316,0.9090909090909092,1.0,0.9523809523809524,1.0,0.9947368421052633,0.9973614775725592,0.9748712149767558,0.950950166988625,0.9997191578947368,0.989377642908467,0.9973649493065532,1.1,37.13,False,1f58d07,scikit-learn=1.9.1;imbalanced-learn=0.14.2;xgboost=3.4.1;lightgbm=4.7.0;numpy=2.5.3;pandas=3.0.6,2026-09-27T21:07:30Z
cicids2017,network_security,member_1,e3,c2_B_weights,0,1,0,orig,1.0,0.0,0.05,RF,1,0,3026,5000,5000,250,10,0.05,1.0,0.5,"{""clf__base__max_depth"": null, ""clf__base__max_features"": ""log2"", ""clf__base__min_samples_leaf"": 1, ""clf__base__n_estimators"": 400}",0.996,0.9884210526315788,0.9423076923076924,0.98,0.9607843137254902,0.9989451476793249,0.996842105263158,0.9978925184404636,0.979338416082977,0.95888237328561,0.9992922105263158,0.9794920196896718,0.9883851795519268,1.0399999999999998,50.21,False,1f58d07,scikit-learn=1.9.1;imbalanced-learn=0.14.2;xgboost=3.4.1;lightgbm=4.7.0;numpy=2.5.3;pandas=3.0.6,2026-09-27T21:08:20Z
cicids2017,network_security,member_1,e3,c2_B_weights,0,1,0,orig,1.0,0.0,0.05,RF,1,1,3027,5000,5000,250,10,0.05,1.0,0.5,"{""clf__base__max_depth"": null, ""clf__base__max_features"": ""log2"", ""clf__base__min_samples_leaf"": 1, ""clf__base__n_estimators"": 200}",0.9958,0.9921052631578948,0.9320754716981132,0.988,0.9592233009708738,0.9993664202745512,0.9962105263157894,0.9977859778597786,0.9785046394153264,0.9574627484821489,0.999717894736842,0.9905635405821032,0.9920967694736236,1.0599999999999998,42.28,False,1f58d07,scikit-learn=1.9.1;imbalanced-learn=0.14.2;xgboost=3.4.1;lightgbm=4.7.0;numpy=2.5.3;pandas=3.0.6,2026-09-27T21:09:03Z
cicids2017,network_security,member_1,e3,c2_B_weights,0,1,0,orig,1.0,0.0,0.05,RF,2,0,4026,5000,5000,250,10,0.05,1.0,0.5,"{""clf__base__max_depth"": null, ""clf__base__max_features"": ""sqrt"", ""clf__base__min_samples_leaf"": 1, ""clf__base__n_estimators"": 200}",0.997,0.9946315789473684,0.950191570881226,0.992,0.9706457925636008,0.9995779700358726,0.9972631578947369,0.9984192222573506,0.9845325074104756,0.969315230108288,0.9995305263157894,0.9842709567233552,0.9946280976483516,1.044,39.0,False,1f58d07,scikit-learn=1.9.1;imbalanced-learn=0.14.2;xgboost=3.4.1;lightgbm=4.7.0;numpy=2.5.3;pandas=3.0.6,2026-09-27T21:09:42Z
cicids2017,network_security,member_1,e3,c2_B_weights,0,1,0,orig,1.0,0.0,0.05,RF,2,1,4027,5000,5000,250,10,0.05,1.0,0.5,"{""clf__base__max_depth"": null, ""clf__base__max_features"": ""log2"", ""clf__base__min_samples_leaf"": 1, ""clf__base__n_estimators"": 200}",0.995,0.9822105263157894,0.9343629343629344,0.968,0.950884086444008,0.9983125922801096,0.996421052631579,0.9973659256137394,0.9741250060288736,0.9484154749732824,0.9992724210526316,0.9794485578033496,0.9821077226798334,1.0359999999999998,36.36,False,1f58d07,scikit-learn=1.9.1;imbalanced-learn=0.14.2;xgboost=3.4.1;lightgbm=4.7.0;numpy=2.5.3;pandas=3.0.6,2026-09-27T21:10:18Z
cicids2017,network_security,member_1,e3,c2_B_weights,0,1,0,orig,1.0,0.0,0.05,RF,3,0,5026,5000,5000,250,10,0.05,1.0,0.5,"{""clf__base__max_depth"": 16, ""clf__base__max_features"": ""sqrt"", ""clf__base__min_samples_leaf"": 2, ""clf__base__n_estimators"": 200}",0.9942,0.993157894736842,0.901818181818182,0.992,0.9447619047619048,0.9995767195767196,0.9943157894736844,0.9969393139841688,0.9708506093730368,0.9428997952045944,0.9995010526315788,0.9874462326391537,0.9931572197582288,1.1,39.81,False,1f58d07,scikit-learn=1.9.1;imbalanced-learn=0.14.2;xgboost=3.4.1;lightgbm=4.7.0;numpy=2.5.3;pandas=3.0.6,2026-09-27T21:10:58Z
cicids2017,network_security,member_1,e3,c2_B_weights,0,1,0,orig,1.0,0.0,0.05,RF,3,1,5027,5000,5000,250,10,0.05,1.0,0.5,"{""clf__base__max_depth"": null, ""clf__base__max_features"": ""sqrt"", ""clf__base__min_samples_leaf"": 1, ""clf__base__n_estimators"": 400}",0.996,0.9922105263157894,0.9356060606060606,0.988,0.9610894941634242,0.999366554054054,0.996421052631579,0.9978916297701876,0.979490561966806,0.9593783015606564,0.999568,0.9841822654166992,0.992201592419605,1.0559999999999998,54.33,False,1f58d07,scikit-learn=1.9.1;imbalanced-learn=0.14.2;xgboost=3.4.1;lightgbm=4.7.0;numpy=2.5.3;pandas=3.0.6,2026-09-27T21:11:53Z
cicids2017,network_security,member_1,e3,c2_B_weights,0,1,0,orig,1.0,0.0,0.05,RF,4,0,6026,5000,5000,250,10,0.05,1.0,0.5,"{""clf__base__max_depth"": 16, ""clf__base__max_features"": ""sqrt"", ""clf__base__min_samples_leaf"": 2, ""clf__base__n_estimators"": 400}",0.9962,0.9961052631578948,0.9325842696629212,0.996,0.9632495164410058,0.999788717515318,0.9962105263157894,0.9979964146367184,0.980622965538862,0.9618265396269464,0.999525894736842,0.9872165046653882,0.9961052575960666,1.068,49.56,False,1f58d07,scikit-learn=1.9.1;imbalanced-learn=0.14.2;xgboost=3.4.1;lightgbm=4.7.0;numpy=2.5.3;pandas=3.0.6,2026-09-27T21:12:43Z
cicids2017,network_security,member_1,e3,c2_B_weights,0,1,0,orig,1.0,0.0,0.05,RF,4,1,6027,5000,5000,250,10,0.05,1.0,0.5,"{""clf__base__max_depth"": null, ""clf__base__max_features"": ""sqrt"", ""clf__base__min_samples_leaf"": 1, ""clf__base__n_estimators"": 200}",0.9966,0.9963157894736844,0.939622641509434,0.996,0.966990291262136,0.9997888067581836,0.9966315789473684,0.998207696362678,0.9825989938124068,0.9656549431215684,0.999728,0.9913514588041776,0.9963157394278076,1.0599999999999998,35.45,False,1f58d07,scikit-learn=1.9.1;imbalanced-learn=0.14.2;xgboost=3.4.1;lightgbm=4.7.0;numpy=2.5.3;pandas=3.0.6,2026-09-27T21:13:18Z
cicids2017,network_security,member_1,e3,c2_B_weights,0,1,0,orig,1.0,0.0,0.05,XGB,0,0,2026,5000,5000,250,10,0.05,1.0,0.5,"{""clf__base__colsample_bytree"": 0.6299297262516527, ""clf__base__learning_rate"": 0.24209961404115907, ""clf__base__max_depth"": 3, ""clf__base__min_child_weight"": 1, ""clf__base__n_estimators"": 400, ""clf__base__reg_lambda"": 0.013825769701893902, ""clf__base__subsample"": 0.7881804586451416}",0.9984,0.9934736842105264,0.98015873015873,0.988,0.9840637450199204,0.9993681550126368,0.9989473684210526,0.9991577174141923,0.9916107312170565,0.9832301264798344,0.9997111578947367,0.993606417710611,0.9934586050762256,1.008,23.63,False,1f58d07,scikit-learn=1.9.1;imbalanced-learn=0.14.2;xgboost=3.4.1;lightgbm=4.7.0;numpy=2.5.3;pandas=3.0.6,2026-09-27T21:13:42Z
cicids2017,network_security,member_1,e3,c2_B_weights,0,1,0,orig,1.0,0.0,0.05,XGB,0,1,2027,5000,5000,250,10,0.05,1.0,0.5,"{""clf__base__colsample_bytree"": 0.9206269033670733, ""clf__base__learning_rate"": 0.21639357680112015, ""clf__base__max_depth"": 3, ""clf__base__min_child_weight"": 1, ""clf__base__n_estimators"": 200, ""clf__base__reg_lambda"": 0.39950328397895196, ""clf__base__subsample"": 0.643985800858856}",0.9984,0.999157894736842,0.9689922480620154,1.0,0.984251968503937,1.0,0.9983157894736842,0.999157184997893,0.991704576750915,0.983544742814434,0.9998618947368422,0.9968779432541032,0.9991575398673044,1.032,28.96,False,1f58d07,scikit-learn=1.9.1;imbalanced-learn=0.14.2;xgboost=3.4.1;lightgbm=4.7.0;numpy=2.5.3;pandas=3.0.6,2026-09-27T21:14:11Z
cicids2017,network_security,member_1,e3,c2_B_weights,0,1,0,orig,1.0,0.0,0.05,XGB,1,0,3026,5000,5000,250,10,0.05,1.0,0.5,"{""clf__base__colsample_bytree"": 0.9309234777238906, ""clf__base__learning_rate"": 0.04043516810958894, ""clf__base__max_depth"": 6, ""clf__base__min_child_weight"": 1, ""clf__base__n_estimators"": 800, ""clf__base__reg_lambda"": 0.07885568670293347, ""clf__base__subsample"": 0.6164565020946385}",0.998,0.9932631578947368,0.9724409448818898,0.988,0.98015873015873,0.9993678887484198,0.9985263157894736,0.9989469250210616,0.9895528275898958,0.9791399227347308,0.9997385263157896,0.9943954588556037,0.9932492134404134,1.0159999999999998,46.2,False,1f58d07,scikit-learn=1.9.1;imbalanced-learn=0.14.2;xgboost=3.4.1;lightgbm=4.7.0;numpy=2.5.3;pandas=3.0.6,2026-09-27T21:14:57Z
cicids2017,network_security,member_1,e3,c2_B_weights,0,1,0,orig,1.0,0.0,0.05,XGB,1,1,3027,5000,5000,250,10,0.05,1.0,0.5,"{""clf__base__colsample_bytree"": 0.7104807071006849, ""clf__base__learning_rate"": 0.04849185141838699, ""clf__base__max_depth"": 6, ""clf__base__min_child_weight"": 1, ""clf__base__n_estimators"": 800, ""clf__base__reg_lambda"": 0.10018170767019599, ""clf__base__subsample"": 0.8054452821394007}",0.9982,0.9952631578947368,0.9725490196078432,0.992,0.9821782178217822,0.9995785036880928,0.9985263157894736,0.9990521327014218,0.990615175261602,0.9812837989735024,0.9998568421052632,0.9968004156780592,0.9952578084411888,1.0199999999999998,47.89,False,1f58d07,scikit-learn=1.9.1;imbalanced-learn=0.14.2;xgboost=3.4.1;lightgbm=4.7.0;numpy=2.5.3;pandas=3.0.6,2026-09-27T21:15:45Z
cicids2017,network_security,member_1,e3,c2_B_weights,0,1,0,orig,1.0,0.0,0.05,XGB,2,0,4026,5000,5000,250,10,0.05,1.0,0.5,"{""clf__base__colsample_bytree"": 0.6565518320781988, ""clf__base__learning_rate"": 0.15688469024582752, ""clf__base__max_depth"": 6, ""clf__base__min_child_weight"": 3, ""clf__base__n_estimators"": 400, ""clf__base__reg_lambda"": 0.12145822228788311, ""clf__base__subsample"": 0.9124440815566071}",0.998,0.9970526315789474,0.9651162790697676,0.996,0.9803149606299212,0.9997891185153944,0.9981052631578948,0.9989464812473662,0.9896307209386436,0.9793965153036182,0.999739789473684,0.992874561167383,0.997052075924454,1.032,37.99,False,1f58d07,scikit-learn=1.9.1;imbalanced-learn=0.14.2;xgboost=3.4.1;lightgbm=4.7.0;numpy=2.5.3;pandas=3.0.6,2026-09-27T21:16:24Z
cicids2017,network_security,member_1,e3,c2_B_weights,0,1,0,orig,1.0,0.0,0.05,XGB,2,1,4027,5000,5000,250,10,0.05,1.0,0.5,"{""clf__base__colsample_bytree"": 0.6873560330382258, ""clf__base__learning_rate"": 0.23860761818562579, ""clf__base__max_depth"": 6, ""clf__base__min_child_weight"": 5, ""clf__base__n_estimators"": 800, ""clf__base__reg_lambda"": 0.29013622163961644, ""clf__base__subsample"": 0.6162837093889824}",0.996,0.9865263157894736,0.9457364341085271,0.976,0.9606299212598424,0.998734711092366,0.9970526315789474,0.9978929624947324,0.9792614418772874,0.958655377749539,0.9995313684210528,0.9871826803266626,0.9864701558694275,1.032,44.14,False,1f58d07,scikit-learn=1.9.1;imbalanced-learn=0.14.2;xgboost=3.4.1;lightgbm=4.7.0;numpy=2.5.3;pandas=3.0.6,2026-09-27T21:17:08Z
cicids2017,network_security,member_1,e3,c2_B_weights,0,1,0,orig,1.0,0.0,0.05,XGB,3,0,5026,5000,5000,250,10,0.05,1.0,0.5,"{""clf__base__colsample_bytree"": 0.966186289625362, ""clf__base__learning_rate"": 0.29511899190869545, ""clf__base__max_depth"": 6, ""clf__base__min_child_weight"": 1, ""clf__base__n_estimators"": 200, ""clf__base__reg_lambda"": 1.784943962718507, ""clf__base__subsample"": 0.76926012218394}",0.9988,0.9955789473684212,0.984126984126984,0.992,0.9880478087649402,0.9995787700084248,0.999157894736842,0.9993682880606444,0.9937080484127924,0.9874247942549192,0.9998383157894736,0.9964256526316512,0.9955725144754386,1.008,28.48,False,1f58d07,scikit-learn=1.9.1;imbalanced-learn=0.14.2;xgboost=3.4.1;lightgbm=4.7.0;numpy=2.5.3;pandas=3.0.6,2026-09-27T21:17:36Z
cicids2017,network_security,member_1,e3,c2_B_weights,0,1,0,orig,1.0,0.0,0.05,XGB,3,1,5027,5000,5000,250,10,0.05,1.0,0.5,"{""clf__base__colsample_bytree"": 0.8405279927109883, ""clf__base__learning_rate"": 0.03965143905411441, ""clf__base__max_depth"": 8, ""clf__base__min_child_weight"": 1, ""clf__base__n_estimators"": 400, ""clf__base__reg_lambda"": 0.025783651592417578, ""clf__base__subsample"": 0.6276769187790308}",0.9968,0.988842105263158,0.95703125,0.98,0.9683794466403162,0.998946037099494,0.9976842105263158,0.9983147250895302,0.9833470858649233,0.96676982742479,0.9997305263157894,0.9944671403515444,0.9888025719605452,1.024,31.67,False,1f58d07,scikit-learn=1.9.1;imbalanced-learn=0.14.2;xgboost=3.4.1;lightgbm=4.7.0;numpy=2.5.3;pandas=3.0.6,2026-09-27T21:18:08Z
cicids2017,network_security,member_1,e3,c2_B_weights,0,1,0,orig,1.0,0.0,0.05,XGB,4,0,6026,5000,5000,250,10,0.05,1.0,0.5,"{""clf__base__colsample_bytree"": 0.6019883151666798, ""clf__base__learning_rate"": 0.05495868370296514, ""clf__base__max_depth"": 3, ""clf__base__min_child_weight"": 1, ""clf__base__n_estimators"": 200, ""clf__base__reg_lambda"": 0.012258452796480747, ""clf__base__subsample"": 0.8499805869873966}",0.998,0.995157894736842,0.96875,0.992,0.9802371541501976,0.9995784148397976,0.9983157894736842,0.9989467031809564,0.989591928665577,0.979260393670588,0.9997587368421051,0.9940699108313706,0.9951528843137092,1.024,19.57,False,1f58d07,scikit-learn=1.9.1;imbalanced-learn=0.14.2;xgboost=3.4.1;lightgbm=4.7.0;numpy=2.5.3;pandas=3.0.6,2026-09-27T21:18:28Z
cicids2017,network_security,member_1,e3,c2_B_weights,0,1,0,orig,1.0,0.0,0.05,XGB,4,1,6027,5000,5000,250,10,0.05,1.0,0.5,"{""clf__base__colsample_bytree"": 0.6727525958293022, ""clf__base__learning_rate"": 0.05449538176591959, ""clf__base__max_depth"": 8, ""clf__base__min_child_weight"": 3, ""clf__base__n_estimators"": 200, ""clf__base__reg_lambda"": 0.07688739689012937, ""clf__base__subsample"": 0.7971326949088138}",0.998,0.995157894736842,0.96875,0.992,0.9802371541501976,0.9995784148397976,0.9983157894736842,0.9989467031809564,0.989591928665577,0.979260393670588,0.9998147368421052,0.9956583378726248,0.9951528843137092,1.024,19.94,False,1f58d07,scikit-learn=1.9.1;imbalanced-learn=0.14.2;xgboost=3.4.1;lightgbm=4.7.0;numpy=2.5.3;pandas=3.0.6,2026-09-27T21:18:48Z
cicids2017,network_security,member_1,e3,c4_AB_smotetomek_weights,1,1,0,orig,1.0,1.0,0.05,LR,0,0,2026,5000,5000,250,10,0.5,19.0,0.5,"{""clf__base__C"": 86.64678862932995}",0.9334,0.9573684210526316,0.4278260869565217,0.984,0.5963636363636363,0.99909604519774,0.9307368421052632,0.9637057220708448,0.7800346792172406,0.6249171168976213,0.9685364210526316,0.4515160455689725,0.9569979376318316,2.3,12.84,False,1f58d07,scikit-learn=1.9.1;imbalanced-learn=0.14.2;xgboost=3.4.1;lightgbm=4.7.0;numpy=2.5.3;pandas=3.0.6,2026-09-27T21:19:01Z
cicids2017,network_security,member_1,e3,c4_AB_smotetomek_weights,1,1,0,orig,1.0,1.0,0.05,LR,0,1,2027,5000,5000,250,10,0.5,19.0,0.5,"{""clf__base__C"": 16.993265093194907}",0.9324,0.9606315789473684,0.4246575342465753,0.992,0.5947242206235012,0.9995471014492754,0.9292631578947368,0.9631245908793368,0.7789244057514189,0.6251432653998168,0.972500210526316,0.4703913866175624,0.9601192908339978,2.336,8.71,False,1f58d07,scikit-learn=1.9.1;imbalanced-learn=0.14.2;xgboost=3.4.1;lightgbm=4.7.0;numpy=2.5.3;pandas=3.0.6,2026-09-27T21:19:10Z
cicids2017,network_security,member_1,e3,c4_AB_smotetomek_weights,1,1,0,orig,1.0,1.0,0.05,LR,1,0,3026,5000,5000,250,10,0.5,19.0,0.5,"{""clf__base__C"": 15.380143979192482}",0.931,0.9636842105263158,0.4201680672268907,1.0,0.591715976331361,1.0,0.9273684210526316,0.9623156744948116,0.7770158254130863,0.6242199909334349,0.9736985263157896,0.4821957666926535,0.962999699404227,2.38,10.09,False,1f58d07,scikit-learn=1.9.1;imbalanced-learn=0.14.2;xgboost=3.4.1;lightgbm=4.7.0;numpy=2.5.3;pandas=3.0.6,2026-09-27T21:19:20Z
cicids2017,network_security,member_1,e3,c4_AB_smotetomek_weights,1,1,0,orig,1.0,1.0,0.05,LR,1,1,3027,5000,5000,250,10,0.5,19.0,0.5,"{""clf__base__C"": 4.686201792798966}",0.9298,0.9573684210526316,0.4151260504201681,0.988,0.5846153846153846,0.9993189557321226,0.9267368421052632,0.9616602949208084,0.7731378397680965,0.6157175619990408,0.9700058947368422,0.4387057300485055,0.956878257669177,2.38,11.01,False,1f58d07,scikit-learn=1.9.1;imbalanced-learn=0.14.2;xgboost=3.4.1;lightgbm=4.7.0;numpy=2.5.3;pandas=3.0.6,2026-09-27T21:19:31Z
cicids2017,network_security,member_1,e3,c4_AB_smotetomek_weights,1,1,0,orig,1.0,1.0,0.05,LR,2,0,4026,5000,5000,250,10,0.5,19.0,0.5,"{""clf__base__C"": 11.333229684537264}",0.9234,0.9596842105263158,0.3949447077409163,1.0,0.5662514156285391,1.0,0.9193684210526316,0.957990567072502,0.7621209913505205,0.6025775405363688,0.970133894736842,0.4436285093145444,0.9588370148532188,2.532,10.65,False,1f58d07,scikit-learn=1.9.1;imbalanced-learn=0.14.2;xgboost=3.4.1;lightgbm=4.7.0;numpy=2.5.3;pandas=3.0.6,2026-09-27T21:19:42Z
cicids2017,network_security,member_1,e3,c4_AB_smotetomek_weights,1,1,0,orig,1.0,1.0,0.05,LR,2,1,4027,5000,5000,250,10,0.5,19.0,0.5,"{""clf__base__C"": 80.93579062656904}",0.9388,0.9545263157894736,0.4483394833948339,0.972,0.6136363636363636,0.9984297891431136,0.9370526315789474,0.9667680278019114,0.7902021957191375,0.6372886182172353,0.9654816842105264,0.5476291714053801,0.954366364607815,2.168,7.27,False,1f58d07,scikit-learn=1.9.1;imbalanced-learn=0.14.2;xgboost=3.4.1;lightgbm=4.7.0;numpy=2.5.3;pandas=3.0.6,2026-09-27T21:19:49Z
cicids2017,network_security,member_1,e3,c4_AB_smotetomek_weights,1,1,0,orig,1.0,1.0,0.05,LR,3,0,5026,5000,5000,250,10,0.5,19.0,0.5,"{""clf__base__C"": 68.96511808116286}",0.9262,0.9592631578947368,0.4035656401944895,0.996,0.5743944636678201,0.999771845767739,0.9225263157894736,0.9595970655863352,0.7669957646270777,0.6086674748996156,0.97408,0.4741730728638455,0.9585594454838552,2.468,10.22,False,1f58d07,scikit-learn=1.9.1;imbalanced-learn=0.14.2;xgboost=3.4.1;lightgbm=4.7.0;numpy=2.5.3;pandas=3.0.6,2026-09-27T21:19:59Z
cicids2017,network_security,member_1,e3,c4_AB_smotetomek_weights,1,1,0,orig,1.0,1.0,0.05,LR,3,1,5027,5000,5000,250,10,0.5,19.0,0.5,"{""clf__base__C"": 12.776241362116359}",0.9336,0.9612631578947368,0.4290657439446367,0.992,0.5990338164251208,0.9995477159656264,0.9305263157894736,0.963802878325338,0.7814183473752294,0.6288141188529359,0.9710357894736842,0.4514584188597962,0.9607716197219596,2.312,10.19,False,1f58d07,scikit-learn=1.9.1;imbalanced-learn=0.14.2;xgboost=3.4.1;lightgbm=4.7.0;numpy=2.5.3;pandas=3.0.6,2026-09-27T21:20:10Z
cicids2017,network_security,member_1,e3,c4_AB_smotetomek_weights,1,1,0,orig,1.0,1.0,0.05,LR,4,0,6026,5000,5000,250,10,0.5,19.0,0.5,"{""clf__base__C"": 21.899056071125766}",0.9332,0.9610526315789474,0.4275862068965517,0.992,0.5975903614457831,0.9995475113122172,0.9301052631578948,0.9635768811341332,0.7805836212899582,0.627584456175029,0.975323789473684,0.4992122783231759,0.9605542259823916,2.32,9.38,False,1f58d07,scikit-learn=1.9.1;imbalanced-learn=0.14.2;xgboost=3.4.1;lightgbm=4.7.0;numpy=2.5.3;pandas=3.0.6,2026-09-27T21:20:19Z
cicids2017,network_security,member_1,e3,c4_AB_smotetomek_weights,1,1,0,orig,1.0,1.0,0.05,LR,4,1,6027,5000,5000,250,10,0.5,19.0,0.5,"{""clf__base__C"": 89.78839453758782}",0.9302,0.9632631578947368,0.4173622704507512,1.0,0.5889281507656066,1.0,0.9265263157894736,0.9618620915746912,0.7753951211701489,0.6218497622338248,0.9695621052631578,0.4319149739725952,0.9625623698179114,2.396,11.2,False,1f58d07,scikit-learn=1.9.1;imbalanced-learn=0.14.2;xgboost=3.4.1;lightgbm=4.7.0;numpy=2.5.3;pandas=3.0.6,2026-09-27T21:20:31Z
cicids2017,network_security,member_1,e3,c4_AB_smotetomek_weights,1,1,0,orig,1.0,1.0,0.05,RF,0,0,2026,5000,5000,250,10,0.5,19.0,0.5,"{""clf__base__max_depth"": 16, ""clf__base__max_features"": ""sqrt"", ""clf__base__min_samples_leaf"": 1, ""clf__base__n_estimators"": 400}",0.9922,0.9921052631578948,0.8701754385964913,0.992,0.9271028037383178,0.999575821845175,0.9922105263157894,0.9958795562599048,0.9614911799991112,0.9252125949224392,0.9993393684210526,0.98225157899528,0.9921052575736424,1.14,105.03,False,1f58d07,scikit-learn=1.9.1;imbalanced-learn=0.14.2;xgboost=3.4.1;lightgbm=4.7.0;numpy=2.5.3;pandas=3.0.6,2026-09-27T21:22:16Z
cicids2017,network_security,member_1,e3,c4_AB_smotetomek_weights,1,1,0,orig,1.0,1.0,0.05,RF,0,1,2027,5000,5000,250,10,0.5,19.0,0.5,"{""clf__base__max_depth"": 16, ""clf__base__max_features"": ""sqrt"", ""clf__base__min_samples_leaf"": 2, ""clf__base__n_estimators"": 200}",0.987,0.993157894736842,0.7936507936507936,1.0,0.8849557522123894,1.0,0.9863157894736844,0.9931107578166402,0.9390332550145148,0.8847543778394649,0.9996652631578948,0.9900700615523416,0.993134325997085,1.26,87.1,False,1f58d07,scikit-learn=1.9.1;imbalanced-learn=0.14.2;xgboost=3.4.1;lightgbm=4.7.0;numpy=2.5.3;pandas=3.0.6,2026-09-27T21:23:43Z
cicids2017,network_security,member_1,e3,c4_AB_smotetomek_weights,1,1,0,orig,1.0,1.0,0.05,RF,1,0,3026,5000,5000,250,10,0.5,19.0,0.5,"{""clf__base__max_depth"": null, ""clf__base__max_features"": ""log2"", ""clf__base__min_samples_leaf"": 1, ""clf__base__n_estimators"": 400}",0.991,0.9933684210526316,0.8498293515358362,0.996,0.9171270718232044,0.9997875504567664,0.9907368421052632,0.9952416199640478,0.956184345893626,0.9156136187669108,0.9993642105263156,0.9800850577741658,0.9933649353268124,1.172,111.8,False,1f58d07,scikit-learn=1.9.1;imbalanced-learn=0.14.2;xgboost=3.4.1;lightgbm=4.7.0;numpy=2.5.3;pandas=3.0.6,2026-09-27T21:25:35Z
cicids2017,network_security,member_1,e3,c4_AB_smotetomek_weights,1,1,0,orig,1.0,1.0,0.05,RF,1,1,3027,5000,5000,250,10,0.5,19.0,0.5,"{""clf__base__max_depth"": null, ""clf__base__max_features"": ""log2"", ""clf__base__min_samples_leaf"": 1, ""clf__base__n_estimators"": 200}",0.9904,0.9930526315789474,0.8412162162162162,0.996,0.912087912087912,0.9997874149659864,0.9901052631578948,0.9949227840067696,0.9535053480473408,0.9106690436397136,0.9997263157894736,0.9937286918918388,0.9930482576920736,1.184,90.75,False,1f58d07,scikit-learn=1.9.1;imbalanced-learn=0.14.2;xgboost=3.4.1;lightgbm=4.7.0;numpy=2.5.3;pandas=3.0.6,2026-09-27T21:27:06Z
cicids2017,network_security,member_1,e3,c4_AB_smotetomek_weights,1,1,0,orig,1.0,1.0,0.05,RF,2,0,4026,5000,5000,250,10,0.5,19.0,0.5,"{""clf__base__max_depth"": null, ""clf__base__max_features"": ""sqrt"", ""clf__base__min_samples_leaf"": 1, ""clf__base__n_estimators"": 200}",0.9938,0.9967368421052633,0.8896797153024911,1.0,0.9416195856873822,1.0,0.9934736842105264,0.9967261590453056,0.969172872366344,0.940145406056392,0.9995957894736842,0.9859628147258208,0.9967315005609716,1.124,74.76,False,1f58d07,scikit-learn=1.9.1;imbalanced-learn=0.14.2;xgboost=3.4.1;lightgbm=4.7.0;numpy=2.5.3;pandas=3.0.6,2026-09-27T21:28:21Z
cicids2017,network_security,member_1,e3,c4_AB_smotetomek_weights,1,1,0,orig,1.0,1.0,0.05,RF,2,1,4027,5000,5000,250,10,0.5,19.0,0.5,"{""clf__base__max_depth"": 16, ""clf__base__max_features"": ""log2"", ""clf__base__min_samples_leaf"": 1, ""clf__base__n_estimators"": 400}",0.988,0.9823157894736844,0.8187919463087249,0.976,0.8905109489051095,0.9987239472564866,0.9886315789473684,0.9936521371138384,0.942081543009474,0.8880324584295208,0.9992564210526316,0.9834622320574444,0.9822954856114484,1.192,87.01,False,1f58d07,scikit-learn=1.9.1;imbalanced-learn=0.14.2;xgboost=3.4.1;lightgbm=4.7.0;numpy=2.5.3;pandas=3.0.6,2026-09-27T21:29:48Z
cicids2017,network_security,member_1,e3,c4_AB_smotetomek_weights,1,1,0,orig,1.0,1.0,0.05,RF,3,0,5026,5000,5000,250,10,0.5,19.0,0.5,"{""clf__base__max_depth"": 16, ""clf__base__max_features"": ""sqrt"", ""clf__base__min_samples_leaf"": 2, ""clf__base__n_estimators"": 400}",0.988,0.9917894736842106,0.8084415584415584,0.996,0.8924731182795699,0.9997868712702472,0.987578947368421,0.9936454141071808,0.9430592661933752,0.891603313211189,0.999504,0.9878269719287406,0.9917805359952108,1.232,86.85,False,1f58d07,scikit-learn=1.9.1;imbalanced-learn=0.14.2;xgboost=3.4.1;lightgbm=4.7.0;numpy=2.5.3;pandas=3.0.6,2026-09-27T21:31:20Z
cicids2017,network_security,member_1,e3,c4_AB_smotetomek_weights,1,1,0,orig,1.0,1.0,0.05,RF,3,1,5027,5000,5000,250,10,0.5,19.0,0.5,"{""clf__base__max_depth"": null, ""clf__base__max_features"": ""sqrt"", ""clf__base__min_samples_leaf"": 1, ""clf__base__n_estimators"": 200}",0.991,0.9895789473684212,0.8546712802768166,0.988,0.9165120593692022,0.9993631925281256,0.991157894736842,0.9952436317514004,0.9558778455603014,0.9144586357098806,0.9994690526315788,0.985756259406383,0.989577687703194,1.156,100.84,False,1f58d07,scikit-learn=1.9.1;imbalanced-learn=0.14.2;xgboost=3.4.1;lightgbm=4.7.0;numpy=2.5.3;pandas=3.0.6,2026-09-27T21:33:01Z
cicids2017,network_security,member_1,e3,c4_AB_smotetomek_weights,1,1,0,orig,1.0,1.0,0.05,RF,4,0,6026,5000,5000,250,10,0.5,19.0,0.5,"{""clf__base__max_depth"": 16, ""clf__base__max_features"": ""sqrt"", ""clf__base__min_samples_leaf"": 2, ""clf__base__n_estimators"": 400}",0.9894,0.9944210526315788,0.8250825082508251,1.0,0.9041591320072332,1.0,0.988842105263158,0.9943897533608552,0.9492744426840444,0.9032587251029202,0.9994808421052632,0.9862438922626602,0.9944054028730728,1.212,63.51,False,1f58d07,scikit-learn=1.9.1;imbalanced-learn=0.14.2;xgboost=3.4.1;lightgbm=4.7.0;numpy=2.5.3;pandas=3.0.6,2026-09-27T21:34:05Z
cicids2017,network_security,member_1,e3,c4_AB_smotetomek_weights,1,1,0,orig,1.0,1.0,0.05,RF,4,1,6027,5000,5000,250,10,0.5,19.0,0.5,"{""clf__base__max_depth"": null, ""clf__base__max_features"": ""sqrt"", ""clf__base__min_samples_leaf"": 1, ""clf__base__n_estimators"": 200}",0.9916,0.9936842105263156,0.8586206896551725,0.996,0.9222222222222224,0.9997876857749468,0.9913684210526316,0.9955602536997886,0.9588912379610056,0.9206331094778156,0.9996631578947368,0.990351610937321,0.9936815120391548,1.16,41.71,False,1f58d07,scikit-learn=1.9.1;imbalanced-learn=0.14.2;xgboost=3.4.1;lightgbm=4.7.0;numpy=2.5.3;pandas=3.0.6,2026-09-27T21:34:47Z
cicids2017,network_security,member_1,e3,c4_AB_smotetomek_weights,1,1,0,orig,1.0,1.0,0.05,XGB,0,0,2026,5000,5000,250,10,0.5,19.0,0.5,"{""clf__base__colsample_bytree"": 0.6299297262516527, ""clf__base__learning_rate"": 0.24209961404115907, ""clf__base__max_depth"": 3, ""clf__base__min_child_weight"": 1, ""clf__base__n_estimators"": 400, ""clf__base__reg_lambda"": 0.013825769701893902, ""clf__base__subsample"": 0.7881804586451416}",0.9944,0.995157894736842,0.9021739130434784,0.996,0.946768060836502,0.9997883149872988,0.9943157894736844,0.9970445429596791,0.9719063018980904,0.9451071028871502,0.9996109473684212,0.9895534459547528,0.9951575384409193,1.104,34.33,False,1f58d07,scikit-learn=1.9.1;imbalanced-learn=0.14.2;xgboost=3.4.1;lightgbm=4.7.0;numpy=2.5.3;pandas=3.0.6,2026-09-27T21:35:21Z
cicids2017,network_security,member_1,e3,c4_AB_smotetomek_weights,1,1,0,orig,1.0,1.0,0.05,XGB,0,1,2027,5000,5000,250,10,0.5,19.0,0.5,"{""clf__base__colsample_bytree"": 0.9206269033670733, ""clf__base__learning_rate"": 0.21639357680112015, ""clf__base__max_depth"": 3, ""clf__base__min_child_weight"": 1, ""clf__base__n_estimators"": 200, ""clf__base__reg_lambda"": 0.39950328397895196, ""clf__base__subsample"": 0.643985800858856}",0.9952,0.9974736842105264,0.9124087591240876,1.0,0.9541984732824428,1.0,0.9949473684210526,0.9974672857745884,0.9758328795285156,0.9527847048598276,0.9997713684210526,0.9935547773362144,0.9974704849874269,1.096,53.45,False,1f58d07,scikit-learn=1.9.1;imbalanced-learn=0.14.2;xgboost=3.4.1;lightgbm=4.7.0;numpy=2.5.3;pandas=3.0.6,2026-09-27T21:36:15Z
cicids2017,network_security,member_1,e3,c4_AB_smotetomek_weights,1,1,0,orig,1.0,1.0,0.05,XGB,1,0,3026,5000,5000,250,10,0.5,19.0,0.5,"{""clf__base__colsample_bytree"": 0.6427066924659094, ""clf__base__learning_rate"": 0.14362393914105898, ""clf__base__max_depth"": 6, ""clf__base__min_child_weight"": 1, ""clf__base__n_estimators"": 400, ""clf__base__reg_lambda"": 0.614643025252804, ""clf__base__subsample"": 0.9355678497997515}",0.9948,0.9934736842105264,0.9117647058823528,0.992,0.950191570881226,0.9995769881556684,0.9949473684210526,0.9972568052331716,0.9737241880571988,0.9483914205976396,0.9995941052631578,0.9909010464135998,0.9934725912040472,1.088,57.37,False,1f58d07,scikit-learn=1.9.1;imbalanced-learn=0.14.2;xgboost=3.4.1;lightgbm=4.7.0;numpy=2.5.3;pandas=3.0.6,2026-09-27T21:37:12Z
cicids2017,network_security,member_1,e3,c4_AB_smotetomek_weights,1,1,0,orig,1.0,1.0,0.05,XGB,1,1,3027,5000,5000,250,10,0.5,19.0,0.5,"{""clf__base__colsample_bytree"": 0.8513470081401819, ""clf__base__learning_rate"": 0.25382642172504044, ""clf__base__max_depth"": 4, ""clf__base__min_child_weight"": 1, ""clf__base__n_estimators"": 200, ""clf__base__reg_lambda"": 0.012756619257647156, ""clf__base__subsample"": 0.9023643959650978}",0.9954,0.9956842105263156,0.918819188191882,0.996,0.9558541266794626,0.9997885388031296,0.9953684210526316,0.997573583711362,0.9767138551954122,0.9542948663163768,0.9998084210526316,0.9955502131270616,0.9956841604486942,1.084,64.76,False,1f58d07,scikit-learn=1.9.1;imbalanced-learn=0.14.2;xgboost=3.4.1;lightgbm=4.7.0;numpy=2.5.3;pandas=3.0.6,2026-09-27T21:38:17Z
cicids2017,network_security,member_1,e3,c4_AB_smotetomek_weights,1,1,0,orig,1.0,1.0,0.05,XGB,2,0,4026,5000,5000,250,10,0.5,19.0,0.5,"{""clf__base__colsample_bytree"": 0.659630670299126, ""clf__base__learning_rate"": 0.03834557874295529, ""clf__base__max_depth"": 4, ""clf__base__min_child_weight"": 1, ""clf__base__n_estimators"": 800, ""clf__base__reg_lambda"": 0.0752355555373566, ""clf__base__subsample"": 0.6669423150701586}",0.994,0.996842105263158,0.8928571428571429,1.0,0.9433962264150944,1.0,0.9936842105263158,0.996832101372756,0.9701141638939252,0.9419225260671824,0.9997103157894736,0.9927283296688794,0.9968371033054076,1.12,60.3,False,1f58d07,scikit-learn=1.9.1;imbalanced-learn=0.14.2;xgboost=3.4.1;lightgbm=4.7.0;numpy=2.5.3;pandas=3.0.6,2026-09-27T21:39:18Z
cicids2017,network_security,member_1,e3,c4_AB_smotetomek_weights,1,1,0,orig,1.0,1.0,0.05,XGB,2,1,4027,5000,5000,250,10,0.5,19.0,0.5,"{""clf__base__colsample_bytree"": 0.7962534959268627, ""clf__base__learning_rate"": 0.14932277327771687, ""clf__base__max_depth"": 3, ""clf__base__min_child_weight"": 1, ""clf__base__n_estimators"": 200, ""clf__base__reg_lambda"": 0.019567811559382847, ""clf__base__subsample"": 0.9688357828106124}",0.9954,0.9956842105263156,0.918819188191882,0.996,0.9558541266794626,0.9997885388031296,0.9953684210526316,0.997573583711362,0.9767138551954122,0.9542948663163768,0.9996543157894736,0.99179963585609,0.9956841604486942,1.084,75.45,False,1f58d07,scikit-learn=1.9.1;imbalanced-learn=0.14.2;xgboost=3.4.1;lightgbm=4.7.0;numpy=2.5.3;pandas=3.0.6,2026-09-27T21:40:33Z
cicids2017,network_security,member_1,e3,c4_AB_smotetomek_weights,1,1,0,orig,1.0,1.0,0.05,XGB,3,0,5026,5000,5000,250,10,0.5,19.0,0.5,"{""clf__base__colsample_bytree"": 0.966186289625362, ""clf__base__learning_rate"": 0.29511899190869545, ""clf__base__max_depth"": 6, ""clf__base__min_child_weight"": 1, ""clf__base__n_estimators"": 200, ""clf__base__reg_lambda"": 1.784943962718507, ""clf__base__subsample"": 0.76926012218394}",0.9954,0.9975789473684212,0.9157509157509156,1.0,0.9560229445506692,1.0,0.995157894736842,0.9975730716471456,0.9767980080989074,0.9546291182558894,0.9998265263157894,0.9962405136200532,0.9975760095034574,1.092,50.41,False,1f58d07,scikit-learn=1.9.1;imbalanced-learn=0.14.2;xgboost=3.4.1;lightgbm=4.7.0;numpy=2.5.3;pandas=3.0.6,2026-09-27T21:41:24Z
cicids2017,network_security,member_1,e3,c4_AB_smotetomek_weights,1,1,0,orig,1.0,1.0,0.05,XGB,3,1,5027,5000,5000,250,10,0.5,19.0,0.5,"{""clf__base__colsample_bytree"": 0.8618637240825485, ""clf__base__learning_rate"": 0.24920359397357883, ""clf__base__max_depth"": 6, ""clf__base__min_child_weight"": 1, ""clf__base__n_estimators"": 800, ""clf__base__reg_lambda"": 0.2723466933997092, ""clf__base__subsample"": 0.7486647947789067}",0.9934,0.9946315789473684,0.8861209964412812,0.996,0.9378531073446328,0.9997880906971816,0.9932631578947368,0.9965149434998416,0.9671840254222372,0.9361608949054854,0.999613052631579,0.9909116254552344,0.9946306376053162,1.124,65.99,False,1f58d07,scikit-learn=1.9.1;imbalanced-learn=0.14.2;xgboost=3.4.1;lightgbm=4.7.0;numpy=2.5.3;pandas=3.0.6,2026-09-27T21:42:30Z
cicids2017,network_security,member_1,e3,c4_AB_smotetomek_weights,1,1,0,orig,1.0,1.0,0.05,XGB,4,0,6026,5000,5000,250,10,0.5,19.0,0.5,"{""clf__base__colsample_bytree"": 0.8054931707609041, ""clf__base__learning_rate"": 0.0741136801321364, ""clf__base__max_depth"": 3, ""clf__base__min_child_weight"": 1, ""clf__base__n_estimators"": 200, ""clf__base__reg_lambda"": 0.6105355904706413, ""clf__base__subsample"": 0.8743098875360427}",0.9938,0.9967368421052633,0.8896797153024911,1.0,0.9416195856873822,1.0,0.9934736842105264,0.9967261590453056,0.969172872366344,0.940145406056392,0.9997515789473684,0.9943771757708844,0.9967315005609716,1.124,39.83,False,1f58d07,scikit-learn=1.9.1;imbalanced-learn=0.14.2;xgboost=3.4.1;lightgbm=4.7.0;numpy=2.5.3;pandas=3.0.6,2026-09-27T21:43:10Z
cicids2017,network_security,member_1,e3,c4_AB_smotetomek_weights,1,1,0,orig,1.0,1.0,0.05,XGB,4,1,6027,5000,5000,250,10,0.5,19.0,0.5,"{""clf__base__colsample_bytree"": 0.7400831131827571, ""clf__base__learning_rate"": 0.021664971667522914, ""clf__base__max_depth"": 8, ""clf__base__min_child_weight"": 1, ""clf__base__n_estimators"": 400, ""clf__base__reg_lambda"": 0.0421316488972222, ""clf__base__subsample"": 0.6098935341153626}",0.9922,0.9958947368421052,0.8650519031141869,1.0,0.927643784786642,1.0,0.9917894736842106,0.9958778141845472,0.9617607994855946,0.9262555650030632,0.9997654736842104,0.99455706352814,0.9958862754773812,1.156,59.0,False,1f58d07,scikit-learn=1.9.1;imbalanced-learn=0.14.2;xgboost=3.4.1;lightgbm=4.7.0;numpy=2.5.3;pandas=3.0.6,2026-09-27T21:44:09Z
cicids2017,network_security,member_1,e3,c8_A_Brecalc,1,1,0,recalc,1.0,1.0,0.05,LR,0,0,2026,5000,5000,250,0,0.5,1.0,0.5,"{""clf__base__C"": 86.64678862932995}",0.9458,0.9563157894736842,0.4792079207920792,0.968,0.6410596026490066,0.9982202447163516,0.9446315789473684,0.970686857760952,0.8058732302049793,0.6600878884829691,0.9811957894736842,0.685239632043114,0.9562444083083844,2.02,6.01,False,1f58d07,scikit-learn=1.9.1;imbalanced-learn=0.14.2;xgboost=3.4.1;lightgbm=4.7.0;numpy=2.5.3;pandas=3.0.6,2026-09-27T21:44:15Z
cicids2017,network_security,member_1,e3,c8_A_Brecalc,1,1,0,recalc,1.0,1.0,0.05,LR,0,1,2027,5000,5000,250,0,0.5,1.0,0.5,"{""clf__base__C"": 33.09421283700199}",0.9432,0.964421052631579,0.4678030303030303,0.988,0.6349614395886889,0.99932915921288,0.940842105263158,0.9692040772066796,0.8020827583976843,0.6587048248997017,0.985389894736842,0.6337380817072881,0.9641327709397706,2.112,3.11,False,1f58d07,scikit-learn=1.9.1;imbalanced-learn=0.14.2;xgboost=3.4.1;lightgbm=4.7.0;numpy=2.5.3;pandas=3.0.6,2026-09-27T21:44:19Z
cicids2017,network_security,member_1,e3,c8_A_Brecalc,1,1,0,recalc,1.0,1.0,0.05,LR,1,0,3026,5000,5000,250,0,0.5,1.0,0.5,"{""clf__base__C"": 95.41248660376695}",0.945,0.9672631578947368,0.4760076775431862,0.992,0.6433203631647212,0.9995534717570886,0.9425263157894735,0.9702026221692492,0.8067614926669852,0.6666516397551225,0.9872989473684208,0.6906510880903464,0.966946795466616,2.084,3.24,False,1f58d07,scikit-learn=1.9.1;imbalanced-learn=0.14.2;xgboost=3.4.1;lightgbm=4.7.0;numpy=2.5.3;pandas=3.0.6,2026-09-27T21:44:22Z
cicids2017,network_security,member_1,e3,c8_A_Brecalc,1,1,0,recalc,1.0,1.0,0.05,LR,1,1,3027,5000,5000,250,0,0.5,1.0,0.5,"{""clf__base__C"": 4.686201792798966}",0.9398,0.9607368421052632,0.4530386740331492,0.984,0.6204287515762925,0.9991025353376712,0.9374736842105263,0.9673074834365156,0.7938681175064042,0.6454736446845314,0.9784926315789474,0.581590232005175,0.9604551552587752,2.172,3.09,False,1f58d07,scikit-learn=1.9.1;imbalanced-learn=0.14.2;xgboost=3.4.1;lightgbm=4.7.0;numpy=2.5.3;pandas=3.0.6,2026-09-27T21:44:25Z
cicids2017,network_security,member_1,e3,c8_A_Brecalc,1,1,0,recalc,1.0,1.0,0.05,LR,2,0,4026,5000,5000,250,0,0.5,1.0,0.5,"{""clf__base__C"": 2.963965176880303}",0.9372,0.9669473684210526,0.4432624113475177,1.0,0.6142506142506142,1.0,0.9338947368421052,0.9658175484432832,0.7900340813469487,0.6433975699343192,0.9787730526315788,0.5961307659293771,0.9663822933198358,2.256,6.08,False,1f58d07,scikit-learn=1.9.1;imbalanced-learn=0.14.2;xgboost=3.4.1;lightgbm=4.7.0;numpy=2.5.3;pandas=3.0.6,2026-09-27T21:44:31Z
cicids2017,network_security,member_1,e3,c8_A_Brecalc,1,1,0,recalc,1.0,1.0,0.05,LR,2,1,4027,5000,5000,250,0,0.5,1.0,0.5,"{""clf__base__C"": 80.93579062656904}",0.9614,0.9626315789473684,0.5670588235294117,0.964,0.7140740740740741,0.998032786885246,0.9612631578947368,0.9793029490616622,0.8466885115678682,0.7230895158637611,0.9755882105263156,0.6410132783143543,0.962630606312996,1.7,7.73,False,1f58d07,scikit-learn=1.9.1;imbalanced-learn=0.14.2;xgboost=3.4.1;lightgbm=4.7.0;numpy=2.5.3;pandas=3.0.6,2026-09-27T21:44:39Z
cicids2017,network_security,member_1,e3,c8_A_Brecalc,1,1,0,recalc,1.0,1.0,0.05,LR,3,0,5026,5000,5000,250,0,0.5,1.0,0.5,"{""clf__base__C"": 68.96511808116286}",0.9466,0.9643157894736842,0.4833005893909626,0.984,0.6482213438735178,0.9991093297706524,0.9446315789473684,0.9711070230494536,0.8096641834614857,0.6693138911832944,0.9892833684210528,0.7307069020402942,0.9641148653994556,2.036,8.62,False,1f58d07,scikit-learn=1.9.1;imbalanced-learn=0.14.2;xgboost=3.4.1;lightgbm=4.7.0;numpy=2.5.3;pandas=3.0.6,2026-09-27T21:44:48Z
cicids2017,network_security,member_1,e3,c8_A_Brecalc,1,1,0,recalc,1.0,1.0,0.05,LR,3,1,5027,5000,5000,250,0,0.5,1.0,0.5,"{""clf__base__C"": 1.9642608121932843}",0.9398,0.9626315789473684,0.4532110091743119,0.988,0.6213836477987421,0.9993265993265992,0.9372631578947368,0.9673003802281368,0.7943420140134395,0.6470829751335491,0.9764791578947368,0.5636801204899359,0.962297251372984,2.18,6.92,False,1f58d07,scikit-learn=1.9.1;imbalanced-learn=0.14.2;xgboost=3.4.1;lightgbm=4.7.0;numpy=2.5.3;pandas=3.0.6,2026-09-27T21:44:55Z
cicids2017,network_security,member_1,e3,c8_A_Brecalc,1,1,0,recalc,1.0,1.0,0.05,LR,4,0,6026,5000,5000,250,0,0.5,1.0,0.5,"{""clf__base__C"": 73.66417088381552}",0.9476,0.9629473684210526,0.4880478087649402,0.98,0.651595744680851,0.998888394842152,0.9458947368421052,0.9716695501730104,0.8116326474269306,0.6714548891010345,0.9879002105263158,0.7074374714165584,0.9627963658558664,2.008,8.78,False,1f58d07,scikit-learn=1.9.1;imbalanced-learn=0.14.2;xgboost=3.4.1;lightgbm=4.7.0;numpy=2.5.3;pandas=3.0.6,2026-09-27T21:45:04Z
cicids2017,network_security,member_1,e3,c8_A_Brecalc,1,1,0,recalc,1.0,1.0,0.05,LR,4,1,6027,5000,5000,250,0,0.5,1.0,0.5,"{""clf__base__C"": 89.78839453758782}",0.9464,0.968,0.4824902723735408,0.992,0.6492146596858639,0.9995541685242978,0.944,0.970983109571243,0.8100988846285535,0.6717094585312737,0.9899368421052632,0.7353837153110672,0.9677024336023962,2.056,8.34,False,1f58d07,scikit-learn=1.9.1;imbalanced-learn=0.14.2;xgboost=3.4.1;lightgbm=4.7.0;numpy=2.5.3;pandas=3.0.6,2026-09-27T21:45:12Z
cicids2017,network_security,member_1,e3,c8_A_Brecalc,1,1,0,recalc,1.0,1.0,0.05,RF,0,0,2026,5000,5000,250,0,0.5,1.0,0.5,"{""clf__base__max_depth"": 16, ""clf__base__max_features"": ""sqrt"", ""clf__base__min_samples_leaf"": 1, ""clf__base__n_estimators"": 200}",0.9956,0.9938947368421052,0.9253731343283582,0.992,0.9575289575289576,0.9995773457311918,0.9957894736842106,0.9976798143851509,0.9776043859570542,0.9558537272417684,0.9992517894736842,0.9837278855143738,0.9938929308002632,1.072,12.75,False,1f58d07,scikit-learn=1.9.1;imbalanced-learn=0.14.2;xgboost=3.4.1;lightgbm=4.7.0;numpy=2.5.3;pandas=3.0.6,2026-09-27T21:45:25Z
cicids2017,network_security,member_1,e3,c8_A_Brecalc,1,1,0,recalc,1.0,1.0,0.05,RF,0,1,2027,5000,5000,250,0,0.5,1.0,0.5,"{""clf__base__max_depth"": 16, ""clf__base__max_features"": ""sqrt"", ""clf__base__min_samples_leaf"": 2, ""clf__base__n_estimators"": 200}",0.996,0.9978947368421052,0.925925925925926,1.0,0.9615384615384616,1.0,0.9957894736842106,0.9978902953586498,0.9797143784485556,0.9602225213190654,0.9997343157894736,0.9930254787014856,0.9978925160979064,1.0799999999999998,6.68,False,1f58d07,scikit-learn=1.9.1;imbalanced-learn=0.14.2;xgboost=3.4.1;lightgbm=4.7.0;numpy=2.5.3;pandas=3.0.6,2026-09-27T21:45:32Z
cicids2017,network_security,member_1,e3,c8_A_Brecalc,1,1,0,recalc,1.0,1.0,0.05,RF,1,0,3026,5000,5000,250,0,0.5,1.0,0.5,"{""clf__base__max_depth"": null, ""clf__base__max_features"": ""log2"", ""clf__base__min_samples_leaf"": 1, ""clf__base__n_estimators"": 400}",0.9952,0.9898947368421052,0.924812030075188,0.984,0.9534883720930232,0.9991550485847064,0.9957894736842106,0.9974694221847322,0.9754788971388776,0.951468978843617,0.9993595789473684,0.9847519171417216,0.9898771853645598,1.0639999999999998,17.83,False,1f58d07,scikit-learn=1.9.1;imbalanced-learn=0.14.2;xgboost=3.4.1;lightgbm=4.7.0;numpy=2.5.3;pandas=3.0.6,2026-09-27T21:45:50Z
cicids2017,network_security,member_1,e3,c8_A_Brecalc,1,1,0,recalc,1.0,1.0,0.05,RF,1,1,3027,5000,5000,250,0,0.5,1.0,0.5,"{""clf__base__max_depth"": 16, ""clf__base__max_features"": ""log2"", ""clf__base__min_samples_leaf"": 1, ""clf__base__n_estimators"": 400}",0.9944,0.9932631578947368,0.9051094890510948,0.992,0.9465648854961832,0.9995768091409224,0.9945263157894736,0.9970451667370198,0.9718050261166016,0.944720509304518,0.9996989473684212,0.9932782697590714,0.9932623546994812,1.096,26.72,False,1f58d07,scikit-learn=1.9.1;imbalanced-learn=0.14.2;xgboost=3.4.1;lightgbm=4.7.0;numpy=2.5.3;pandas=3.0.6,2026-09-27T21:46:17Z
cicids2017,network_security,member_1,e3,c8_A_Brecalc,1,1,0,recalc,1.0,1.0,0.05,RF,2,0,4026,5000,5000,250,0,0.5,1.0,0.5,"{""clf__base__max_depth"": null, ""clf__base__max_features"": ""sqrt"", ""clf__base__min_samples_leaf"": 1, ""clf__base__n_estimators"": 200}",0.9974,0.9967368421052633,0.9540229885057472,0.996,0.974559686888454,0.9997889850179362,0.9974736842105264,0.9986299926230372,0.9865948397557456,0.9734408535605472,0.9995507368421052,0.987987765873192,0.9967365697483384,1.044,14.44,False,1f58d07,scikit-learn=1.9.1;imbalanced-learn=0.14.2;xgboost=3.4.1;lightgbm=4.7.0;numpy=2.5.3;pandas=3.0.6,2026-09-27T21:46:31Z
cicids2017,network_security,member_1,e3,c8_A_Brecalc,1,1,0,recalc,1.0,1.0,0.05,RF,2,1,4027,5000,5000,250,0,0.5,1.0,0.5,"{""clf__base__max_depth"": 16, ""clf__base__max_features"": ""sqrt"", ""clf__base__min_samples_leaf"": 2, ""clf__base__n_estimators"": 200}",0.9944,0.9837894736842104,0.9204545454545454,0.972,0.9455252918287936,0.9985219594594594,0.995578947368421,0.9970482816782626,0.9712867867535282,0.942964643706753,0.999189052631579,0.9816331129742636,0.9837188301756276,1.0559999999999998,7.09,False,1f58d07,scikit-learn=1.9.1;imbalanced-learn=0.14.2;xgboost=3.4.1;lightgbm=4.7.0;numpy=2.5.3;pandas=3.0.6,2026-09-27T21:46:38Z
cicids2017,network_security,member_1,e3,c8_A_Brecalc,1,1,0,recalc,1.0,1.0,0.05,RF,3,0,5026,5000,5000,250,0,0.5,1.0,0.5,"{""clf__base__max_depth"": 16, ""clf__base__max_features"": ""sqrt"", ""clf__base__min_samples_leaf"": 2, ""clf__base__n_estimators"": 200}",0.995,0.9935789473684212,0.915129151291513,0.992,0.9520153550863724,0.9995770776062592,0.995157894736842,0.9973625909906108,0.9746889730384916,0.9502417982920982,0.9994677894736842,0.987629823106338,0.993577692774424,1.084,9.33,False,1f58d07,scikit-learn=1.9.1;imbalanced-learn=0.14.2;xgboost=3.4.1;lightgbm=4.7.0;numpy=2.5.3;pandas=3.0.6,2026-09-27T21:46:48Z
cicids2017,network_security,member_1,e3,c8_A_Brecalc,1,1,0,recalc,1.0,1.0,0.05,RF,3,1,5027,5000,5000,250,0,0.5,1.0,0.5,"{""clf__base__max_depth"": null, ""clf__base__max_features"": ""log2"", ""clf__base__min_samples_leaf"": 1, ""clf__base__n_estimators"": 400}",0.9952,0.9898947368421052,0.924812030075188,0.984,0.9534883720930232,0.9991550485847064,0.9957894736842106,0.9974694221847322,0.9754788971388776,0.951468978843617,0.9995515789473683,0.988726345898822,0.9898771853645598,1.0639999999999998,27.06,False,1f58d07,scikit-learn=1.9.1;imbalanced-learn=0.14.2;xgboost=3.4.1;lightgbm=4.7.0;numpy=2.5.3;pandas=3.0.6,2026-09-27T21:47:15Z
cicids2017,network_security,member_1,e3,c8_A_Brecalc,1,1,0,recalc,1.0,1.0,0.05,RF,4,0,6026,5000,5000,250,0,0.5,1.0,0.5,"{""clf__base__max_depth"": null, ""clf__base__max_features"": ""sqrt"", ""clf__base__min_samples_leaf"": 2, ""clf__base__n_estimators"": 400}",0.9962,0.9961052631578948,0.9325842696629212,0.996,0.9632495164410058,0.999788717515318,0.9962105263157894,0.9979964146367184,0.980622965538862,0.9618265396269464,0.9995494736842104,0.9873771007533504,0.9961052575960666,1.068,15.52,False,1f58d07,scikit-learn=1.9.1;imbalanced-learn=0.14.2;xgboost=3.4.1;lightgbm=4.7.0;numpy=2.5.3;pandas=3.0.6,2026-09-27T21:47:30Z
cicids2017,network_security,member_1,e3,c8_A_Brecalc,1,1,0,recalc,1.0,1.0,0.05,RF,4,1,6027,5000,5000,250,0,0.5,1.0,0.5,"{""clf__base__max_depth"": null, ""clf__base__max_features"": ""log2"", ""clf__base__min_samples_leaf"": 1, ""clf__base__n_estimators"": 200}",0.9962,0.9942105263157894,0.9358490566037736,0.992,0.9631067961165048,0.9995776135163674,0.996421052631579,0.9979968371112282,0.9805518166138664,0.9615588458018586,0.9996867368421052,0.992724923763198,0.9942080688721684,1.0599999999999998,14.92,False,1f58d07,scikit-learn=1.9.1;imbalanced-learn=0.14.2;xgboost=3.4.1;lightgbm=4.7.0;numpy=2.5.3;pandas=3.0.6,2026-09-27T21:47:45Z
cicids2017,network_security,member_1,e3,c8_A_Brecalc,1,1,0,recalc,1.0,1.0,0.05,XGB,0,0,2026,5000,5000,250,0,0.5,1.0,0.5,"{""clf__base__colsample_bytree"": 0.6299297262516527, ""clf__base__learning_rate"": 0.24209961404115907, ""clf__base__max_depth"": 3, ""clf__base__min_child_weight"": 1, ""clf__base__n_estimators"": 400, ""clf__base__reg_lambda"": 0.013825769701893902, ""clf__base__subsample"": 0.7881804586451416}",0.997,0.9927368421052633,0.9536679536679536,0.988,0.9705304518664049,0.9993672221050413,0.9974736842105264,0.9984195553682436,0.9844750036173242,0.9691187160772616,0.9997553684210526,0.9941352506435676,0.9927255411240308,1.0359999999999998,10.8,False,1f58d07,scikit-learn=1.9.1;imbalanced-learn=0.14.2;xgboost=3.4.1;lightgbm=4.7.0;numpy=2.5.3;pandas=3.0.6,2026-09-27T21:47:56Z
cicids2017,network_security,member_1,e3,c8_A_Brecalc,1,1,0,recalc,1.0,1.0,0.05,XGB,0,1,2027,5000,5000,250,0,0.5,1.0,0.5,"{""clf__base__colsample_bytree"": 0.9206269033670733, ""clf__base__learning_rate"": 0.21639357680112015, ""clf__base__max_depth"": 3, ""clf__base__min_child_weight"": 1, ""clf__base__n_estimators"": 200, ""clf__base__reg_lambda"": 0.39950328397895196, ""clf__base__subsample"": 0.643985800858856}",0.9986,0.9992631578947369,0.9727626459143968,1.0,0.9861932938856016,1.0,0.9985263157894736,0.9992626145580954,0.9927279542218486,0.9855602979841076,0.999890947368421,0.9977276505479682,0.9992628862263792,1.028,3.75,False,1f58d07,scikit-learn=1.9.1;imbalanced-learn=0.14.2;xgboost=3.4.1;lightgbm=4.7.0;numpy=2.5.3;pandas=3.0.6,2026-09-27T21:48:00Z
cicids2017,network_security,member_1,e3,c8_A_Brecalc,1,1,0,recalc,1.0,1.0,0.05,XGB,1,0,3026,5000,5000,250,0,0.5,1.0,0.5,"{""clf__base__colsample_bytree"": 0.9934947644627569, ""clf__base__learning_rate"": 0.06579343675941146, ""clf__base__max_depth"": 8, ""clf__base__min_child_weight"": 1, ""clf__base__n_estimators"": 800, ""clf__base__reg_lambda"": 2.5562316050453884, ""clf__base__subsample"": 0.6010643428938394}",0.9974,0.994842105263158,0.9575289575289576,0.992,0.974459724950884,0.9995781480700274,0.9976842105263158,0.9986302813191444,0.9865450031350144,0.9732593642980574,0.9997637894736844,0.9949364736265516,0.9948380455340986,1.0359999999999998,17.71,False,1f58d07,scikit-learn=1.9.1;imbalanced-learn=0.14.2;xgboost=3.4.1;lightgbm=4.7.0;numpy=2.5.3;pandas=3.0.6,2026-09-27T21:48:18Z
cicids2017,network_security,member_1,e3,c8_A_Brecalc,1,1,0,recalc,1.0,1.0,0.05,XGB,1,1,3027,5000,5000,250,0,0.5,1.0,0.5,"{""clf__base__colsample_bytree"": 0.7104807071006849, ""clf__base__learning_rate"": 0.04849185141838699, ""clf__base__max_depth"": 6, ""clf__base__min_child_weight"": 1, ""clf__base__n_estimators"": 800, ""clf__base__reg_lambda"": 0.10018170767019599, ""clf__base__subsample"": 0.8054452821394007}",0.9976,0.9949473684210526,0.9612403100775194,0.992,0.9763779527559056,0.9995782370307889,0.9978947368421052,0.9987357774968394,0.9875568651263724,0.9752482877928024,0.9998374736842106,0.9964917161222162,0.9949430028636658,1.032,16.03,False,1f58d07,scikit-learn=1.9.1;imbalanced-learn=0.14.2;xgboost=3.4.1;lightgbm=4.7.0;numpy=2.5.3;pandas=3.0.6,2026-09-27T21:48:34Z
cicids2017,network_security,member_1,e3,c8_A_Brecalc,1,1,0,recalc,1.0,1.0,0.05,XGB,2,0,4026,5000,5000,250,0,0.5,1.0,0.5,"{""clf__base__colsample_bytree"": 0.6565518320781988, ""clf__base__learning_rate"": 0.15688469024582752, ""clf__base__max_depth"": 6, ""clf__base__min_child_weight"": 3, ""clf__base__n_estimators"": 400, ""clf__base__reg_lambda"": 0.12145822228788311, ""clf__base__subsample"": 0.9124440815566071}",0.9982,0.997157894736842,0.9688715953307392,0.996,0.9822485207100592,0.9997891629770188,0.9983157894736842,0.9990519330032656,0.9906502268566624,0.9814044460001984,0.9997663157894736,0.9941326702004468,0.9971572224658404,1.028,8.71,False,1f58d07,scikit-learn=1.9.1;imbalanced-learn=0.14.2;xgboost=3.4.1;lightgbm=4.7.0;numpy=2.5.3;pandas=3.0.6,2026-09-27T21:48:43Z
cicids2017,network_security,member_1,e3,c8_A_Brecalc,1,1,0,recalc,1.0,1.0,0.05,XGB,2,1,4027,5000,5000,250,0,0.5,1.0,0.5,"{""clf__base__colsample_bytree"": 0.9834570763060444, ""clf__base__learning_rate"": 0.030916321360916408, ""clf__base__max_depth"": 6, ""clf__base__min_child_weight"": 3, ""clf__base__n_estimators"": 800, ""clf__base__reg_lambda"": 0.019932289827414917, ""clf__base__subsample"": 0.859643305566143}",0.996,0.9884210526315788,0.9423076923076924,0.98,0.9607843137254902,0.9989451476793249,0.996842105263158,0.9978925184404636,0.979338416082977,0.95888237328561,0.999754105263158,0.994898764992769,0.9883851795519268,1.0399999999999998,19.63,False,1f58d07,scikit-learn=1.9.1;imbalanced-learn=0.14.2;xgboost=3.4.1;lightgbm=4.7.0;numpy=2.5.3;pandas=3.0.6,2026-09-27T21:49:03Z
cicids2017,network_security,member_1,e3,c8_A_Brecalc,1,1,0,recalc,1.0,1.0,0.05,XGB,3,0,5026,5000,5000,250,0,0.5,1.0,0.5,"{""clf__base__colsample_bytree"": 0.966186289625362, ""clf__base__learning_rate"": 0.29511899190869545, ""clf__base__max_depth"": 6, ""clf__base__min_child_weight"": 1, ""clf__base__n_estimators"": 200, ""clf__base__reg_lambda"": 1.784943962718507, ""clf__base__subsample"": 0.76926012218394}",0.9978,0.9950526315789474,0.9649805447470816,0.992,0.9783037475345168,0.9995783259540376,0.9981052631578948,0.9988412514484356,0.9885724994914762,0.9772485940162888,0.999821894736842,0.99625766611418,0.9950479491223684,1.028,3.72,False,1f58d07,scikit-learn=1.9.1;imbalanced-learn=0.14.2;xgboost=3.4.1;lightgbm=4.7.0;numpy=2.5.3;pandas=3.0.6,2026-09-27T21:49:06Z
cicids2017,network_security,member_1,e3,c8_A_Brecalc,1,1,0,recalc,1.0,1.0,0.05,XGB,3,1,5027,5000,5000,250,0,0.5,1.0,0.5,"{""clf__base__colsample_bytree"": 0.8405279927109883, ""clf__base__learning_rate"": 0.03965143905411441, ""clf__base__max_depth"": 8, ""clf__base__min_child_weight"": 1, ""clf__base__n_estimators"": 400, ""clf__base__reg_lambda"": 0.025783651592417578, ""clf__base__subsample"": 0.6276769187790308}",0.9962,0.9904210526315788,0.942528735632184,0.984,0.9628180039138944,0.9991559400717452,0.996842105263158,0.9979976815259776,0.980407842719936,0.9610639832037696,0.9996850526315788,0.9934108722700156,0.990400238074965,1.044,5.44,False,1f58d07,scikit-learn=1.9.1;imbalanced-learn=0.14.2;xgboost=3.4.1;lightgbm=4.7.0;numpy=2.5.3;pandas=3.0.6,2026-09-27T21:49:12Z
cicids2017,network_security,member_1,e3,c8_A_Brecalc,1,1,0,recalc,1.0,1.0,0.05,XGB,4,0,6026,5000,5000,250,0,0.5,1.0,0.5,"{""clf__base__colsample_bytree"": 0.708267051973608, ""clf__base__learning_rate"": 0.28455392508376126, ""clf__base__max_depth"": 6, ""clf__base__min_child_weight"": 3, ""clf__base__n_estimators"": 800, ""clf__base__reg_lambda"": 9.393317723633603, ""clf__base__subsample"": 0.7134007472138406}",0.9982,0.9952631578947368,0.9725490196078432,0.992,0.9821782178217822,0.9995785036880928,0.9985263157894736,0.9990521327014218,0.990615175261602,0.9812837989735024,0.9998176842105264,0.9959956116105732,0.9952578084411888,1.0199999999999998,6.03,False,1f58d07,scikit-learn=1.9.1;imbalanced-learn=0.14.2;xgboost=3.4.1;lightgbm=4.7.0;numpy=2.5.3;pandas=3.0.6,2026-09-27T21:49:18Z
cicids2017,network_security,member_1,e3,c8_A_Brecalc,1,1,0,recalc,1.0,1.0,0.05,XGB,4,1,6027,5000,5000,250,0,0.5,1.0,0.5,"{""clf__base__colsample_bytree"": 0.7204220432788574, ""clf__base__learning_rate"": 0.16170708509030868, ""clf__base__max_depth"": 8, ""clf__base__min_child_weight"": 5, ""clf__base__n_estimators"": 400, ""clf__base__reg_lambda"": 0.10332237810714062, ""clf__base__subsample"": 0.94260493886491}",0.9974,0.994842105263158,0.9575289575289576,0.992,0.974459724950884,0.9995781480700274,0.9976842105263158,0.9986302813191444,0.9865450031350144,0.9732593642980574,0.9997709473684212,0.9944565233204826,0.9948380455340986,1.0359999999999998,4.13,False,1f58d07,scikit-learn=1.9.1;imbalanced-learn=0.14.2;xgboost=3.4.1;lightgbm=4.7.0;numpy=2.5.3;pandas=3.0.6,2026-09-27T21:49:22Z
cicids2017,network_security,member_1,e3,c3_C_threshold,0,0,1,none,0.0,0.0,0.05,LR,0,0,2026,5000,5000,250,0,0.05,0.0526315789473684,0.5656565656565657,"{""clf__base__C"": 36.18894389380965}",0.971,0.789578947368421,0.7777777777777778,0.588,0.6697038724373576,0.9785907295780504,0.991157894736842,0.9848342223616776,0.8272690473995177,0.6618585894021842,0.975938105263158,0.6374624450062972,0.763413938898985,0.756,3.81,False,1f58d07,scikit-learn=1.9.1;imbalanced-learn=0.14.2;xgboost=3.4.1;lightgbm=4.7.0;numpy=2.5.3;pandas=3.0.6,2026-09-27T21:49:26Z
cicids2017,network_security,member_1,e3,c3_C_threshold,0,0,1,none,0.0,0.0,0.05,LR,0,1,2027,5000,5000,250,0,0.05,0.0526315789473684,0.4242424242424242,"{""clf__base__C"": 33.09421283700199}",0.9728,0.8322105263157895,0.7544642857142857,0.676,0.7130801687763713,0.9830402010050252,0.988421052631579,0.9857232836447616,0.8494017262105664,0.7000096480667655,0.9859233684210524,0.7106516699330878,0.8174182721097856,0.8959999999999999,23.55,False,1f58d07,scikit-learn=1.9.1;imbalanced-learn=0.14.2;xgboost=3.4.1;lightgbm=4.7.0;numpy=2.5.3;pandas=3.0.6,2026-09-27T21:49:50Z
cicids2017,network_security,member_1,e3,c3_C_threshold,0,0,1,none,0.0,0.0,0.05,LR,1,0,3026,5000,5000,250,0,0.05,0.0526315789473684,0.5555555555555556,"{""clf__base__C"": 19.993032145051746}",0.972,0.7901052631578946,0.7989130434782609,0.588,0.6774193548387096,0.9786129568106312,0.9922105263157894,0.9853648337863266,0.8313920943125181,0.6716612016871518,0.9818071578947368,0.6647127137118154,0.7638192125586291,0.736,5.75,False,1f58d07,scikit-learn=1.9.1;imbalanced-learn=0.14.2;xgboost=3.4.1;lightgbm=4.7.0;numpy=2.5.3;pandas=3.0.6,2026-09-27T21:49:56Z
cicids2017,network_security,member_1,e3,c3_C_threshold,0,0,1,none,0.0,0.0,0.05,LR,1,1,3027,5000,5000,250,0,0.05,0.0526315789473684,0.2525158356284782,"{""clf__base__C"": 0.3055517362727584}",0.9424,0.9412631578947368,0.4625984251968504,0.94,0.6200527704485488,0.9966607301869992,0.9425263157894735,0.9688379138714563,0.7944453421600026,0.6366382727997855,0.9702374736842104,0.6085991765794495,0.9412623103269911,2.032,4.85,False,1f58d07,scikit-learn=1.9.1;imbalanced-learn=0.14.2;xgboost=3.4.1;lightgbm=4.7.0;numpy=2.5.3;pandas=3.0.6,2026-09-27T21:50:01Z
cicids2017,network_security,member_1,e3,c3_C_threshold,0,0,1,none,0.0,0.0,0.05,LR,2,0,4026,5000,5000,250,0,0.05,0.0526315789473684,0.333333333333329,"{""clf__base__C"": 11.333229684537264}",0.9478,0.8967368421052632,0.4872389791183295,0.84,0.6167400881057269,0.9912453490917048,0.9534736842105264,0.9719927030797296,0.7943663955927283,0.6161693945189217,0.9819873684210526,0.7117433766928903,0.8949401626571701,1.724,5.09,False,1f58d07,scikit-learn=1.9.1;imbalanced-learn=0.14.2;xgboost=3.4.1;lightgbm=4.7.0;numpy=2.5.3;pandas=3.0.6,2026-09-27T21:50:06Z
cicids2017,network_security,member_1,e3,c3_C_threshold,0,0,1,none,0.0,0.0,0.05,LR,2,1,4027,5000,5000,250,0,0.05,0.0526315789473684,0.3535353535353536,"{""clf__base__C"": 80.93579062656904}",0.9702,0.8478947368421053,0.6980392156862745,0.712,0.7049504950495049,0.9848261327713382,0.9837894736842104,0.9843075302790942,0.8446290126642996,0.6892971212768174,0.972586947368421,0.6623892807040043,0.8369337520157482,1.0199999999999998,4.15,False,1f58d07,scikit-learn=1.9.1;imbalanced-learn=0.14.2;xgboost=3.4.1;lightgbm=4.7.0;numpy=2.5.3;pandas=3.0.6,2026-09-27T21:50:10Z
cicids2017,network_security,member_1,e3,c3_C_threshold,0,0,1,none,0.0,0.0,0.05,LR,3,0,5026,5000,5000,250,0,0.05,0.0526315789473684,0.3636363636363636,"{""clf__base__C"": 68.96511808116286}",0.9746,0.8369473684210527,0.7808219178082192,0.684,0.7292110874200426,0.9834762601966116,0.9898947368421052,0.9866750603294512,0.8579430738747469,0.7176743826663078,0.9878223157894735,0.7705178846679572,0.8228535714208209,0.8759999999999999,4.53,False,1f58d07,scikit-learn=1.9.1;imbalanced-learn=0.14.2;xgboost=3.4.1;lightgbm=4.7.0;numpy=2.5.3;pandas=3.0.6,2026-09-27T21:50:15Z
cicids2017,network_security,member_1,e3,c3_C_threshold,0,0,1,none,0.0,0.0,0.05,LR,3,1,5027,5000,5000,250,0,0.05,0.0526315789473684,0.4343434343434343,"{""clf__base__C"": 12.776241362116359}",0.9728,0.8246315789473684,0.7638888888888888,0.66,0.7081545064377682,0.982232441471572,0.9892631578947368,0.985735263268303,0.8469448848530357,0.6960094044784559,0.9826526315789474,0.6843973096761912,0.8080307445948615,0.864,4.58,False,1f58d07,scikit-learn=1.9.1;imbalanced-learn=0.14.2;xgboost=3.4.1;lightgbm=4.7.0;numpy=2.5.3;pandas=3.0.6,2026-09-27T21:50:20Z
cicids2017,network_security,member_1,e3,c3_C_threshold,0,0,1,none,0.0,0.0,0.05,LR,4,0,6026,5000,5000,250,0,0.05,0.0526315789473684,0.5050505050505051,"{""clf__base__C"": 21.899056071125766}",0.9754,0.8203157894736842,0.8223350253807107,0.648,0.7248322147651006,0.9816781178430148,0.9926315789473684,0.9871244635193132,0.8559783391422069,0.7176881003875235,0.9842753684210526,0.712582645473653,0.8020132562232963,0.7879999999999999,5.96,False,1f58d07,scikit-learn=1.9.1;imbalanced-learn=0.14.2;xgboost=3.4.1;lightgbm=4.7.0;numpy=2.5.3;pandas=3.0.6,2026-09-27T21:50:26Z
cicids2017,network_security,member_1,e3,c3_C_threshold,0,0,1,none,0.0,0.0,0.05,LR,4,1,6027,5000,5000,250,0,0.05,0.0526315789473684,0.4848484848484848,"{""clf__base__C"": 89.78839453758782}",0.9754,0.8241052631578947,0.8159203980099502,0.656,0.7272727272727273,0.9820795999166492,0.9922105263157894,0.987119070059692,0.8571958986662097,0.7192162391492561,0.9881978947368422,0.7488332981702078,0.8067776058265115,0.8039999999999999,5.6,False,1f58d07,scikit-learn=1.9.1;imbalanced-learn=0.14.2;xgboost=3.4.1;lightgbm=4.7.0;numpy=2.5.3;pandas=3.0.6,2026-09-27T21:50:44Z
cicids2017,network_security,member_1,e3,c3_C_threshold,0,0,1,none,0.0,0.0,0.05,RF,0,0,2026,5000,5000,250,0,0.05,0.0526315789473684,0.4646464646464647,"{""clf__base__max_depth"": 16, ""clf__base__max_features"": ""sqrt"", ""clf__base__min_samples_leaf"": 1, ""clf__base__n_estimators"": 200}",0.9972,0.9852631578947368,0.972,0.972,0.972,0.9985263157894736,0.9985263157894736,0.9985263157894736,0.9852631578947368,0.9705263157894736,0.9992395789473684,0.9746213011448228,0.9851738825950312,1.0,17.04,False,1f58d07,scikit-learn=1.9.1;imbalanced-learn=0.14.2;xgboost=3.4.1;lightgbm=4.7.0;numpy=2.5.3;pandas=3.0.6,2026-09-27T21:51:02Z
cicids2017,network_security,member_1,e3,c3_C_threshold,0,0,1,none,0.0,0.0,0.05,RF,0,1,2027,5000,5000,250,0,0.05,0.0526315789473684,0.4242424242424242,"{""clf__base__max_depth"": 16, ""clf__base__max_features"": ""sqrt"", ""clf__base__min_samples_leaf"": 2, ""clf__base__n_estimators"": 200}",0.9964,0.9886315789473684,0.9496124031007752,0.98,0.9645669291338582,0.9989455925769718,0.9972631578947369,0.9981036662452591,0.9813352976895586,0.9628036052603548,0.9995995789473684,0.989722206397104,0.9885938977845464,1.032,13.24,False,1f58d07,scikit-learn=1.9.1;imbalanced-learn=0.14.2;xgboost=3.4.1;lightgbm=4.7.0;numpy=2.5.3;pandas=3.0.6,2026-09-27T21:51:15Z
cicids2017,network_security,member_1,e3,c3_C_threshold,0,0,1,none,0.0,0.0,0.05,RF,1,0,3026,5000,5000,250,0,0.05,0.0526315789473684,0.5252525252525253,"{""clf__base__max_depth"": null, ""clf__base__max_features"": ""log2"", ""clf__base__min_samples_leaf"": 1, ""clf__base__n_estimators"": 400}",0.9964,0.9772631578947368,0.9715447154471544,0.956,0.9637096774193548,0.9976861590239798,0.9985263157894736,0.9981060606060606,0.9809078690127078,0.9618504955336572,0.9991553684210528,0.9808605656779728,0.9770318100731096,0.984,18.74,False,1f58d07,scikit-learn=1.9.1;imbalanced-learn=0.14.2;xgboost=3.4.1;lightgbm=4.7.0;numpy=2.5.3;pandas=3.0.6,2026-09-27T21:51:34Z
cicids2017,network_security,member_1,e3,c3_C_threshold,0,0,1,none,0.0,0.0,0.05,RF,1,1,3027,5000,5000,250,0,0.05,0.0526315789473684,0.5252277491900134,"{""clf__base__max_depth"": null, ""clf__base__max_features"": ""log2"", ""clf__base__min_samples_leaf"": 2, ""clf__base__n_estimators"": 400}",0.9962,0.9714736842105264,0.979253112033195,0.944,0.9613034623217924,0.9970582055053584,0.9989473684210526,0.9980018929435271,0.9796526776326596,0.9594843342299392,0.9996075789473684,0.9910549865857938,0.9710851228339736,0.964,24.84,False,1f58d07,scikit-learn=1.9.1;imbalanced-learn=0.14.2;xgboost=3.4.1;lightgbm=4.7.0;numpy=2.5.3;pandas=3.0.6,2026-09-27T21:51:59Z
cicids2017,network_security,member_1,e3,c3_C_threshold,0,0,1,none,0.0,0.0,0.05,RF,2,0,4026,5000,5000,250,0,0.05,0.0526315789473684,0.4545454545454546,"{""clf__base__max_depth"": null, ""clf__base__max_features"": ""sqrt"", ""clf__base__min_samples_leaf"": 1, ""clf__base__n_estimators"": 200}",0.997,0.9832631578947368,0.9718875502008032,0.968,0.969939879759519,0.9983161439696906,0.9985263157894736,0.9984212188190716,0.9841805492892952,0.9683632593670336,0.999429894736842,0.9840380662384316,0.9831446860377218,0.996,14.01,False,1f58d07,scikit-learn=1.9.1;imbalanced-learn=0.14.2;xgboost=3.4.1;lightgbm=4.7.0;numpy=2.5.3;pandas=3.0.6,2026-09-27T21:52:13Z
cicids2017,network_security,member_1,e3,c3_C_threshold,0,0,1,none,0.0,0.0,0.05,RF,2,1,4027,5000,5000,250,0,0.05,0.0526315789473684,0.5050505050505051,"{""clf__base__max_depth"": 16, ""clf__base__max_features"": ""sqrt"", ""clf__base__min_samples_leaf"": 2, ""clf__base__n_estimators"": 400}",0.9962,0.9714736842105264,0.979253112033195,0.944,0.9613034623217924,0.9970582055053584,0.9989473684210526,0.9980018929435271,0.9796526776326596,0.9594843342299392,0.999306105263158,0.9835834744907728,0.9710851228339736,0.964,26.4,False,1f58d07,scikit-learn=1.9.1;imbalanced-learn=0.14.2;xgboost=3.4.1;lightgbm=4.7.0;numpy=2.5.3;pandas=3.0.6,2026-09-27T21:52:40Z
cicids2017,network_security,member_1,e3,c3_C_threshold,0,0,1,none,0.0,0.0,0.05,RF,3,0,5026,5000,5000,250,0,0.05,0.0526315789473684,0.5151515151515152,"{""clf__base__max_depth"": 16, ""clf__base__max_features"": ""log2"", ""clf__base__min_samples_leaf"": 2, ""clf__base__n_estimators"": 400}",0.9956,0.9692631578947368,0.9710743801652892,0.94,0.9552845528455284,0.9968474148802018,0.9985263157894736,0.9976861590239798,0.9764853559347542,0.9531107366284248,0.9992707368421052,0.984122927627662,0.9688213131646648,0.968,16.39,False,1f58d07,scikit-learn=1.9.1;imbalanced-learn=0.14.2;xgboost=3.4.1;lightgbm=4.7.0;numpy=2.5.3;pandas=3.0.6,2026-09-27T21:52:56Z
cicids2017,network_security,member_1,e3,c3_C_threshold,0,0,1,none,0.0,0.0,0.05,RF,3,1,5027,5000,5000,250,0,0.05,0.0526315789473684,0.494949494949495,"{""clf__base__max_depth"": null, ""clf__base__max_features"": ""log2"", ""clf__base__min_samples_leaf"": 2, ""clf__base__n_estimators"": 400}",0.9964,0.9734736842105264,0.9793388429752066,0.948,0.9634146341463414,0.9972677595628416,0.9989473684210526,0.9981068573832562,0.9807607457647988,0.9616626499225336,0.9995031578947368,0.9862338943655052,0.9731403317421172,0.968,22.56,False,1f58d07,scikit-learn=1.9.1;imbalanced-learn=0.14.2;xgboost=3.4.1;lightgbm=4.7.0;numpy=2.5.3;pandas=3.0.6,2026-09-27T21:53:19Z
cicids2017,network_security,member_1,e3,c3_C_threshold,0,0,1,none,0.0,0.0,0.05,RF,4,0,6026,5000,5000,250,0,0.05,0.0526315789473684,0.494949494949495,"{""clf__base__max_depth"": 16, ""clf__base__max_features"": ""sqrt"", ""clf__base__min_samples_leaf"": 2, ""clf__base__n_estimators"": 400}",0.9956,0.9806315789473684,0.9488188976377953,0.964,0.9563492063492064,0.9981036662452591,0.9972631578947369,0.9976832350463352,0.9770162206977708,0.9540659170308966,0.999275789473684,0.9823526020698398,0.980490532443086,1.0159999999999998,23.8,False,1f58d07,scikit-learn=1.9.1;imbalanced-learn=0.14.2;xgboost=3.4.1;lightgbm=4.7.0;numpy=2.5.3;pandas=3.0.6,2026-09-27T21:53:43Z
cicids2017,network_security,member_1,e3,c3_C_threshold,0,0,1,none,0.0,0.0,0.05,RF,4,1,6027,5000,5000,250,0,0.05,0.0526315789473684,0.5151515151515152,"{""clf__base__max_depth"": 16, ""clf__base__max_features"": ""log2"", ""clf__base__min_samples_leaf"": 2, ""clf__base__n_estimators"": 200}",0.997,0.9775789473684212,0.9835390946502056,0.956,0.969574036511156,0.9976876182467942,0.999157894736842,0.9984222152098454,0.9839981258605008,0.9681045611659156,0.9997094736842104,0.9916124001067594,0.977340752945676,0.972,14.06,False,1f58d07,scikit-learn=1.9.1;imbalanced-learn=0.14.2;xgboost=3.4.1;lightgbm=4.7.0;numpy=2.5.3;pandas=3.0.6,2026-09-27T21:53:57Z
cicids2017,network_security,member_1,e3,c3_C_threshold,0,0,1,none,0.0,0.0,0.05,XGB,0,0,2026,5000,5000,250,0,0.05,0.0526315789473684,0.4746748507022857,"{""clf__base__colsample_bytree"": 0.6299297262516527, ""clf__base__learning_rate"": 0.24209961404115907, ""clf__base__max_depth"": 3, ""clf__base__min_child_weight"": 1, ""clf__base__n_estimators"": 400, ""clf__base__reg_lambda"": 0.013825769701893902, ""clf__base__subsample"": 0.7881804586451416}",0.9984,0.9896842105263156,0.9879032258064516,0.98,0.9839357429718876,0.9989478114478114,0.9993684210526316,0.9991580719848452,0.9915469074783664,0.9831026101937984,0.999762105263158,0.994310197851463,0.9896368286556332,0.992,7.42,False,1f58d07,scikit-learn=1.9.1;imbalanced-learn=0.14.2;xgboost=3.4.1;lightgbm=4.7.0;numpy=2.5.3;pandas=3.0.6,2026-09-27T21:54:05Z
cicids2017,network_security,member_1,e3,c3_C_threshold,0,0,1,none,0.0,0.0,0.05,XGB,0,1,2027,5000,5000,250,0,0.05,0.0526315789473684,0.4722351729869842,"{""clf__base__colsample_bytree"": 0.7335280510923655, ""clf__base__learning_rate"": 0.05971758507702269, ""clf__base__max_depth"": 8, ""clf__base__min_child_weight"": 3, ""clf__base__n_estimators"": 200, ""clf__base__reg_lambda"": 0.2886302815044253, ""clf__base__subsample"": 0.7698710164019611}",0.9986,0.9935789473684212,0.9840637450199204,0.988,0.9860279441117764,0.9993682880606444,0.999157894736842,0.9992630803242448,0.9926455122180106,0.985293202753669,0.9998703157894736,0.997137542026266,0.9935632843457934,1.004,8.87,False,1f58d07,scikit-learn=1.9.1;imbalanced-learn=0.14.2;xgboost=3.4.1;lightgbm=4.7.0;numpy=2.5.3;pandas=3.0.6,2026-09-27T21:54:14Z
cicids2017,network_security,member_1,e3,c3_C_threshold,0,0,1,none,0.0,0.0,0.05,XGB,1,0,3026,5000,5000,250,0,0.05,0.0526315789473684,0.3735603094100952,"{""clf__base__colsample_bytree"": 0.6750002232167834, ""clf__base__learning_rate"": 0.055707861774863386, ""clf__base__max_depth"": 4, ""clf__base__min_child_weight"": 1, ""clf__base__n_estimators"": 800, ""clf__base__reg_lambda"": 0.08372426491886341, ""clf__base__subsample"": 0.7362258226856279}",0.9982,0.9933684210526316,0.9762845849802372,0.988,0.9821073558648112,0.999368021908574,0.9987368421052631,0.999052332315468,0.9905798440901395,0.9811790725006488,0.9997153684210528,0.9930937292799542,0.993353914775595,1.012,20.33,False,1f58d07,scikit-learn=1.9.1;imbalanced-learn=0.14.2;xgboost=3.4.1;lightgbm=4.7.0;numpy=2.5.3;pandas=3.0.6,2026-09-27T21:54:34Z
cicids2017,network_security,member_1,e3,c3_C_threshold,0,0,1,none,0.0,0.0,0.05,XGB,1,1,3027,5000,5000,250,0,0.05,0.0526315789473684,0.4742623567581177,"{""clf__base__colsample_bytree"": 0.7328262798016196, ""clf__base__learning_rate"": 0.05921003296229738, ""clf__base__max_depth"": 3, ""clf__base__min_child_weight"": 1, ""clf__base__n_estimators"": 200, ""clf__base__reg_lambda"": 0.018405914544812812, ""clf__base__subsample"": 0.6200696058918139}",0.9986,0.9916842105263156,0.9879518072289156,0.984,0.9859719438877756,0.9991580719848452,0.9993684210526316,0.9992632354489002,0.9926175896683378,0.9852373741022464,0.9998993684210526,0.9978827240724066,0.9916544389633868,0.996,6.78,False,1f58d07,scikit-learn=1.9.1;imbalanced-learn=0.14.2;xgboost=3.4.1;lightgbm=4.7.0;numpy=2.5.3;pandas=3.0.6,2026-09-27T21:54:41Z
cicids2017,network_security,member_1,e3,c3_C_threshold,0,0,1,none,0.0,0.0,0.05,XGB,2,0,4026,5000,5000,250,0,0.05,0.0526315789473684,0.342722475528717,"{""clf__base__colsample_bytree"": 0.6565518320781988, ""clf__base__learning_rate"": 0.15688469024582752, ""clf__base__max_depth"": 6, ""clf__base__min_child_weight"": 3, ""clf__base__n_estimators"": 400, ""clf__base__reg_lambda"": 0.12145822228788311, ""clf__base__subsample"": 0.9124440815566071}",0.9986,0.9954736842105264,0.9802371541501976,0.992,0.9860834990059644,0.9995786812723826,0.9989473684210526,0.999262925134253,0.9926732120701086,0.9853658831364526,0.9997865263157896,0.9951764348433874,0.9954676235185572,1.012,7.23,False,1f58d07,scikit-learn=1.9.1;imbalanced-learn=0.14.2;xgboost=3.4.1;lightgbm=4.7.0;numpy=2.5.3;pandas=3.0.6,2026-09-27T21:54:49Z
cicids2017,network_security,member_1,e3,c3_C_threshold,0,0,1,none,0.0,0.0,0.05,XGB,2,1,4027,5000,5000,250,0,0.05,0.0526315789473684,0.5108016133308411,"{""clf__base__colsample_bytree"": 0.6873560330382258, ""clf__base__learning_rate"": 0.23860761818562579, ""clf__base__max_depth"": 6, ""clf__base__min_child_weight"": 5, ""clf__base__n_estimators"": 800, ""clf__base__reg_lambda"": 0.29013622163961644, ""clf__base__subsample"": 0.6162837093889824}",0.9966,0.9735789473684212,0.983402489626556,0.948,0.9653767820773932,0.997268333683547,0.999157894736842,0.9982122200021032,0.9817945010397482,0.963768702768586,0.9994543157894736,0.9883572539279298,0.9732428701051584,0.964,13.16,False,1f58d07,scikit-learn=1.9.1;imbalanced-learn=0.14.2;xgboost=3.4.1;lightgbm=4.7.0;numpy=2.5.3;pandas=3.0.6,2026-09-27T21:55:02Z
cicids2017,network_security,member_1,e3,c3_C_threshold,0,0,1,none,0.0,0.0,0.05,XGB,3,0,5026,5000,5000,250,0,0.05,0.0526315789473684,0.3613397181034088,"{""clf__base__colsample_bytree"": 0.7083521762549733, ""clf__base__learning_rate"": 0.055981405899979506, ""clf__base__max_depth"": 3, ""clf__base__min_child_weight"": 3, ""clf__base__n_estimators"": 200, ""clf__base__reg_lambda"": 0.12164938346609794, ""clf__base__subsample"": 0.6262421332317021}",0.999,0.9956842105263156,0.9880478087649402,0.992,0.9900199600798404,0.9995788587070964,0.9993684210526316,0.999473628803032,0.994746794441436,0.989495775595442,0.9997835789473684,0.9952702560282344,0.9956773943824428,1.004,8.28,False,1f58d07,scikit-learn=1.9.1;imbalanced-learn=0.14.2;xgboost=3.4.1;lightgbm=4.7.0;numpy=2.5.3;pandas=3.0.6,2026-09-27T21:55:11Z
cicids2017,network_security,member_1,e3,c3_C_threshold,0,0,1,none,0.0,0.0,0.05,XGB,3,1,5027,5000,5000,250,0,0.05,0.0526315789473684,0.3323926925659179,"{""clf__base__colsample_bytree"": 0.9553016854784893, ""clf__base__learning_rate"": 0.024606039165437195, ""clf__base__max_depth"": 6, ""clf__base__min_child_weight"": 1, ""clf__base__n_estimators"": 800, ""clf__base__reg_lambda"": 2.6417865506915885, ""clf__base__subsample"": 0.763449774954557}",0.997,0.9889473684210526,0.9607843137254902,0.98,0.9702970297029704,0.9989462592202318,0.9978947368421052,0.9984202211690364,0.9843586254360032,0.9687700842150732,0.9996711578947368,0.9941122001196736,0.988906892536028,1.0199999999999998,26.22,False,1f58d07,scikit-learn=1.9.1;imbalanced-learn=0.14.2;xgboost=3.4.1;lightgbm=4.7.0;numpy=2.5.3;pandas=3.0.6,2026-09-27T21:55:37Z
cicids2017,network_security,member_1,e3,c3_C_threshold,0,0,1,none,0.0,0.0,0.05,XGB,4,0,6026,5000,5000,250,0,0.05,0.0526315789473684,0.4637225568294525,"{""clf__base__colsample_bytree"": 0.708267051973608, ""clf__base__learning_rate"": 0.28455392508376126, ""clf__base__max_depth"": 6, ""clf__base__min_child_weight"": 3, ""clf__base__n_estimators"": 800, ""clf__base__reg_lambda"": 9.393317723633603, ""clf__base__subsample"": 0.7134007472138406}",0.9984,0.9915789473684212,0.984,0.984,0.984,0.999157894736842,0.999157894736842,0.999157894736842,0.9915789473684212,0.983157894736842,0.9996943157894738,0.9938343048136182,0.9915499828153156,1.0,16.48,False,1f58d07,scikit-learn=1.9.1;imbalanced-learn=0.14.2;xgboost=3.4.1;lightgbm=4.7.0;numpy=2.5.3;pandas=3.0.6,2026-09-27T21:55:54Z
cicids2017,network_security,member_1,e3,c3_C_threshold,0,0,1,none,0.0,0.0,0.05,XGB,4,1,6027,5000,5000,250,0,0.05,0.0526315789473684,0.4716102182865143,"{""clf__base__colsample_bytree"": 0.9962576164977475, ""clf__base__learning_rate"": 0.03423548596985521, ""clf__base__max_depth"": 8, ""clf__base__min_child_weight"": 3, ""clf__base__n_estimators"": 200, ""clf__base__reg_lambda"": 0.05550509218069603, ""clf__base__subsample"": 0.9491643683623555}",0.998,0.9875789473684212,0.9838709677419356,0.976,0.9799196787148594,0.9987373737373736,0.999157894736842,0.9989475899810566,0.989433634347958,0.978876029754444,0.9997322105263158,0.9959477136005818,0.9875110658940272,0.992,10.54,False,1f58d07,scikit-learn=1.9.1;imbalanced-learn=0.14.2;xgboost=3.4.1;lightgbm=4.7.0;numpy=2.5.3;pandas=3.0.6,2026-09-27T21:56:04Z
cicids2017,network_security,member_1,e3,c5_AC_smotetomek_threshold,1,0,1,none,0.0,1.0,0.05,LR,0,0,2026,5000,5000,250,0,0.5,1.0,0.8181818181818182,"{""clf__base__C"": 86.64678862932995}",0.9674,0.9657894736842104,0.610126582278481,0.964,0.7472868217054264,0.9980456026058632,0.9675789473684212,0.9825761624799572,0.8649314920926918,0.752702068426353,0.9811957894736842,0.685239632043114,0.965787815859756,1.5799999999999998,15.5,False,1f58d07,scikit-learn=1.9.1;imbalanced-learn=0.14.2;xgboost=3.4.1;lightgbm=4.7.0;numpy=2.5.3;pandas=3.0.6,2026-09-27T21:56:20Z
cicids2017,network_security,member_1,e3,c5_AC_smotetomek_threshold,1,0,1,none,0.0,1.0,0.05,LR,0,1,2027,5000,5000,250,0,0.5,1.0,0.888888888888889,"{""clf__base__C"": 33.09421283700199}",0.9692,0.9458947368421052,0.6318681318681318,0.92,0.749185667752443,0.9956859361518552,0.9717894736842104,0.983592584700618,0.8663891262265304,0.7480949886397644,0.985389894736842,0.6337380817072881,0.9455402243106708,1.456,15.03,False,1f58d07,scikit-learn=1.9.1;imbalanced-learn=0.14.2;xgboost=3.4.1;lightgbm=4.7.0;numpy=2.5.3;pandas=3.0.6,2026-09-27T21:56:35Z
cicids2017,network_security,member_1,e3,c5_AC_smotetomek_threshold,1,0,1,none,0.0,1.0,0.05,LR,1,0,3026,5000,5000,250,0,0.5,1.0,0.8585858585858587,"{""clf__base__C"": 95.41248660376695}",0.9676,0.9715789473684212,0.61,0.976,0.7507692307692307,0.9986956521739132,0.967157894736842,0.9826737967914438,0.8667215137803372,0.757691302470747,0.9872989473684208,0.6906510880903464,0.9715688885833872,1.6,16.91,False,1f58d07,scikit-learn=1.9.1;imbalanced-learn=0.14.2;xgboost=3.4.1;lightgbm=4.7.0;numpy=2.5.3;pandas=3.0.6,2026-09-27T21:56:52Z
cicids2017,network_security,member_1,e3,c5_AC_smotetomek_threshold,1,0,1,none,0.0,1.0,0.05,LR,1,1,3027,5000,5000,250,0,0.5,1.0,0.8787878787878789,"{""clf__base__C"": 4.686201792798966}",0.95,0.9452631578947368,0.5,0.94,0.6527777777777778,0.9966887417218544,0.9505263157894736,0.9730603448275862,0.812919061302682,0.6650672110844681,0.9784926315789474,0.581590232005175,0.9452485053371442,1.88,16.04,False,1f58d07,scikit-learn=1.9.1;imbalanced-learn=0.14.2;xgboost=3.4.1;lightgbm=4.7.0;numpy=2.5.3;pandas=3.0.6,2026-09-27T21:57:09Z
cicids2017,network_security,member_1,e3,c5_AC_smotetomek_threshold,1,0,1,none,0.0,1.0,0.05,LR,2,0,4026,5000,5000,250,0,0.5,1.0,0.888888888888889,"{""clf__base__C"": 2.963965176880303}",0.9452,0.9351578947368422,0.4753086419753086,0.924,0.6277173913043478,0.9957908728400532,0.9463157894736842,0.9704231433506044,0.7990702673274761,0.640316598377085,0.9787730526315788,0.5961307659293771,0.9350913268091434,1.944,15.01,False,1f58d07,scikit-learn=1.9.1;imbalanced-learn=0.14.2;xgboost=3.4.1;lightgbm=4.7.0;numpy=2.5.3;pandas=3.0.6,2026-09-27T21:57:24Z
cicids2017,network_security,member_1,e3,c5_AC_smotetomek_threshold,1,0,1,none,0.0,1.0,0.05,LR,2,1,4027,5000,5000,250,0,0.5,1.0,0.8686868686868687,"{""clf__base__C"": 80.93579062656904}",0.9738,0.9653684210526317,0.6657381615598886,0.956,0.7848932676518884,0.9976298211592328,0.9747368421052632,0.9860504738579492,0.8854718707549187,0.7857614277818261,0.9755882105263156,0.6410132783143543,0.9653229620456728,1.436,12.35,False,1f58d07,scikit-learn=1.9.1;imbalanced-learn=0.14.2;xgboost=3.4.1;lightgbm=4.7.0;numpy=2.5.3;pandas=3.0.6,2026-09-27T21:57:36Z
cicids2017,network_security,member_1,e3,c5_AC_smotetomek_threshold,1,0,1,none,0.0,1.0,0.05,LR,3,0,5026,5000,5000,250,0,0.5,1.0,0.8282828282828284,"{""clf__base__C"": 68.96511808116286}",0.9708,0.975157894736842,0.6347150259067358,0.98,0.7704402515723271,0.9989163415691374,0.9703157894736842,0.9844083724903888,0.8774243120313578,0.7759831784376028,0.9892833684210528,0.7307069020402942,0.9751458730283435,1.544,14.59,False,1f58d07,scikit-learn=1.9.1;imbalanced-learn=0.14.2;xgboost=3.4.1;lightgbm=4.7.0;numpy=2.5.3;pandas=3.0.6,2026-09-27T21:57:51Z
cicids2017,network_security,member_1,e3,c5_AC_smotetomek_threshold,1,0,1,none,0.0,1.0,0.05,LR,3,1,5027,5000,5000,250,0,0.5,1.0,0.8585858585858587,"{""clf__base__C"": 1.9642608121932843}",0.949,0.9504210526315788,0.4948024948024948,0.952,0.6511627906976745,0.9973445452533748,0.948842105263158,0.9724889416334016,0.8118258661655381,0.6658429061445057,0.9764791578947368,0.5636801204899359,0.9504197410673488,1.924,11.99,False,1f58d07,scikit-learn=1.9.1;imbalanced-learn=0.14.2;xgboost=3.4.1;lightgbm=4.7.0;numpy=2.5.3;pandas=3.0.6,2026-09-27T21:58:03Z
cicids2017,network_security,member_1,e3,c5_AC_smotetomek_threshold,1,0,1,none,0.0,1.0,0.05,LR,4,0,6026,5000,5000,250,0,0.5,1.0,0.888888888888889,"{""clf__base__C"": 73.66417088381552}",0.9682,0.9453684210526316,0.6233062330623306,0.92,0.7431340872374798,0.9956812783416108,0.9707368421052632,0.9830508474576272,0.8630924673475535,0.7425328149048649,0.9879002105263158,0.7074374714165584,0.9450279862188432,1.476,15.11,False,1f58d07,scikit-learn=1.9.1;imbalanced-learn=0.14.2;xgboost=3.4.1;lightgbm=4.7.0;numpy=2.5.3;pandas=3.0.6,2026-09-27T21:58:19Z
cicids2017,network_security,member_1,e3,c5_AC_smotetomek_threshold,1,0,1,none,0.0,1.0,0.05,LR,4,1,6027,5000,5000,250,0,0.5,1.0,0.8585858585858587,"{""clf__base__C"": 89.78839453758782}",0.9696,0.976421052631579,0.6243654822335025,0.984,0.7639751552795031,0.9991315675206252,0.968842105263158,0.983753740914921,0.873864448097212,0.7707750913937808,0.9899368421052632,0.7353837153110672,0.9763916384212574,1.5759999999999998,19.05,False,1f58d07,scikit-learn=1.9.1;imbalanced-learn=0.14.2;xgboost=3.4.1;lightgbm=4.7.0;numpy=2.5.3;pandas=3.0.6,2026-09-27T21:58:38Z
cicids2017,network_security,member_1,e3,c5_AC_smotetomek_threshold,1,0,1,none,0.0,1.0,0.05,RF,0,0,2026,5000,5000,250,0,0.5,1.0,0.8080808080808082,"{""clf__base__max_depth"": 16, ""clf__base__max_features"": ""sqrt"", ""clf__base__min_samples_leaf"": 1, ""clf__base__n_estimators"": 200}",0.9966,0.9830526315789474,0.9641434262948207,0.968,0.9660678642714572,0.9983154348283848,0.9981052631578948,0.9982103379303084,0.9821391011008828,0.9642803385448042,0.9992517894736842,0.9837278855143738,0.9829373808828528,1.004,31.8,False,1f58d07,scikit-learn=1.9.1;imbalanced-learn=0.14.2;xgboost=3.4.1;lightgbm=4.7.0;numpy=2.5.3;pandas=3.0.6,2026-09-27T21:59:10Z
cicids2017,network_security,member_1,e3,c5_AC_smotetomek_threshold,1,0,1,none,0.0,1.0,0.05,RF,0,1,2027,5000,5000,250,0,0.5,1.0,0.7070707070707072,"{""clf__base__max_depth"": 16, ""clf__base__max_features"": ""sqrt"", ""clf__base__min_samples_leaf"": 2, ""clf__base__n_estimators"": 200}",0.996,0.9865263157894736,0.9457364341085271,0.976,0.9606299212598424,0.998734711092366,0.9970526315789474,0.9978929624947324,0.9792614418772874,0.958655377749539,0.9997343157894736,0.9930254787014856,0.9864701558694275,1.032,34.89,False,1f58d07,scikit-learn=1.9.1;imbalanced-learn=0.14.2;xgboost=3.4.1;lightgbm=4.7.0;numpy=2.5.3;pandas=3.0.6,2026-09-27T21:59:45Z
cicids2017,network_security,member_1,e3,c5_AC_smotetomek_threshold,1,0,1,none,0.0,1.0,0.05,RF,1,0,3026,5000,5000,250,0,0.5,1.0,0.7070707070707072,"{""clf__base__max_depth"": null, ""clf__base__max_features"": ""log2"", ""clf__base__min_samples_leaf"": 1, ""clf__base__n_estimators"": 400}",0.9964,0.9867368421052632,0.953125,0.976,0.9644268774703556,0.9987352445193928,0.9974736842105264,0.9981040657257216,0.9812654715980388,0.9626063053428572,0.9993595789473684,0.9847519171417216,0.9866784257241432,1.024,48.84,False,1f58d07,scikit-learn=1.9.1;imbalanced-learn=0.14.2;xgboost=3.4.1;lightgbm=4.7.0;numpy=2.5.3;pandas=3.0.6,2026-09-27T22:00:34Z
cicids2017,network_security,member_1,e3,c5_AC_smotetomek_threshold,1,0,1,none,0.0,1.0,0.05,RF,1,1,3027,5000,5000,250,0,0.5,1.0,0.888888888888889,"{""clf__base__max_depth"": 16, ""clf__base__max_features"": ""log2"", ""clf__base__min_samples_leaf"": 1, ""clf__base__n_estimators"": 400}",0.9966,0.9735789473684212,0.983402489626556,0.948,0.9653767820773932,0.997268333683547,0.999157894736842,0.9982122200021032,0.9817945010397482,0.963768702768586,0.9996989473684212,0.9932782697590714,0.9732428701051584,0.964,40.06,False,1f58d07,scikit-learn=1.9.1;imbalanced-learn=0.14.2;xgboost=3.4.1;lightgbm=4.7.0;numpy=2.5.3;pandas=3.0.6,2026-09-27T22:01:14Z
cicids2017,network_security,member_1,e3,c5_AC_smotetomek_threshold,1,0,1,none,0.0,1.0,0.05,RF,2,0,4026,5000,5000,250,0,0.5,1.0,0.6060606060606061,"{""clf__base__max_depth"": null, ""clf__base__max_features"": ""sqrt"", ""clf__base__min_samples_leaf"": 1, ""clf__base__n_estimators"": 200}",0.9976,0.9949473684210526,0.9612403100775194,0.992,0.9763779527559056,0.9995782370307889,0.9978947368421052,0.9987357774968394,0.9875568651263724,0.9752482877928024,0.9995507368421052,0.987987765873192,0.9949430028636658,1.032,34.86,False,1f58d07,scikit-learn=1.9.1;imbalanced-learn=0.14.2;xgboost=3.4.1;lightgbm=4.7.0;numpy=2.5.3;pandas=3.0.6,2026-09-27T22:01:49Z
cicids2017,network_security,member_1,e3,c5_AC_smotetomek_threshold,1,0,1,none,0.0,1.0,0.05,RF,2,1,4027,5000,5000,250,0,0.5,1.0,0.797979797979798,"{""clf__base__max_depth"": 16, ""clf__base__max_features"": ""sqrt"", ""clf__base__min_samples_leaf"": 2, ""clf__base__n_estimators"": 200}",0.9948,0.9726315789473684,0.948,0.948,0.948,0.9972631578947369,0.9972631578947369,0.9972631578947369,0.9726315789473684,0.9452631578947368,0.999189052631579,0.9816331129742636,0.9723196355541784,1.0,34.69,False,1f58d07,scikit-learn=1.9.1;imbalanced-learn=0.14.2;xgboost=3.4.1;lightgbm=4.7.0;numpy=2.5.3;pandas=3.0.6,2026-09-27T22:02:24Z
cicids2017,network_security,member_1,e3,c5_AC_smotetomek_threshold,1,0,1,none,0.0,1.0,0.05,RF,3,0,5026,5000,5000,250,0,0.5,1.0,0.6161616161616162,"{""clf__base__max_depth"": 16, ""clf__base__max_features"": ""sqrt"", ""clf__base__min_samples_leaf"": 2, ""clf__base__n_estimators"": 200}",0.9958,0.9902105263157894,0.935361216730038,0.984,0.95906432748538,0.9991555837027656,0.996421052631579,0.9977864446084116,0.9784253860468958,0.9571937866400012,0.9994677894736842,0.987629823106338,0.9901910501461187,1.052,27.45,False,1f58d07,scikit-learn=1.9.1;imbalanced-learn=0.14.2;xgboost=3.4.1;lightgbm=4.7.0;numpy=2.5.3;pandas=3.0.6,2026-09-27T22:02:51Z
cicids2017,network_security,member_1,e3,c5_AC_smotetomek_threshold,1,0,1,none,0.0,1.0,0.05,RF,3,1,5027,5000,5000,250,0,0.5,1.0,0.494949494949495,"{""clf__base__max_depth"": null, ""clf__base__max_features"": ""log2"", ""clf__base__min_samples_leaf"": 1, ""clf__base__n_estimators"": 400}",0.9952,0.9898947368421052,0.924812030075188,0.984,0.9534883720930232,0.9991550485847064,0.9957894736842106,0.9974694221847322,0.9754788971388776,0.951468978843617,0.9995515789473683,0.988726345898822,0.9898771853645598,1.0639999999999998,44.67,False,1f58d07,scikit-learn=1.9.1;imbalanced-learn=0.14.2;xgboost=3.4.1;lightgbm=4.7.0;numpy=2.5.3;pandas=3.0.6,2026-09-27T22:03:36Z
cicids2017,network_security,member_1,e3,c5_AC_smotetomek_threshold,1,0,1,none,0.0,1.0,0.05,RF,4,0,6026,5000,5000,250,0,0.5,1.0,0.8989898989898991,"{""clf__base__max_depth"": null, ""clf__base__max_features"": ""sqrt"", ""clf__base__min_samples_leaf"": 2, ""clf__base__n_estimators"": 400}",0.996,0.9675789473684212,0.9831932773109244,0.936,0.9590163934426228,0.996640067198656,0.999157894736842,0.9978973927670312,0.978456893104827,0.9572350221573268,0.9995494736842104,0.9873771007533504,0.9670634878195352,0.952,48.0,False,1f58d07,scikit-learn=1.9.1;imbalanced-learn=0.14.2;xgboost=3.4.1;lightgbm=4.7.0;numpy=2.5.3;pandas=3.0.6,2026-09-27T22:04:24Z
cicids2017,network_security,member_1,e3,c5_AC_smotetomek_threshold,1,0,1,none,0.0,1.0,0.05,RF,4,1,6027,5000,5000,250,0,0.5,1.0,0.696969696969697,"{""clf__base__max_depth"": null, ""clf__base__max_features"": ""log2"", ""clf__base__min_samples_leaf"": 1, ""clf__base__n_estimators"": 200}",0.996,0.9827368421052632,0.952755905511811,0.968,0.9603174603174603,0.998314369995786,0.9974736842105264,0.997893850042123,0.9791056551797916,0.9582449179815355,0.9996867368421052,0.992724923763198,0.9826263411469232,1.0159999999999998,26.72,False,1f58d07,scikit-learn=1.9.1;imbalanced-learn=0.14.2;xgboost=3.4.1;lightgbm=4.7.0;numpy=2.5.3;pandas=3.0.6,2026-09-27T22:04:51Z
cicids2017,network_security,member_1,e3,c5_AC_smotetomek_threshold,1,0,1,none,0.0,1.0,0.05,XGB,0,0,2026,5000,5000,250,0,0.5,1.0,0.7171704769134521,"{""clf__base__colsample_bytree"": 0.6299297262516527, ""clf__base__learning_rate"": 0.24209961404115907, ""clf__base__max_depth"": 3, ""clf__base__min_child_weight"": 1, ""clf__base__n_estimators"": 400, ""clf__base__reg_lambda"": 0.013825769701893902, ""clf__base__subsample"": 0.7881804586451416}",0.9974,0.9929473684210526,0.9610894941634242,0.988,0.9743589743589745,0.9993674889310564,0.9978947368421052,0.9986305698936058,0.98649477212629,0.9730927420323796,0.9997553684210526,0.9941352506435676,0.9929350431926552,1.028,20.19,False,1f58d07,scikit-learn=1.9.1;imbalanced-learn=0.14.2;xgboost=3.4.1;lightgbm=4.7.0;numpy=2.5.3;pandas=3.0.6,2026-09-27T22:05:12Z
cicids2017,network_security,member_1,e3,c5_AC_smotetomek_threshold,1,0,1,none,0.0,1.0,0.05,XGB,0,1,2027,5000,5000,250,0,0.5,1.0,0.4545371234416961,"{""clf__base__colsample_bytree"": 0.9206269033670733, ""clf__base__learning_rate"": 0.21639357680112015, ""clf__base__max_depth"": 3, ""clf__base__min_child_weight"": 1, ""clf__base__n_estimators"": 200, ""clf__base__reg_lambda"": 0.39950328397895196, ""clf__base__subsample"": 0.643985800858856}",0.9984,0.999157894736842,0.9689922480620154,1.0,0.984251968503937,1.0,0.9983157894736842,0.999157184997893,0.991704576750915,0.983544742814434,0.999890947368421,0.9977276505479682,0.9991575398673044,1.032,15.62,False,1f58d07,scikit-learn=1.9.1;imbalanced-learn=0.14.2;xgboost=3.4.1;lightgbm=4.7.0;numpy=2.5.3;pandas=3.0.6,2026-09-27T22:05:27Z
cicids2017,network_security,member_1,e3,c5_AC_smotetomek_threshold,1,0,1,none,0.0,1.0,0.05,XGB,1,0,3026,5000,5000,250,0,0.5,1.0,0.929249346256256,"{""clf__base__colsample_bytree"": 0.9934947644627569, ""clf__base__learning_rate"": 0.06579343675941146, ""clf__base__max_depth"": 8, ""clf__base__min_child_weight"": 1, ""clf__base__n_estimators"": 800, ""clf__base__reg_lambda"": 2.5562316050453884, ""clf__base__subsample"": 0.6010643428938394}",0.9976,0.9892631578947368,0.9722222222222222,0.98,0.9760956175298804,0.9989469250210616,0.9985263157894736,0.9987365761212889,0.9874160968255846,0.9748407909296652,0.9997637894736844,0.9949364736265516,0.9892197882542,1.008,41.19,False,1f58d07,scikit-learn=1.9.1;imbalanced-learn=0.14.2;xgboost=3.4.1;lightgbm=4.7.0;numpy=2.5.3;pandas=3.0.6,2026-09-27T22:06:09Z
cicids2017,network_security,member_1,e3,c5_AC_smotetomek_threshold,1,0,1,none,0.0,1.0,0.05,XGB,1,1,3027,5000,5000,250,0,0.5,1.0,0.9393649101257324,"{""clf__base__colsample_bytree"": 0.7104807071006849, ""clf__base__learning_rate"": 0.04849185141838699, ""clf__base__max_depth"": 6, ""clf__base__min_child_weight"": 1, ""clf__base__n_estimators"": 800, ""clf__base__reg_lambda"": 0.10018170767019599, ""clf__base__subsample"": 0.8054452821394007}",0.9978,0.9836842105263156,0.9877551020408164,0.968,0.9777777777777776,0.9983175604626708,0.9993684210526316,0.9988427143608628,0.9883102460693204,0.9766757673707088,0.9998374736842106,0.9964917161222162,0.9835591652661,0.98,35.3,False,1f58d07,scikit-learn=1.9.1;imbalanced-learn=0.14.2;xgboost=3.4.1;lightgbm=4.7.0;numpy=2.5.3;pandas=3.0.6,2026-09-27T22:06:44Z
cicids2017,network_security,member_1,e3,c5_AC_smotetomek_threshold,1,0,1,none,0.0,1.0,0.05,XGB,2,0,4026,5000,5000,250,0,0.5,1.0,0.8484541773796082,"{""clf__base__colsample_bytree"": 0.6565518320781988, ""clf__base__learning_rate"": 0.15688469024582752, ""clf__base__max_depth"": 6, ""clf__base__min_child_weight"": 3, ""clf__base__n_estimators"": 400, ""clf__base__reg_lambda"": 0.12145822228788311, ""clf__base__subsample"": 0.9124440815566071}",0.9986,0.9935789473684212,0.9840637450199204,0.988,0.9860279441117764,0.9993682880606444,0.999157894736842,0.9992630803242448,0.9926455122180106,0.985293202753669,0.9997663157894736,0.9941326702004468,0.9935632843457934,1.004,21.41,False,1f58d07,scikit-learn=1.9.1;imbalanced-learn=0.14.2;xgboost=3.4.1;lightgbm=4.7.0;numpy=2.5.3;pandas=3.0.6,2026-09-27T22:07:06Z
cicids2017,network_security,member_1,e3,c5_AC_smotetomek_threshold,1,0,1,none,0.0,1.0,0.05,XGB,2,1,4027,5000,5000,250,0,0.5,1.0,0.878674328327179,"{""clf__base__colsample_bytree"": 0.9834570763060444, ""clf__base__learning_rate"": 0.030916321360916408, ""clf__base__max_depth"": 6, ""clf__base__min_child_weight"": 3, ""clf__base__n_estimators"": 800, ""clf__base__reg_lambda"": 0.019932289827414917, ""clf__base__subsample"": 0.859643305566143}",0.9964,0.9772631578947368,0.9715447154471544,0.956,0.9637096774193548,0.9976861590239798,0.9985263157894736,0.9981060606060606,0.9809078690127078,0.9618504955336572,0.999754105263158,0.994898764992769,0.9770318100731096,0.984,40.11,False,1f58d07,scikit-learn=1.9.1;imbalanced-learn=0.14.2;xgboost=3.4.1;lightgbm=4.7.0;numpy=2.5.3;pandas=3.0.6,2026-09-27T22:07:46Z
cicids2017,network_security,member_1,e3,c5_AC_smotetomek_threshold,1,0,1,none,0.0,1.0,0.05,XGB,3,0,5026,5000,5000,250,0,0.5,1.0,0.7878625988960266,"{""clf__base__colsample_bytree"": 0.966186289625362, ""clf__base__learning_rate"": 0.29511899190869545, ""clf__base__max_depth"": 6, ""clf__base__min_child_weight"": 1, ""clf__base__n_estimators"": 200, ""clf__base__reg_lambda"": 1.784943962718507, ""clf__base__subsample"": 0.76926012218394}",0.9982,0.9914736842105264,0.9800796812749004,0.984,0.9820359281437124,0.9991577174141923,0.9989473684210526,0.9990525318454574,0.990544229994585,0.981090629911896,0.999821894736842,0.99625766611418,0.9914455156620134,1.004,16.95,False,1f58d07,scikit-learn=1.9.1;imbalanced-learn=0.14.2;xgboost=3.4.1;lightgbm=4.7.0;numpy=2.5.3;pandas=3.0.6,2026-09-27T22:08:03Z
cicids2017,network_security,member_1,e3,c5_AC_smotetomek_threshold,1,0,1,none,0.0,1.0,0.05,XGB,3,1,5027,5000,5000,250,0,0.5,1.0,0.75751131772995,"{""clf__base__colsample_bytree"": 0.8405279927109883, ""clf__base__learning_rate"": 0.03965143905411441, ""clf__base__max_depth"": 8, ""clf__base__min_child_weight"": 1, ""clf__base__n_estimators"": 400, ""clf__base__reg_lambda"": 0.025783651592417578, ""clf__base__subsample"": 0.6276769187790308}",0.9974,0.9910526315789474,0.9647058823529412,0.984,0.9742574257425742,0.9991570073761856,0.9981052631578948,0.998630858346498,0.9864441420445362,0.9729413224678828,0.9996850526315788,0.9934108722700156,0.9910275369268848,1.0199999999999998,23.58,False,1f58d07,scikit-learn=1.9.1;imbalanced-learn=0.14.2;xgboost=3.4.1;lightgbm=4.7.0;numpy=2.5.3;pandas=3.0.6,2026-09-27T22:08:27Z
cicids2017,network_security,member_1,e3,c5_AC_smotetomek_threshold,1,0,1,none,0.0,1.0,0.05,XGB,4,0,6026,5000,5000,250,0,0.5,1.0,0.8686668872833252,"{""clf__base__colsample_bytree"": 0.708267051973608, ""clf__base__learning_rate"": 0.28455392508376126, ""clf__base__max_depth"": 6, ""clf__base__min_child_weight"": 3, ""clf__base__n_estimators"": 800, ""clf__base__reg_lambda"": 9.393317723633603, ""clf__base__subsample"": 0.7134007472138406}",0.998,0.9875789473684212,0.9838709677419356,0.976,0.9799196787148594,0.9987373737373736,0.999157894736842,0.9989475899810566,0.989433634347958,0.978876029754444,0.9998176842105264,0.9959956116105732,0.9875110658940272,0.992,27.7,False,1f58d07,scikit-learn=1.9.1;imbalanced-learn=0.14.2;xgboost=3.4.1;lightgbm=4.7.0;numpy=2.5.3;pandas=3.0.6,2026-09-27T22:09:01Z
cicids2017,network_security,member_1,e3,c5_AC_smotetomek_threshold,1,0,1,none,0.0,1.0,0.05,XGB,4,1,6027,5000,5000,250,0,0.5,1.0,0.8887925148010254,"{""clf__base__colsample_bytree"": 0.7204220432788574, ""clf__base__learning_rate"": 0.16170708509030868, ""clf__base__max_depth"": 8, ""clf__base__min_child_weight"": 5, ""clf__base__n_estimators"": 400, ""clf__base__reg_lambda"": 0.10332237810714062, ""clf__base__subsample"": 0.94260493886491}",0.998,0.9875789473684212,0.9838709677419356,0.976,0.9799196787148594,0.9987373737373736,0.999157894736842,0.9989475899810566,0.989433634347958,0.978876029754444,0.9997709473684212,0.9944565233204826,0.9875110658940272,0.992,19.35,False,1f58d07,scikit-learn=1.9.1;imbalanced-learn=0.14.2;xgboost=3.4.1;lightgbm=4.7.0;numpy=2.5.3;pandas=3.0.6,2026-09-27T22:09:20Z
cicids2017,network_security,member_1,e3,c6_BC_weights_threshold,0,1,1,orig,1.0,0.0,0.05,LR,0,0,2026,5000,5000,250,0,0.05,1.0,0.868686868686866,"{""clf__base__C"": 8.244177664395792}",0.9522,0.9407368421052632,0.5121412803532008,0.928,0.6600284495021337,0.9960413459423796,0.9534736842105264,0.9742927826180487,0.8171606160600913,0.6692903793216711,0.971136,0.5280774024159806,0.9406506147063152,1.812,3.74,False,1f58d07,scikit-learn=1.9.1;imbalanced-learn=0.14.2;xgboost=3.4.1;lightgbm=4.7.0;numpy=2.5.3;pandas=3.0.6,2026-09-27T22:09:24Z
cicids2017,network_security,member_1,e3,c6_BC_weights_threshold,0,1,1,orig,1.0,0.0,0.05,LR,0,1,2027,5000,5000,250,0,0.05,1.0,0.888888888888889,"{""clf__base__C"": 20.397711403252764}",0.9688,0.9381052631578948,0.6312849162011173,0.904,0.743421052631579,0.994829814735028,0.9722105263157896,0.983390119250426,0.8634055859410024,0.7406809825610678,0.985828210526316,0.6640870229430633,0.9374851016360066,1.432,3.83,False,1f58d07,scikit-learn=1.9.1;imbalanced-learn=0.14.2;xgboost=3.4.1;lightgbm=4.7.0;numpy=2.5.3;pandas=3.0.6,2026-09-27T22:09:28Z
cicids2017,network_security,member_1,e3,c6_BC_weights_threshold,0,1,1,orig,1.0,0.0,0.05,LR,1,0,3026,5000,5000,250,0,0.05,1.0,0.8585858585858587,"{""clf__base__C"": 95.41248660376695}",0.9662,0.9537894736842104,0.6041131105398457,0.94,0.7355242566510172,0.9967469095640858,0.9675789473684212,0.9819463732507212,0.8587353149508692,0.7384632046092037,0.9867111578947368,0.6720051463778135,0.9536897873660576,1.5559999999999998,4.65,False,1f58d07,scikit-learn=1.9.1;imbalanced-learn=0.14.2;xgboost=3.4.1;lightgbm=4.7.0;numpy=2.5.3;pandas=3.0.6,2026-09-27T22:09:33Z
cicids2017,network_security,member_1,e3,c6_BC_weights_threshold,0,1,1,orig,1.0,0.0,0.05,LR,1,1,3027,5000,5000,250,0,0.05,1.0,0.8686868686868687,"{""clf__base__C"": 4.686201792798966}",0.9486,0.9445263157894735,0.4926624737945492,0.94,0.6464924346629987,0.9966836170683177,0.9490526315789474,0.9722851288687588,0.8093887817658787,0.6595865597740015,0.9770922105263158,0.5573288358961203,0.9445154703255052,1.908,3.64,False,1f58d07,scikit-learn=1.9.1;imbalanced-learn=0.14.2;xgboost=3.4.1;lightgbm=4.7.0;numpy=2.5.3;pandas=3.0.6,2026-09-27T22:09:37Z
cicids2017,network_security,member_1,e3,c6_BC_weights_threshold,0,1,1,orig,1.0,0.0,0.05,LR,2,0,4026,5000,5000,250,0,0.05,1.0,0.888888888888889,"{""clf__base__C"": 11.333229684537264}",0.9444,0.9347368421052632,0.4714285714285714,0.924,0.6243243243243243,0.9957871396895788,0.9454736842105264,0.9699784017278618,0.797151363026093,0.6373631348508784,0.9785583157894736,0.5833959938004482,0.934675175775267,1.96,4.45,False,1f58d07,scikit-learn=1.9.1;imbalanced-learn=0.14.2;xgboost=3.4.1;lightgbm=4.7.0;numpy=2.5.3;pandas=3.0.6,2026-09-27T22:09:41Z
cicids2017,network_security,member_1,e3,c6_BC_weights_threshold,0,1,1,orig,1.0,0.0,0.05,LR,2,1,4027,5000,5000,250,0,0.05,1.0,0.8787878787878789,"{""clf__base__C"": 80.93579062656904}",0.9736,0.9197894736842104,0.6891025641025641,0.86,0.7651245551601423,0.9925341296928328,0.9795789473684212,0.986013986013986,0.8755692705870641,0.7564970706251479,0.9771477894736842,0.6515765396113385,0.9178441560182438,1.2479999999999998,3.92,False,1f58d07,scikit-learn=1.9.1;imbalanced-learn=0.14.2;xgboost=3.4.1;lightgbm=4.7.0;numpy=2.5.3;pandas=3.0.6,2026-09-27T22:09:45Z
cicids2017,network_security,member_1,e3,c6_BC_weights_threshold,0,1,1,orig,1.0,0.0,0.05,LR,3,0,5026,5000,5000,250,0,0.05,1.0,0.8989898989898991,"{""clf__base__C"": 5.661146596775842}",0.9594,0.8782105263157896,0.5677233429394812,0.788,0.6599664991624791,0.9886094992477972,0.968421052631579,0.9784111453791344,0.8191888222708067,0.6487078495754612,0.9801574736842106,0.5962212912388113,0.8735649886949935,1.388,4.41,False,1f58d07,scikit-learn=1.9.1;imbalanced-learn=0.14.2;xgboost=3.4.1;lightgbm=4.7.0;numpy=2.5.3;pandas=3.0.6,2026-09-27T22:09:50Z
cicids2017,network_security,member_1,e3,c6_BC_weights_threshold,0,1,1,orig,1.0,0.0,0.05,LR,3,1,5027,5000,5000,250,0,0.05,1.0,0.9292929292929294,"{""clf__base__C"": 14.115241548086104}",0.9662,0.8476842105263158,0.6462093862815884,0.716,0.6793168880455408,0.9849671818759264,0.9793684210526316,0.9821598226538584,0.8307383553496996,0.6624954744034934,0.9832648421052632,0.6568485167794238,0.8373934496242994,1.108,4.66,False,1f58d07,scikit-learn=1.9.1;imbalanced-learn=0.14.2;xgboost=3.4.1;lightgbm=4.7.0;numpy=2.5.3;pandas=3.0.6,2026-09-27T22:09:55Z
cicids2017,network_security,member_1,e3,c6_BC_weights_threshold,0,1,1,orig,1.0,0.0,0.05,LR,4,0,6026,5000,5000,250,0,0.05,1.0,0.888888888888889,"{""clf__base__C"": 73.66417088381552}",0.9702,0.9502105263157896,0.6391184573002755,0.928,0.7569331158238173,0.9961181798576666,0.972421052631579,0.984126984126984,0.8705300499754007,0.7562938856687251,0.988760842105263,0.720684365874349,0.949950912859241,1.452,5.58,False,1f58d07,scikit-learn=1.9.1;imbalanced-learn=0.14.2;xgboost=3.4.1;lightgbm=4.7.0;numpy=2.5.3;pandas=3.0.6,2026-09-27T22:10:00Z
cicids2017,network_security,member_1,e3,c6_BC_weights_threshold,0,1,1,orig,1.0,0.0,0.05,LR,4,1,6027,5000,5000,250,0,0.05,1.0,0.8484848484848485,"{""clf__base__C"": 89.78839453758782}",0.9648,0.9701052631578948,0.5893719806763285,0.976,0.7349397590361446,0.998691670300916,0.9642105263157896,0.9811482433590404,0.8580440011975925,0.7435749019382645,0.9878888421052632,0.6829943432495472,0.970087353635852,1.656,5.2,False,1f58d07,scikit-learn=1.9.1;imbalanced-learn=0.14.2;xgboost=3.4.1;lightgbm=4.7.0;numpy=2.5.3;pandas=3.0.6,2026-09-27T22:10:06Z
cicids2017,network_security,member_1,e3,c6_BC_weights_threshold,0,1,1,orig,1.0,0.0,0.05,RF,0,0,2026,5000,5000,250,0,0.05,1.0,0.686868686868687,"{""clf__base__max_depth"": 16, ""clf__base__max_features"": ""sqrt"", ""clf__base__min_samples_leaf"": 1, ""clf__base__n_estimators"": 200}",0.9966,0.981157894736842,0.9678714859437751,0.964,0.9659318637274548,0.998105661965902,0.9983157894736842,0.9982107146616146,0.9820712891945348,0.9641447306832304,0.999277052631579,0.975361755657659,0.9810078598322398,0.996,9.63,False,1f58d07,scikit-learn=1.9.1;imbalanced-learn=0.14.2;xgboost=3.4.1;lightgbm=4.7.0;numpy=2.5.3;pandas=3.0.6,2026-09-27T22:10:16Z
cicids2017,network_security,member_1,e3,c6_BC_weights_threshold,0,1,1,orig,1.0,0.0,0.05,RF,0,1,2027,5000,5000,250,0,0.05,1.0,0.696969696969697,"{""clf__base__max_depth"": 16, ""clf__base__max_features"": ""sqrt"", ""clf__base__min_samples_leaf"": 2, ""clf__base__n_estimators"": 200}",0.9962,0.9904210526315788,0.942528735632184,0.984,0.9628180039138944,0.9991559400717452,0.996842105263158,0.9979976815259776,0.980407842719936,0.9610639832037696,0.9997191578947368,0.989377642908467,0.990400238074965,1.044,7.45,False,1f58d07,scikit-learn=1.9.1;imbalanced-learn=0.14.2;xgboost=3.4.1;lightgbm=4.7.0;numpy=2.5.3;pandas=3.0.6,2026-09-27T22:10:23Z
cicids2017,network_security,member_1,e3,c6_BC_weights_threshold,0,1,1,orig,1.0,0.0,0.05,RF,1,0,3026,5000,5000,250,0,0.05,1.0,0.6060606060606061,"{""clf__base__max_depth"": null, ""clf__base__max_features"": ""log2"", ""clf__base__min_samples_leaf"": 1, ""clf__base__n_estimators"": 400}",0.9954,0.9767368421052632,0.952191235059761,0.956,0.9540918163672656,0.9976837228890292,0.9974736842105264,0.9975786924939468,0.975835254430606,0.9516726200194854,0.9992922105263158,0.9794920196896718,0.976516688083344,1.004,14.36,False,1f58d07,scikit-learn=1.9.1;imbalanced-learn=0.14.2;xgboost=3.4.1;lightgbm=4.7.0;numpy=2.5.3;pandas=3.0.6,2026-09-27T22:10:38Z
cicids2017,network_security,member_1,e3,c6_BC_weights_threshold,0,1,1,orig,1.0,0.0,0.05,RF,1,1,3027,5000,5000,250,0,0.05,1.0,0.6767676767676768,"{""clf__base__max_depth"": null, ""clf__base__max_features"": ""log2"", ""clf__base__min_samples_leaf"": 1, ""clf__base__n_estimators"": 200}",0.9976,0.9892631578947368,0.9722222222222222,0.98,0.9760956175298804,0.9989469250210616,0.9985263157894736,0.9987365761212889,0.9874160968255846,0.9748407909296652,0.999717894736842,0.9905635405821032,0.9892197882542,1.008,8.37,False,1f58d07,scikit-learn=1.9.1;imbalanced-learn=0.14.2;xgboost=3.4.1;lightgbm=4.7.0;numpy=2.5.3;pandas=3.0.6,2026-09-27T22:10:46Z
cicids2017,network_security,member_1,e3,c6_BC_weights_threshold,0,1,1,orig,1.0,0.0,0.05,RF,2,0,4026,5000,5000,250,0,0.05,1.0,0.6262626262626263,"{""clf__base__max_depth"": null, ""clf__base__max_features"": ""sqrt"", ""clf__base__min_samples_leaf"": 1, ""clf__base__n_estimators"": 200}",0.9972,0.9909473684210526,0.9609375,0.984,0.9723320158102768,0.9991568296795952,0.9978947368421052,0.9985253844533388,0.9854287001318078,0.9709333495067226,0.9995305263157894,0.9842709567233552,0.990923014695204,1.024,8.7,False,1f58d07,scikit-learn=1.9.1;imbalanced-learn=0.14.2;xgboost=3.4.1;lightgbm=4.7.0;numpy=2.5.3;pandas=3.0.6,2026-09-27T22:10:55Z
cicids2017,network_security,member_1,e3,c6_BC_weights_threshold,0,1,1,orig,1.0,0.0,0.05,RF,2,1,4027,5000,5000,250,0,0.05,1.0,0.7070707070707072,"{""clf__base__max_depth"": null, ""clf__base__max_features"": ""log2"", ""clf__base__min_samples_leaf"": 1, ""clf__base__n_estimators"": 200}",0.9958,0.9693684210526315,0.975103734439834,0.94,0.9572301425661914,0.9968480773271696,0.9987368421052631,0.9977915658849512,0.9775108542255712,0.9551999656912924,0.9992724210526316,0.9794485578033496,0.9689234394826804,0.964,7.57,False,1f58d07,scikit-learn=1.9.1;imbalanced-learn=0.14.2;xgboost=3.4.1;lightgbm=4.7.0;numpy=2.5.3;pandas=3.0.6,2026-09-27T22:11:03Z
cicids2017,network_security,member_1,e3,c6_BC_weights_threshold,0,1,1,orig,1.0,0.0,0.05,RF,3,0,5026,5000,5000,250,0,0.05,1.0,0.6767676767676768,"{""clf__base__max_depth"": 16, ""clf__base__max_features"": ""sqrt"", ""clf__base__min_samples_leaf"": 2, ""clf__base__n_estimators"": 200}",0.9968,0.9945263157894736,0.9465648854961832,0.992,0.96875,0.9995778809624314,0.9970526315789474,0.9983136593591906,0.9835318296795952,0.9673598053543874,0.9995010526315788,0.9874462326391537,0.9945231070851576,1.048,5.99,False,1f58d07,scikit-learn=1.9.1;imbalanced-learn=0.14.2;xgboost=3.4.1;lightgbm=4.7.0;numpy=2.5.3;pandas=3.0.6,2026-09-27T22:11:09Z
cicids2017,network_security,member_1,e3,c6_BC_weights_threshold,0,1,1,orig,1.0,0.0,0.05,RF,3,1,5027,5000,5000,250,0,0.05,1.0,0.6161616161616162,"{""clf__base__max_depth"": null, ""clf__base__max_features"": ""sqrt"", ""clf__base__min_samples_leaf"": 1, ""clf__base__n_estimators"": 400}",0.9962,0.982842105263158,0.9565217391304348,0.968,0.9622266401590456,0.9983147250895302,0.9976842105263158,0.9979993682215436,0.9801130041902948,0.9602450193216292,0.999568,0.9841822654166992,0.9827300319973302,1.012,11.57,False,1f58d07,scikit-learn=1.9.1;imbalanced-learn=0.14.2;xgboost=3.4.1;lightgbm=4.7.0;numpy=2.5.3;pandas=3.0.6,2026-09-27T22:11:20Z
cicids2017,network_security,member_1,e3,c6_BC_weights_threshold,0,1,1,orig,1.0,0.0,0.05,RF,4,0,6026,5000,5000,250,0,0.05,1.0,0.787878787878788,"{""clf__base__max_depth"": 16, ""clf__base__max_features"": ""sqrt"", ""clf__base__min_samples_leaf"": 2, ""clf__base__n_estimators"": 400}",0.997,0.985157894736842,0.9681274900398408,0.972,0.9700598802395208,0.9985260054748368,0.9983157894736842,0.9984208864090957,0.9842403833243084,0.9684829113865772,0.999525894736842,0.9872165046653882,0.985070021556042,1.004,11.37,False,1f58d07,scikit-learn=1.9.1;imbalanced-learn=0.14.2;xgboost=3.4.1;lightgbm=4.7.0;numpy=2.5.3;pandas=3.0.6,2026-09-27T22:11:32Z
cicids2017,network_security,member_1,e3,c6_BC_weights_threshold,0,1,1,orig,1.0,0.0,0.05,RF,4,1,6027,5000,5000,250,0,0.05,1.0,0.595959595959596,"{""clf__base__max_depth"": null, ""clf__base__max_features"": ""sqrt"", ""clf__base__min_samples_leaf"": 1, ""clf__base__n_estimators"": 200}",0.997,0.990842105263158,0.9571984435797666,0.984,0.970414201183432,0.999156651908075,0.9976842105263158,0.998419888338776,0.984417044761104,0.9689368900484702,0.999728,0.9913514588041776,0.9908184814373896,1.028,6.3,False,1f58d07,scikit-learn=1.9.1;imbalanced-learn=0.14.2;xgboost=3.4.1;lightgbm=4.7.0;numpy=2.5.3;pandas=3.0.6,2026-09-27T22:11:38Z
cicids2017,network_security,member_1,e3,c6_BC_weights_threshold,0,1,1,orig,1.0,0.0,0.05,XGB,0,0,2026,5000,5000,250,0,0.05,1.0,0.494919091463089,"{""clf__base__colsample_bytree"": 0.6299297262516527, ""clf__base__learning_rate"": 0.24209961404115907, ""clf__base__max_depth"": 3, ""clf__base__min_child_weight"": 1, ""clf__base__n_estimators"": 400, ""clf__base__reg_lambda"": 0.013825769701893902, ""clf__base__subsample"": 0.7881804586451416}",0.9984,0.9934736842105264,0.98015873015873,0.988,0.9840637450199204,0.9993681550126368,0.9989473684210526,0.9991577174141923,0.9916107312170565,0.9832301264798344,0.9997111578947367,0.993606417710611,0.9934586050762256,1.008,4.51,False,1f58d07,scikit-learn=1.9.1;imbalanced-learn=0.14.2;xgboost=3.4.1;lightgbm=4.7.0;numpy=2.5.3;pandas=3.0.6,2026-09-27T22:11:43Z
cicids2017,network_security,member_1,e3,c6_BC_weights_threshold,0,1,1,orig,1.0,0.0,0.05,XGB,0,1,2027,5000,5000,250,0,0.05,1.0,0.7777292132377625,"{""clf__base__colsample_bytree"": 0.9206269033670733, ""clf__base__learning_rate"": 0.21639357680112015, ""clf__base__max_depth"": 3, ""clf__base__min_child_weight"": 1, ""clf__base__n_estimators"": 200, ""clf__base__reg_lambda"": 0.39950328397895196, ""clf__base__subsample"": 0.643985800858856}",0.9988,0.9974736842105264,0.9803149606299212,0.996,0.988095238095238,0.9997892962494732,0.9989473684210526,0.9993681550126368,0.9937316965539376,0.987497924636009,0.9998618947368422,0.9968779432541032,0.9974725955871512,1.0159999999999998,3.72,False,1f58d07,scikit-learn=1.9.1;imbalanced-learn=0.14.2;xgboost=3.4.1;lightgbm=4.7.0;numpy=2.5.3;pandas=3.0.6,2026-09-27T22:11:47Z
cicids2017,network_security,member_1,e3,c6_BC_weights_threshold,0,1,1,orig,1.0,0.0,0.05,XGB,1,0,3026,5000,5000,250,0,0.05,1.0,0.7171061038970947,"{""clf__base__colsample_bytree"": 0.9309234777238906, ""clf__base__learning_rate"": 0.04043516810958894, ""clf__base__max_depth"": 6, ""clf__base__min_child_weight"": 1, ""clf__base__n_estimators"": 800, ""clf__base__reg_lambda"": 0.07885568670293347, ""clf__base__subsample"": 0.6164565020946385}",0.9982,0.9933684210526316,0.9762845849802372,0.988,0.9821073558648112,0.999368021908574,0.9987368421052631,0.999052332315468,0.9905798440901395,0.9811790725006488,0.9997385263157896,0.9943954588556037,0.993353914775595,1.012,12.12,False,1f58d07,scikit-learn=1.9.1;imbalanced-learn=0.14.2;xgboost=3.4.1;lightgbm=4.7.0;numpy=2.5.3;pandas=3.0.6,2026-09-27T22:11:59Z
cicids2017,network_security,member_1,e3,c6_BC_weights_threshold,0,1,1,orig,1.0,0.0,0.05,XGB,1,1,3027,5000,5000,250,0,0.05,1.0,0.8383419513702393,"{""clf__base__colsample_bytree"": 0.7104807071006849, ""clf__base__learning_rate"": 0.04849185141838699, ""clf__base__max_depth"": 6, ""clf__base__min_child_weight"": 1, ""clf__base__n_estimators"": 800, ""clf__base__reg_lambda"": 0.10018170767019599, ""clf__base__subsample"": 0.8054452821394007}",0.9986,0.9897894736842106,0.9919028340080972,0.98,0.9859154929577464,0.998948032821376,0.999578947368421,0.9992633905082604,0.9925894417330036,0.9851987866049688,0.9998568421052632,0.9968004156780592,0.9897410612988896,0.988,12.21,False,1f58d07,scikit-learn=1.9.1;imbalanced-learn=0.14.2;xgboost=3.4.1;lightgbm=4.7.0;numpy=2.5.3;pandas=3.0.6,2026-09-27T22:12:11Z
cicids2017,network_security,member_1,e3,c6_BC_weights_threshold,0,1,1,orig,1.0,0.0,0.05,XGB,2,0,4026,5000,5000,250,0,0.05,1.0,0.4948695600032806,"{""clf__base__colsample_bytree"": 0.6565518320781988, ""clf__base__learning_rate"": 0.15688469024582752, ""clf__base__max_depth"": 6, ""clf__base__min_child_weight"": 3, ""clf__base__n_estimators"": 400, ""clf__base__reg_lambda"": 0.12145822228788311, ""clf__base__subsample"": 0.9124440815566071}",0.998,0.9970526315789474,0.9651162790697676,0.996,0.9803149606299212,0.9997891185153944,0.9981052631578948,0.9989464812473662,0.9896307209386436,0.9793965153036182,0.999739789473684,0.992874561167383,0.997052075924454,1.032,6.03,False,1f58d07,scikit-learn=1.9.1;imbalanced-learn=0.14.2;xgboost=3.4.1;lightgbm=4.7.0;numpy=2.5.3;pandas=3.0.6,2026-09-27T22:12:17Z
cicids2017,network_security,member_1,e3,c6_BC_weights_threshold,0,1,1,orig,1.0,0.0,0.05,XGB,2,1,4027,5000,5000,250,0,0.05,1.0,0.6462399959564209,"{""clf__base__colsample_bytree"": 0.6873560330382258, ""clf__base__learning_rate"": 0.23860761818562579, ""clf__base__max_depth"": 6, ""clf__base__min_child_weight"": 5, ""clf__base__n_estimators"": 800, ""clf__base__reg_lambda"": 0.29013622163961644, ""clf__base__subsample"": 0.6162837093889824}",0.9968,0.983157894736842,0.968,0.968,0.968,0.9983157894736842,0.9983157894736842,0.9983157894736842,0.983157894736842,0.9663157894736842,0.9995313684210528,0.9871826803266626,0.9830410389248896,1.0,8.16,False,1f58d07,scikit-learn=1.9.1;imbalanced-learn=0.14.2;xgboost=3.4.1;lightgbm=4.7.0;numpy=2.5.3;pandas=3.0.6,2026-09-27T22:12:26Z
cicids2017,network_security,member_1,e3,c6_BC_weights_threshold,0,1,1,orig,1.0,0.0,0.05,XGB,3,0,5026,5000,5000,250,0,0.05,1.0,0.7575275897979736,"{""clf__base__colsample_bytree"": 0.966186289625362, ""clf__base__learning_rate"": 0.29511899190869545, ""clf__base__max_depth"": 6, ""clf__base__min_child_weight"": 1, ""clf__base__n_estimators"": 200, ""clf__base__reg_lambda"": 1.784943962718507, ""clf__base__subsample"": 0.76926012218394}",0.9988,0.9936842105263156,0.988,0.988,0.988,0.9993684210526316,0.9993684210526316,0.9993684210526316,0.9936842105263156,0.9873684210526316,0.9998383157894736,0.9964256526316512,0.9936679525877848,1.0,3.58,False,1f58d07,scikit-learn=1.9.1;imbalanced-learn=0.14.2;xgboost=3.4.1;lightgbm=4.7.0;numpy=2.5.3;pandas=3.0.6,2026-09-27T22:12:29Z
cicids2017,network_security,member_1,e3,c6_BC_weights_threshold,0,1,1,orig,1.0,0.0,0.05,XGB,3,1,5027,5000,5000,250,0,0.05,1.0,0.5352928638458252,"{""clf__base__colsample_bytree"": 0.8405279927109883, ""clf__base__learning_rate"": 0.03965143905411441, ""clf__base__max_depth"": 8, ""clf__base__min_child_weight"": 1, ""clf__base__n_estimators"": 400, ""clf__base__reg_lambda"": 0.025783651592417578, ""clf__base__subsample"": 0.6276769187790308}",0.9968,0.988842105263158,0.95703125,0.98,0.9683794466403162,0.998946037099494,0.9976842105263158,0.9983147250895302,0.9833470858649233,0.96676982742479,0.9997305263157894,0.9944671403515444,0.9888025719605452,1.024,6.87,False,1f58d07,scikit-learn=1.9.1;imbalanced-learn=0.14.2;xgboost=3.4.1;lightgbm=4.7.0;numpy=2.5.3;pandas=3.0.6,2026-09-27T22:12:36Z
cicids2017,network_security,member_1,e3,c6_BC_weights_threshold,0,1,1,orig,1.0,0.0,0.05,XGB,4,0,6026,5000,5000,250,0,0.05,1.0,0.8885452151298523,"{""clf__base__colsample_bytree"": 0.6019883151666798, ""clf__base__learning_rate"": 0.05495868370296514, ""clf__base__max_depth"": 3, ""clf__base__min_child_weight"": 1, ""clf__base__n_estimators"": 200, ""clf__base__reg_lambda"": 0.012258452796480747, ""clf__base__subsample"": 0.8499805869873966}",0.9988,0.9936842105263156,0.988,0.988,0.988,0.9993684210526316,0.9993684210526316,0.9993684210526316,0.9936842105263156,0.9873684210526316,0.9997587368421051,0.9940699108313706,0.9936679525877848,1.0,4.48,False,1f58d07,scikit-learn=1.9.1;imbalanced-learn=0.14.2;xgboost=3.4.1;lightgbm=4.7.0;numpy=2.5.3;pandas=3.0.6,2026-09-27T22:12:41Z
cicids2017,network_security,member_1,e3,c6_BC_weights_threshold,0,1,1,orig,1.0,0.0,0.05,XGB,4,1,6027,5000,5000,250,0,0.05,1.0,0.7672126889228821,"{""clf__base__colsample_bytree"": 0.6727525958293022, ""clf__base__learning_rate"": 0.05449538176591959, ""clf__base__max_depth"": 8, ""clf__base__min_child_weight"": 3, ""clf__base__n_estimators"": 200, ""clf__base__reg_lambda"": 0.07688739689012937, ""clf__base__subsample"": 0.7971326949088138}",0.9986,0.9954736842105264,0.9802371541501976,0.992,0.9860834990059644,0.9995786812723826,0.9989473684210526,0.999262925134253,0.9926732120701086,0.9853658831364526,0.9998147368421052,0.9956583378726248,0.9954676235185572,1.012,5.34,False,1f58d07,scikit-learn=1.9.1;imbalanced-learn=0.14.2;xgboost=3.4.1;lightgbm=4.7.0;numpy=2.5.3;pandas=3.0.6,2026-09-27T22:12:46Z
cicids2017,network_security,member_1,e3,c7_ABC_full,1,1,1,orig,1.0,1.0,0.05,LR,0,0,2026,5000,5000,250,0,0.5,19.0,0.98989898989899,"{""clf__base__C"": 86.64678862932995}",0.9524,0.9522105263157894,0.5129310344827587,0.952,0.6666666666666666,0.9973544973544972,0.952421052631579,0.9743700193840188,0.8205183430253428,0.6793474647387124,0.9685364210526316,0.4515160455689725,0.9522105030429264,1.856,6.6,False,1f58d07,scikit-learn=1.9.1;imbalanced-learn=0.14.2;xgboost=3.4.1;lightgbm=4.7.0;numpy=2.5.3;pandas=3.0.6,2026-09-27T22:12:53Z
cicids2017,network_security,member_1,e3,c7_ABC_full,1,1,1,orig,1.0,1.0,0.05,LR,0,1,2027,5000,5000,250,0,0.5,19.0,0.97979797979798,"{""clf__base__C"": 16.993265093194907}",0.9472,0.9665263157894736,0.4862204724409449,0.988,0.6517150395778364,0.9993321460373998,0.9450526315789474,0.9714347543821684,0.8115748969800023,0.6730870288761092,0.972500210526316,0.4703913866175624,0.9662877418243492,2.032,6.54,False,1f58d07,scikit-learn=1.9.1;imbalanced-learn=0.14.2;xgboost=3.4.1;lightgbm=4.7.0;numpy=2.5.3;pandas=3.0.6,2026-09-27T22:13:00Z
cicids2017,network_security,member_1,e3,c7_ABC_full,1,1,1,orig,1.0,1.0,0.05,LR,1,0,3026,5000,5000,250,0,0.5,19.0,0.98989898989899,"{""clf__base__C"": 15.380143979192482}",0.9552,0.948,0.5292792792792793,0.94,0.6772334293948127,0.9967076382791924,0.956,0.9759295078444016,0.8265814686196071,0.6865014771523733,0.9736985263157896,0.4821957666926535,0.9479662441247578,1.776,6.47,False,1f58d07,scikit-learn=1.9.1;imbalanced-learn=0.14.2;xgboost=3.4.1;lightgbm=4.7.0;numpy=2.5.3;pandas=3.0.6,2026-09-27T22:13:06Z
cicids2017,network_security,member_1,e3,c7_ABC_full,1,1,1,orig,1.0,1.0,0.05,LR,1,1,3027,5000,5000,250,0,0.5,19.0,0.98989898989899,"{""clf__base__C"": 4.686201792798966}",0.947,0.9436842105263156,0.4845360824742268,0.94,0.6394557823129252,0.9966777408637874,0.9473684210526316,0.9713977334052888,0.805426757859107,0.6534630445588745,0.9700058947368422,0.4387057300485055,0.943677018788459,1.94,5.63,False,1f58d07,scikit-learn=1.9.1;imbalanced-learn=0.14.2;xgboost=3.4.1;lightgbm=4.7.0;numpy=2.5.3;pandas=3.0.6,2026-09-27T22:13:12Z
cicids2017,network_security,member_1,e3,c7_ABC_full,1,1,1,orig,1.0,1.0,0.05,LR,2,0,4026,5000,5000,250,0,0.5,19.0,0.98989898989899,"{""clf__base__C"": 11.333229684537264}",0.9436,0.9343157894736842,0.4676113360323887,0.924,0.6209677419354839,0.9957833999112294,0.9446315789473684,0.969533275713051,0.7952505088242674,0.6344440882840693,0.970133894736842,0.4436285093145444,0.9342588393734192,1.976,4.96,False,1f58d07,scikit-learn=1.9.1;imbalanced-learn=0.14.2;xgboost=3.4.1;lightgbm=4.7.0;numpy=2.5.3;pandas=3.0.6,2026-09-27T22:13:17Z
cicids2017,network_security,member_1,e3,c7_ABC_full,1,1,1,orig,1.0,1.0,0.05,LR,2,1,4027,5000,5000,250,0,0.5,19.0,0.98989898989899,"{""clf__base__C"": 80.93579062656904}",0.9588,0.9612631578947368,0.5502283105022832,0.964,0.7005813953488372,0.9980271810609382,0.9585263157894736,0.9778780068728522,0.8392297011108447,0.7111821979937106,0.9654816842105264,0.5476291714053801,0.961259261812885,1.7519999999999998,6.13,False,1f58d07,scikit-learn=1.9.1;imbalanced-learn=0.14.2;xgboost=3.4.1;lightgbm=4.7.0;numpy=2.5.3;pandas=3.0.6,2026-09-27T22:13:23Z
cicids2017,network_security,member_1,e3,c7_ABC_full,1,1,1,orig,1.0,1.0,0.05,LR,3,0,5026,5000,5000,250,0,0.5,19.0,0.97979797979798,"{""clf__base__C"": 68.96511808116286}",0.9476,0.9667368421052632,0.4881422924901186,0.988,0.6534391534391535,0.9993324432576768,0.9454736842105264,0.9716572912159238,0.8125482223275386,0.6745701131372834,0.97408,0.4741730728638455,0.9665029746462244,2.024,5.78,False,1f58d07,scikit-learn=1.9.1;imbalanced-learn=0.14.2;xgboost=3.4.1;lightgbm=4.7.0;numpy=2.5.3;pandas=3.0.6,2026-09-27T22:13:29Z
cicids2017,network_security,member_1,e3,c7_ABC_full,1,1,1,orig,1.0,1.0,0.05,LR,3,1,5027,5000,5000,250,0,0.5,19.0,0.97979797979798,"{""clf__base__C"": 12.776241362116359}",0.9458,0.9657894736842104,0.4796116504854369,0.988,0.6457516339869281,0.9993311036789296,0.9435789473684212,0.970655116404981,0.8082033751959545,0.6679618153563669,0.9710357894736842,0.4514584188597962,0.9655340491147892,2.06,7.8,False,1f58d07,scikit-learn=1.9.1;imbalanced-learn=0.14.2;xgboost=3.4.1;lightgbm=4.7.0;numpy=2.5.3;pandas=3.0.6,2026-09-27T22:13:37Z
cicids2017,network_security,member_1,e3,c7_ABC_full,1,1,1,orig,1.0,1.0,0.05,LR,4,0,6026,5000,5000,250,0,0.5,19.0,0.989898989898868,"{""clf__base__C"": 21.899056071125766}",0.9496,0.9507368421052632,0.497907949790795,0.952,0.6538461538461539,0.9973463069438302,0.9494736842105264,0.9728213977566867,0.8133337758014203,0.6681756351734986,0.975323789473684,0.4992122783231759,0.9507360029831736,1.912,7.26,False,1f58d07,scikit-learn=1.9.1;imbalanced-learn=0.14.2;xgboost=3.4.1;lightgbm=4.7.0;numpy=2.5.3;pandas=3.0.6,2026-09-27T22:13:45Z
cicids2017,network_security,member_1,e3,c7_ABC_full,1,1,1,orig,1.0,1.0,0.05,LR,4,1,6027,5000,5000,250,0,0.5,19.0,0.98989898989899,"{""clf__base__C"": 89.78839453758782}",0.9464,0.9566315789473684,0.4820717131474104,0.968,0.6436170212765957,0.9982214317474432,0.9452631578947368,0.9710207612456748,0.8073188912611352,0.6622945222647311,0.9695621052631578,0.4319149739725952,0.9565640265252008,2.008,7.17,False,1f58d07,scikit-learn=1.9.1;imbalanced-learn=0.14.2;xgboost=3.4.1;lightgbm=4.7.0;numpy=2.5.3;pandas=3.0.6,2026-09-27T22:13:52Z
cicids2017,network_security,member_1,e3,c7_ABC_full,1,1,1,orig,1.0,1.0,0.05,RF,0,0,2026,5000,5000,250,0,0.5,19.0,0.797979797979798,"{""clf__base__max_depth"": 16, ""clf__base__max_features"": ""sqrt"", ""clf__base__min_samples_leaf"": 1, ""clf__base__n_estimators"": 400}",0.9952,0.988,0.928030303030303,0.98,0.953307392996109,0.9989442567567568,0.996,0.9974699557242253,0.9753886743601672,0.9511714726337048,0.9993393684210526,0.98225157899528,0.9879676108051316,1.0559999999999998,29.05,False,1f58d07,scikit-learn=1.9.1;imbalanced-learn=0.14.2;xgboost=3.4.1;lightgbm=4.7.0;numpy=2.5.3;pandas=3.0.6,2026-09-27T22:14:21Z
cicids2017,network_security,member_1,e3,c7_ABC_full,1,1,1,orig,1.0,1.0,0.05,RF,0,1,2027,5000,5000,250,0,0.5,19.0,0.8686868686868687,"{""clf__base__max_depth"": 16, ""clf__base__max_features"": ""sqrt"", ""clf__base__min_samples_leaf"": 2, ""clf__base__n_estimators"": 200}",0.996,0.9978947368421052,0.925925925925926,1.0,0.9615384615384616,1.0,0.9957894736842106,0.9978902953586498,0.9797143784485556,0.9602225213190654,0.9996652631578948,0.9900700615523416,0.9978925160979064,1.0799999999999998,19.88,False,1f58d07,scikit-learn=1.9.1;imbalanced-learn=0.14.2;xgboost=3.4.1;lightgbm=4.7.0;numpy=2.5.3;pandas=3.0.6,2026-09-27T22:14:41Z
cicids2017,network_security,member_1,e3,c7_ABC_full,1,1,1,orig,1.0,1.0,0.05,RF,1,0,3026,5000,5000,250,0,0.5,19.0,0.9292929292929294,"{""clf__base__max_depth"": null, ""clf__base__max_features"": ""log2"", ""clf__base__min_samples_leaf"": 1, ""clf__base__n_estimators"": 400}",0.996,0.9884210526315788,0.9423076923076924,0.98,0.9607843137254902,0.9989451476793249,0.996842105263158,0.9978925184404636,0.979338416082977,0.95888237328561,0.9993642105263156,0.9800850577741658,0.9883851795519268,1.0399999999999998,26.58,False,1f58d07,scikit-learn=1.9.1;imbalanced-learn=0.14.2;xgboost=3.4.1;lightgbm=4.7.0;numpy=2.5.3;pandas=3.0.6,2026-09-27T22:15:08Z
cicids2017,network_security,member_1,e3,c7_ABC_full,1,1,1,orig,1.0,1.0,0.05,RF,1,1,3027,5000,5000,250,0,0.5,19.0,0.8585858585858587,"{""clf__base__max_depth"": null, ""clf__base__max_features"": ""log2"", ""clf__base__min_samples_leaf"": 1, ""clf__base__n_estimators"": 200}",0.9956,0.9938947368421052,0.9253731343283582,0.992,0.9575289575289576,0.9995773457311918,0.9957894736842106,0.9976798143851509,0.9776043859570542,0.9558537272417684,0.9997263157894736,0.9937286918918388,0.9938929308002632,1.072,15.87,False,1f58d07,scikit-learn=1.9.1;imbalanced-learn=0.14.2;xgboost=3.4.1;lightgbm=4.7.0;numpy=2.5.3;pandas=3.0.6,2026-09-27T22:15:24Z
cicids2017,network_security,member_1,e3,c7_ABC_full,1,1,1,orig,1.0,1.0,0.05,RF,2,0,4026,5000,5000,250,0,0.5,19.0,0.9090909090909092,"{""clf__base__max_depth"": null, ""clf__base__max_features"": ""sqrt"", ""clf__base__min_samples_leaf"": 1, ""clf__base__n_estimators"": 200}",0.9972,0.9947368421052633,0.953846153846154,0.992,0.9725490196078432,0.99957805907173,0.9974736842105264,0.9985247629083246,0.985536891258084,0.9712817143194756,0.9995957894736842,0.9859628147258208,0.9947330771301628,1.0399999999999998,19.97,False,1f58d07,scikit-learn=1.9.1;imbalanced-learn=0.14.2;xgboost=3.4.1;lightgbm=4.7.0;numpy=2.5.3;pandas=3.0.6,2026-09-27T22:15:44Z
cicids2017,network_security,member_1,e3,c7_ABC_full,1,1,1,orig,1.0,1.0,0.05,RF,2,1,4027,5000,5000,250,0,0.5,19.0,0.9393939393939394,"{""clf__base__max_depth"": 16, ""clf__base__max_features"": ""log2"", ""clf__base__min_samples_leaf"": 1, ""clf__base__n_estimators"": 400}",0.9952,0.9766315789473684,0.9484126984126984,0.956,0.952191235059761,0.9976832350463352,0.9972631578947369,0.9974731522425774,0.9748321936511692,0.9496727842791576,0.9992564210526316,0.9834622320574444,0.9764136310741306,1.008,27.26,False,1f58d07,scikit-learn=1.9.1;imbalanced-learn=0.14.2;xgboost=3.4.1;lightgbm=4.7.0;numpy=2.5.3;pandas=3.0.6,2026-09-27T22:16:11Z
cicids2017,network_security,member_1,e3,c7_ABC_full,1,1,1,orig,1.0,1.0,0.05,RF,3,0,5026,5000,5000,250,0,0.5,19.0,0.8282828282828284,"{""clf__base__max_depth"": 16, ""clf__base__max_features"": ""sqrt"", ""clf__base__min_samples_leaf"": 2, ""clf__base__n_estimators"": 400}",0.995,0.9916842105263156,0.9182156133828996,0.988,0.9518304431599228,0.9993658845909956,0.9953684210526316,0.9973631473473262,0.9745967952536244,0.9499056104949049,0.999504,0.9878269719287406,0.9916773668890504,1.0759999999999998,30.18,False,1f58d07,scikit-learn=1.9.1;imbalanced-learn=0.14.2;xgboost=3.4.1;lightgbm=4.7.0;numpy=2.5.3;pandas=3.0.6,2026-09-27T22:16:41Z
cicids2017,network_security,member_1,e3,c7_ABC_full,1,1,1,orig,1.0,1.0,0.05,RF,3,1,5027,5000,5000,250,0,0.5,19.0,0.8383838383838385,"{""clf__base__max_depth"": null, ""clf__base__max_features"": ""sqrt"", ""clf__base__min_samples_leaf"": 1, ""clf__base__n_estimators"": 200}",0.9956,0.992,0.9285714285714286,0.988,0.9573643410852714,0.9993662864385298,0.996,0.9976803036693378,0.9775223223773046,0.955557801270964,0.9994690526315788,0.985756259406383,0.9919919354510902,1.0639999999999998,17.53,False,1f58d07,scikit-learn=1.9.1;imbalanced-learn=0.14.2;xgboost=3.4.1;lightgbm=4.7.0;numpy=2.5.3;pandas=3.0.6,2026-09-27T22:16:59Z
cicids2017,network_security,member_1,e3,c7_ABC_full,1,1,1,orig,1.0,1.0,0.05,RF,4,0,6026,5000,5000,250,0,0.5,19.0,0.9090909090909092,"{""clf__base__max_depth"": 16, ""clf__base__max_features"": ""sqrt"", ""clf__base__min_samples_leaf"": 2, ""clf__base__n_estimators"": 400}",0.9954,0.9843157894736844,0.9382239382239382,0.972,0.9548133595284872,0.998523518245096,0.9966315789473684,0.99757665156464,0.9761950055465636,0.9525561231940782,0.9994808421052632,0.9862438922626602,0.98423873868937,1.0359999999999998,31.41,False,1f58d07,scikit-learn=1.9.1;imbalanced-learn=0.14.2;xgboost=3.4.1;lightgbm=4.7.0;numpy=2.5.3;pandas=3.0.6,2026-09-27T22:17:30Z
cicids2017,network_security,member_1,e3,c7_ABC_full,1,1,1,orig,1.0,1.0,0.05,RF,4,1,6027,5000,5000,250,0,0.5,19.0,0.9393939393939394,"{""clf__base__max_depth"": null, ""clf__base__max_features"": ""sqrt"", ""clf__base__min_samples_leaf"": 1, ""clf__base__n_estimators"": 200}",0.9964,0.9867368421052632,0.953125,0.976,0.9644268774703556,0.9987352445193928,0.9974736842105264,0.9981040657257216,0.9812654715980388,0.9626063053428572,0.9996631578947368,0.990351610937321,0.9866784257241432,1.024,17.71,False,1f58d07,scikit-learn=1.9.1;imbalanced-learn=0.14.2;xgboost=3.4.1;lightgbm=4.7.0;numpy=2.5.3;pandas=3.0.6,2026-09-27T22:17:48Z
cicids2017,network_security,member_1,e3,c7_ABC_full,1,1,1,orig,1.0,1.0,0.05,XGB,0,0,2026,5000,5000,250,0,0.5,19.0,0.969693660736084,"{""clf__base__colsample_bytree"": 0.6299297262516527, ""clf__base__learning_rate"": 0.24209961404115907, ""clf__base__max_depth"": 3, ""clf__base__min_child_weight"": 1, ""clf__base__n_estimators"": 400, ""clf__base__reg_lambda"": 0.013825769701893902, ""clf__base__subsample"": 0.7881804586451416}",0.9976,0.9892631578947368,0.9722222222222222,0.98,0.9760956175298804,0.9989469250210616,0.9985263157894736,0.9987365761212889,0.9874160968255846,0.9748407909296652,0.9996109473684212,0.9895534459547528,0.9892197882542,1.008,13.77,False,1f58d07,scikit-learn=1.9.1;imbalanced-learn=0.14.2;xgboost=3.4.1;lightgbm=4.7.0;numpy=2.5.3;pandas=3.0.6,2026-09-27T22:18:02Z
cicids2017,network_security,member_1,e3,c7_ABC_full,1,1,1,orig,1.0,1.0,0.05,XGB,0,1,2027,5000,5000,250,0,0.5,19.0,0.929269790649414,"{""clf__base__colsample_bytree"": 0.9206269033670733, ""clf__base__learning_rate"": 0.21639357680112015, ""clf__base__max_depth"": 3, ""clf__base__min_child_weight"": 1, ""clf__base__n_estimators"": 200, ""clf__base__reg_lambda"": 0.39950328397895196, ""clf__base__subsample"": 0.643985800858856}",0.9974,0.989157894736842,0.9683794466403162,0.98,0.974155069582505,0.9989467031809564,0.9983157894736842,0.9986311466778984,0.9863931081302016,0.9728054512290408,0.9997713684210526,0.9935547773362144,0.9891155006793748,1.012,10.33,False,1f58d07,scikit-learn=1.9.1;imbalanced-learn=0.14.2;xgboost=3.4.1;lightgbm=4.7.0;numpy=2.5.3;pandas=3.0.6,2026-09-27T22:18:13Z
cicids2017,network_security,member_1,e3,c7_ABC_full,1,1,1,orig,1.0,1.0,0.05,XGB,1,0,3026,5000,5000,250,0,0.5,19.0,0.8888674378395081,"{""clf__base__colsample_bytree"": 0.6427066924659094, ""clf__base__learning_rate"": 0.14362393914105898, ""clf__base__max_depth"": 6, ""clf__base__min_child_weight"": 1, ""clf__base__n_estimators"": 400, ""clf__base__reg_lambda"": 0.614643025252804, ""clf__base__subsample"": 0.9355678497997515}",0.9962,0.9904210526315788,0.942528735632184,0.984,0.9628180039138944,0.9991559400717452,0.996842105263158,0.9979976815259776,0.980407842719936,0.9610639832037696,0.9995941052631578,0.9909010464135998,0.990400238074965,1.044,10.57,False,1f58d07,scikit-learn=1.9.1;imbalanced-learn=0.14.2;xgboost=3.4.1;lightgbm=4.7.0;numpy=2.5.3;pandas=3.0.6,2026-09-27T22:18:23Z
cicids2017,network_security,member_1,e3,c7_ABC_full,1,1,1,orig,1.0,1.0,0.05,XGB,1,1,3027,5000,5000,250,0,0.5,19.0,0.9898819327354432,"{""clf__base__colsample_bytree"": 0.8513470081401819, ""clf__base__learning_rate"": 0.25382642172504044, ""clf__base__max_depth"": 4, ""clf__base__min_child_weight"": 1, ""clf__base__n_estimators"": 200, ""clf__base__reg_lambda"": 0.012756619257647156, ""clf__base__subsample"": 0.9023643959650978}",0.9986,0.9897894736842106,0.9919028340080972,0.98,0.9859154929577464,0.998948032821376,0.999578947368421,0.9992633905082604,0.9925894417330036,0.9851987866049688,0.9998084210526316,0.9955502131270616,0.9897410612988896,0.988,7.53,False,1f58d07,scikit-learn=1.9.1;imbalanced-learn=0.14.2;xgboost=3.4.1;lightgbm=4.7.0;numpy=2.5.3;pandas=3.0.6,2026-09-27T22:18:31Z
cicids2017,network_security,member_1,e3,c7_ABC_full,1,1,1,orig,1.0,1.0,0.05,XGB,2,0,4026,5000,5000,250,0,0.5,19.0,0.9595860838890076,"{""clf__base__colsample_bytree"": 0.659630670299126, ""clf__base__learning_rate"": 0.03834557874295529, ""clf__base__max_depth"": 4, ""clf__base__min_child_weight"": 1, ""clf__base__n_estimators"": 800, ""clf__base__reg_lambda"": 0.0752355555373566, ""clf__base__subsample"": 0.6669423150701586}",0.9978,0.9912631578947368,0.9723320158102768,0.984,0.978131212723658,0.9991573625447652,0.9985263157894736,0.9988417394966832,0.9884864761101706,0.9769922618648448,0.9997103157894736,0.9927283296688794,0.991236548325798,1.012,16.21,False,1f58d07,scikit-learn=1.9.1;imbalanced-learn=0.14.2;xgboost=3.4.1;lightgbm=4.7.0;numpy=2.5.3;pandas=3.0.6,2026-09-27T22:18:47Z
cicids2017,network_security,member_1,e3,c7_ABC_full,1,1,1,orig,1.0,1.0,0.05,XGB,2,1,4027,5000,5000,250,0,0.5,19.0,0.9494786858558656,"{""clf__base__colsample_bytree"": 0.7962534959268627, ""clf__base__learning_rate"": 0.14932277327771687, ""clf__base__max_depth"": 3, ""clf__base__min_child_weight"": 1, ""clf__base__n_estimators"": 200, ""clf__base__reg_lambda"": 0.019567811559382847, ""clf__base__subsample"": 0.9688357828106124}",0.9954,0.9729473684210526,0.9595141700404858,0.948,0.9537223340040242,0.9972648853355776,0.9978947368421052,0.9975797116699988,0.9756510228370116,0.9513213299411402,0.9996543157894736,0.99179963585609,0.972627477776726,0.988,7.55,False,1f58d07,scikit-learn=1.9.1;imbalanced-learn=0.14.2;xgboost=3.4.1;lightgbm=4.7.0;numpy=2.5.3;pandas=3.0.6,2026-09-27T22:18:55Z
cicids2017,network_security,member_1,e3,c7_ABC_full,1,1,1,orig,1.0,1.0,0.05,XGB,3,0,5026,5000,5000,250,0,0.5,19.0,0.9797786474227904,"{""clf__base__colsample_bytree"": 0.966186289625362, ""clf__base__learning_rate"": 0.29511899190869545, ""clf__base__max_depth"": 6, ""clf__base__min_child_weight"": 1, ""clf__base__n_estimators"": 200, ""clf__base__reg_lambda"": 1.784943962718507, ""clf__base__subsample"": 0.76926012218394}",0.9984,0.9915789473684212,0.984,0.984,0.984,0.999157894736842,0.999157894736842,0.999157894736842,0.9915789473684212,0.983157894736842,0.9998265263157894,0.9962405136200532,0.9915499828153156,1.0,8.56,False,1f58d07,scikit-learn=1.9.1;imbalanced-learn=0.14.2;xgboost=3.4.1;lightgbm=4.7.0;numpy=2.5.3;pandas=3.0.6,2026-09-27T22:19:03Z
cicids2017,network_security,member_1,e3,c7_ABC_full,1,1,1,orig,1.0,1.0,0.05,XGB,3,1,5027,5000,5000,250,0,0.5,19.0,0.9292891025543212,"{""clf__base__colsample_bytree"": 0.8618637240825485, ""clf__base__learning_rate"": 0.24920359397357883, ""clf__base__max_depth"": 6, ""clf__base__min_child_weight"": 1, ""clf__base__n_estimators"": 800, ""clf__base__reg_lambda"": 0.2723466933997092, ""clf__base__subsample"": 0.7486647947789067}",0.9976,0.9949473684210526,0.9612403100775194,0.992,0.9763779527559056,0.9995782370307889,0.9978947368421052,0.9987357774968394,0.9875568651263724,0.9752482877928024,0.999613052631579,0.9909116254552344,0.9949430028636658,1.032,12.16,False,1f58d07,scikit-learn=1.9.1;imbalanced-learn=0.14.2;xgboost=3.4.1;lightgbm=4.7.0;numpy=2.5.3;pandas=3.0.6,2026-09-27T22:19:16Z
cicids2017,network_security,member_1,e3,c7_ABC_full,1,1,1,orig,1.0,1.0,0.05,XGB,4,0,6026,5000,5000,250,0,0.5,19.0,0.959546446800232,"{""clf__base__colsample_bytree"": 0.8054931707609041, ""clf__base__learning_rate"": 0.0741136801321364, ""clf__base__max_depth"": 3, ""clf__base__min_child_weight"": 1, ""clf__base__n_estimators"": 200, ""clf__base__reg_lambda"": 0.6105355904706413, ""clf__base__subsample"": 0.8743098875360427}",0.9984,0.9915789473684212,0.984,0.984,0.984,0.999157894736842,0.999157894736842,0.999157894736842,0.9915789473684212,0.983157894736842,0.9997515789473684,0.9943771757708844,0.9915499828153156,1.0,6.81,False,1f58d07,scikit-learn=1.9.1;imbalanced-learn=0.14.2;xgboost=3.4.1;lightgbm=4.7.0;numpy=2.5.3;pandas=3.0.6,2026-09-27T22:19:23Z
cicids2017,network_security,member_1,e3,c7_ABC_full,1,1,1,orig,1.0,1.0,0.05,XGB,4,1,6027,5000,5000,250,0,0.5,19.0,0.9797117710113524,"{""clf__base__colsample_bytree"": 0.7400831131827571, ""clf__base__learning_rate"": 0.021664971667522914, ""clf__base__max_depth"": 8, ""clf__base__min_child_weight"": 1, ""clf__base__n_estimators"": 400, ""clf__base__reg_lambda"": 0.0421316488972222, ""clf__base__subsample"": 0.6098935341153626}",0.9976,0.9873684210526316,0.976,0.976,0.976,0.9987368421052631,0.9987368421052631,0.9987368421052631,0.9873684210526316,0.9747368421052632,0.9997654736842104,0.99455706352814,0.9873029716833313,1.0,11.81,False,1f58d07,scikit-learn=1.9.1;imbalanced-learn=0.14.2;xgboost=3.4.1;lightgbm=4.7.0;numpy=2.5.3;pandas=3.0.6,2026-09-27T22:19:34Z
cicids2017,network_security,member_1,e3,c0_none,0,0,0,none,0.0,0.0,0.02,LR,0,0,2026,5000,5000,100,10,0.02,0.0204081632653061,0.5,"{""clf__base__C"": 8.244177664395792}",0.9856,0.6987755102040816,0.7692307692307693,0.4,0.5263157894736842,0.9878738884397736,0.9975510204081632,0.992688870836718,0.7595023301552011,0.5486234858376895,0.9748346938775512,0.4779968652671601,0.6316806219627648,0.52,34.14,False,1f58d07,scikit-learn=1.9.1;imbalanced-learn=0.14.2;xgboost=3.4.1;lightgbm=4.7.0;numpy=2.5.3;pandas=3.0.6,2026-09-27T19:52:08Z
cicids2017,network_security,member_1,e3,c0_none,0,0,0,none,0.0,0.0,0.02,LR,0,1,2027,5000,5000,100,10,0.02,0.0204081632653061,0.5,"{""clf__base__C"": 8.004475763115407}",0.9858,0.6596938775510204,0.9142857142857144,0.32,0.4740740740740741,0.9863041289023162,0.9993877551020408,0.9928028383172832,0.7334384561956787,0.5363183460254963,0.9802530612244896,0.5045366712788103,0.5655122294280231,0.35,13.03,False,1f58d07,scikit-learn=1.9.1;imbalanced-learn=0.14.2;xgboost=3.4.1;lightgbm=4.7.0;numpy=2.5.3;pandas=3.0.6,2026-09-27T19:52:21Z
cicids2017,network_security,member_1,e3,c0_none,0,0,0,none,0.0,0.0,0.02,LR,1,0,3026,5000,5000,100,10,0.02,0.0204081632653061,0.5,"{""clf__base__C"": 1.0270119574686296}",0.984,0.673469387755102,0.7,0.35,0.4666666666666667,0.9868686868686868,0.996938775510204,0.9918781725888324,0.7292724196277496,0.4881612245544744,0.961338775510204,0.4100533722264937,0.5907017618295813,0.5,11.36,False,1f58d07,scikit-learn=1.9.1;imbalanced-learn=0.14.2;xgboost=3.4.1;lightgbm=4.7.0;numpy=2.5.3;pandas=3.0.6,2026-09-27T19:52:33Z
cicids2017,network_security,member_1,e3,c0_none,0,0,0,none,0.0,0.0,0.02,LR,1,1,3027,5000,5000,100,10,0.02,0.0204081632653061,0.5,"{""clf__base__C"": 2.427560843432097}",0.9794,0.5143877551020408,0.3333333333333333,0.03,0.055045871559633,0.9805650170306552,0.9987755102040816,0.989586492771206,0.5223161821654196,0.0950399136360263,0.977577551020408,0.5140027866460886,0.1730990043475769,0.09,11.02,False,1f58d07,scikit-learn=1.9.1;imbalanced-learn=0.14.2;xgboost=3.4.1;lightgbm=4.7.0;numpy=2.5.3;pandas=3.0.6,2026-09-27T19:52:44Z
cicids2017,network_security,member_1,e3,c0_none,0,0,0,none,0.0,0.0,0.02,LR,2,0,4026,5000,5000,100,10,0.02,0.0204081632653061,0.5,"{""clf__base__C"": 11.333229684537264}",0.985,0.6739795918367346,0.7777777777777778,0.35,0.4827586206896552,0.9868819374369324,0.9979591836734694,0.9923896499238964,0.7375741353067758,0.5158200948917152,0.9773795918367348,0.4448708915069381,0.5910039883839315,0.4499999999999999,10.78,False,1f58d07,scikit-learn=1.9.1;imbalanced-learn=0.14.2;xgboost=3.4.1;lightgbm=4.7.0;numpy=2.5.3;pandas=3.0.6,2026-09-27T19:52:55Z
cicids2017,network_security,member_1,e3,c0_none,0,0,0,none,0.0,0.0,0.02,LR,2,1,4027,5000,5000,100,10,0.02,0.0204081632653061,0.5,"{""clf__base__C"": 7.590253919127836}",0.986,0.6842857142857143,0.8409090909090909,0.37,0.5138888888888888,0.9872881355932204,0.9985714285714286,0.9928977272727272,0.7533933080808081,0.5524941944589571,0.9743428571428572,0.4940245944916465,0.6078416147084934,0.44,11.19,False,1f58d07,scikit-learn=1.9.1;imbalanced-learn=0.14.2;xgboost=3.4.1;lightgbm=4.7.0;numpy=2.5.3;pandas=3.0.6,2026-09-27T19:53:06Z
cicids2017,network_security,member_1,e3,c0_none,0,0,0,none,0.0,0.0,0.02,LR,3,0,5026,5000,5000,100,10,0.02,0.0204081632653061,0.5,"{""clf__base__C"": 68.96511808116286}",0.982,0.6920408163265306,0.5735294117647058,0.39,0.4642857142857143,0.987631792376318,0.9940816326530612,0.9908462164361268,0.7275659653609206,0.4642539299435624,0.983038775510204,0.4852280133662237,0.6226490478067833,0.6799999999999999,13.19,False,1f58d07,scikit-learn=1.9.1;imbalanced-learn=0.14.2;xgboost=3.4.1;lightgbm=4.7.0;numpy=2.5.3;pandas=3.0.6,2026-09-27T19:53:20Z
cicids2017,network_security,member_1,e3,c0_none,0,0,0,none,0.0,0.0,0.02,LR,3,1,5027,5000,5000,100,10,0.02,0.0204081632653061,0.5,"{""clf__base__C"": 12.776241362116359}",0.986,0.6695918367346939,0.8947368421052632,0.34,0.4927536231884058,0.9866989117291416,0.9991836734693876,0.9929020482660718,0.7428278357272388,0.5467802272511436,0.977661224489796,0.5190898409415456,0.5828571428571429,0.38,12.56,False,1f58d07,scikit-learn=1.9.1;imbalanced-learn=0.14.2;xgboost=3.4.1;lightgbm=4.7.0;numpy=2.5.3;pandas=3.0.6,2026-09-27T19:53:33Z
cicids2017,network_security,member_1,e3,c0_none,0,0,0,none,0.0,0.0,0.02,LR,4,0,6026,5000,5000,100,10,0.02,0.0204081632653061,0.5,"{""clf__base__C"": 11.931263751588402}",0.9864,0.6942857142857143,0.8478260869565217,0.39,0.5342465753424658,0.9876867178037948,0.9985714285714286,0.9930992490359244,0.7636729121891952,0.5697862793499308,0.9801102040816329,0.5133525820664857,0.6240535691291711,0.4599999999999999,12.49,False,1f58d07,scikit-learn=1.9.1;imbalanced-learn=0.14.2;xgboost=3.4.1;lightgbm=4.7.0;numpy=2.5.3;pandas=3.0.6,2026-09-27T19:53:46Z
cicids2017,network_security,member_1,e3,c0_none,0,0,0,none,0.0,0.0,0.02,LR,4,1,6027,5000,5000,100,10,0.02,0.0204081632653061,0.5,"{""clf__base__C"": 3.663404056321904}",0.9852,0.6691836734693878,0.8095238095238095,0.34,0.4788732394366197,0.9866881807180314,0.9983673469387756,0.9924934063704606,0.7356833229035401,0.5190492642697551,0.9724448979591837,0.4488043603813407,0.5826189989686087,0.42,11.44,False,1f58d07,scikit-learn=1.9.1;imbalanced-learn=0.14.2;xgboost=3.4.1;lightgbm=4.7.0;numpy=2.5.3;pandas=3.0.6,2026-09-27T19:53:57Z
cicids2017,network_security,member_1,e3,c0_none,0,0,0,none,0.0,0.0,0.02,RF,0,0,2026,5000,5000,100,10,0.02,0.0204081632653061,0.5,"{""clf__base__max_depth"": 16, ""clf__base__max_features"": ""sqrt"", ""clf__base__min_samples_leaf"": 1, ""clf__base__n_estimators"": 400}",0.9952,0.889795918367347,0.975,0.78,0.8666666666666667,0.9955284552845528,0.999591836734694,0.9975560081466396,0.9321113374066532,0.8698368013935543,0.9983551020408163,0.9388348015167618,0.8829958282195116,0.8,123.69,False,1f58d07,scikit-learn=1.9.1;imbalanced-learn=0.14.2;xgboost=3.4.1;lightgbm=4.7.0;numpy=2.5.3;pandas=3.0.6,2026-09-27T19:56:01Z
cicids2017,network_security,member_1,e3,c0_none,0,0,0,none,0.0,0.0,0.02,RF,0,1,2027,5000,5000,100,10,0.02,0.0204081632653061,0.5,"{""clf__base__max_depth"": 16, ""clf__base__max_features"": ""sqrt"", ""clf__base__min_samples_leaf"": 2, ""clf__base__n_estimators"": 200}",0.9966,0.9296938775510204,0.9662921348314608,0.86,0.91005291005291,0.9971492567705152,0.9993877551020408,0.9982672510447456,0.9541600805488278,0.9099284228450104,0.9991734693877552,0.9604087408884844,0.9270779198038076,0.89,123.08,False,1f58d07,scikit-learn=1.9.1;imbalanced-learn=0.14.2;xgboost=3.4.1;lightgbm=4.7.0;numpy=2.5.3;pandas=3.0.6,2026-09-27T19:58:05Z
cicids2017,network_security,member_1,e3,c0_none,0,0,0,none,0.0,0.0,0.02,RF,1,0,3026,5000,5000,100,10,0.02,0.0204081632653061,0.5,"{""clf__base__max_depth"": null, ""clf__base__max_features"": ""log2"", ""clf__base__min_samples_leaf"": 1, ""clf__base__n_estimators"": 400}",0.9956,0.9144897959183672,0.9431818181818182,0.83,0.8829787234042553,0.9965390879478828,0.9989795918367348,0.9977578475336324,0.9403682854689438,0.8826151217851674,0.9988418367346938,0.9418701782965718,0.9105784212381104,0.88,145.51,False,1f58d07,scikit-learn=1.9.1;imbalanced-learn=0.14.2;xgboost=3.4.1;lightgbm=4.7.0;numpy=2.5.3;pandas=3.0.6,2026-09-27T20:00:37Z
cicids2017,network_security,member_1,e3,c0_none,0,0,0,none,0.0,0.0,0.02,RF,1,1,3027,5000,5000,100,10,0.02,0.0204081632653061,0.5,"{""clf__base__max_depth"": 16, ""clf__base__max_features"": ""log2"", ""clf__base__min_samples_leaf"": 1, ""clf__base__n_estimators"": 400}",0.9976,0.9595918367346938,0.9583333333333334,0.92,0.9387755102040816,0.99836867862969,0.9991836734693876,0.9987760097919216,0.9687757599980016,0.9377552291359008,0.9991285714285716,0.9593692707937675,0.9587747282817984,0.96,160.24,False,1f58d07,scikit-learn=1.9.1;imbalanced-learn=0.14.2;xgboost=3.4.1;lightgbm=4.7.0;numpy=2.5.3;pandas=3.0.6,2026-09-27T20:03:17Z
cicids2017,network_security,member_1,e3,c0_none,0,0,0,none,0.0,0.0,0.02,RF,2,0,4026,5000,5000,100,10,0.02,0.0204081632653061,0.5,"{""clf__base__max_depth"": null, ""clf__base__max_features"": ""sqrt"", ""clf__base__min_samples_leaf"": 1, ""clf__base__n_estimators"": 200}",0.9976,0.9595918367346938,0.9583333333333334,0.92,0.9387755102040816,0.99836867862969,0.9991836734693876,0.9987760097919216,0.9687757599980016,0.9377552291359008,0.9994183673469388,0.9614307076776027,0.9587747282817984,0.96,112.29,False,1f58d07,scikit-learn=1.9.1;imbalanced-learn=0.14.2;xgboost=3.4.1;lightgbm=4.7.0;numpy=2.5.3;pandas=3.0.6,2026-09-27T20:05:10Z
cicids2017,network_security,member_1,e3,c0_none,0,0,0,none,0.0,0.0,0.02,RF,2,1,4027,5000,5000,100,10,0.02,0.0204081632653061,0.5,"{""clf__base__max_depth"": null, ""clf__base__max_features"": ""log2"", ""clf__base__min_samples_leaf"": 1, ""clf__base__n_estimators"": 200}",0.9952,0.8995918367346939,0.9523809523809524,0.8,0.8695652173913043,0.9959316517493898,0.9991836734693876,0.9975550122249388,0.9335601148081216,0.8705607104425332,0.9987826530612244,0.9396244442681628,0.8940620441420776,0.84,104.54,False,1f58d07,scikit-learn=1.9.1;imbalanced-learn=0.14.2;xgboost=3.4.1;lightgbm=4.7.0;numpy=2.5.3;pandas=3.0.6,2026-09-27T20:06:55Z
cicids2017,network_security,member_1,e3,c0_none,0,0,0,none,0.0,0.0,0.02,RF,3,0,5026,5000,5000,100,10,0.02,0.0204081632653061,0.5,"{""clf__base__max_depth"": 16, ""clf__base__max_features"": ""sqrt"", ""clf__base__min_samples_leaf"": 2, ""clf__base__n_estimators"": 200}",0.9968,0.9346938775510204,0.9666666666666668,0.87,0.9157894736842104,0.9973523421588596,0.9993877551020408,0.998369011213048,0.9570792424486292,0.9154814700246632,0.9990622448979593,0.9643176100721476,0.932452329579789,0.8999999999999999,97.23,False,1f58d07,scikit-learn=1.9.1;imbalanced-learn=0.14.2;xgboost=3.4.1;lightgbm=4.7.0;numpy=2.5.3;pandas=3.0.6,2026-09-27T20:08:32Z
cicids2017,network_security,member_1,e3,c0_none,0,0,0,none,0.0,0.0,0.02,RF,3,1,5027,5000,5000,100,10,0.02,0.0204081632653061,0.5,"{""clf__base__max_depth"": null, ""clf__base__max_features"": ""sqrt"", ""clf__base__min_samples_leaf"": 1, ""clf__base__n_estimators"": 400}",0.9968,0.9395918367346938,0.9565217391304348,0.88,0.9166666666666666,0.9975550122249388,0.9991836734693876,0.99836867862969,0.9575176726481784,0.9158650026223064,0.99865,0.9506325433918767,0.9377001827093036,0.92,151.99,False,1f58d07,scikit-learn=1.9.1;imbalanced-learn=0.14.2;xgboost=3.4.1;lightgbm=4.7.0;numpy=2.5.3;pandas=3.0.6,2026-09-27T20:11:52Z
cicids2017,network_security,member_1,e3,c0_none,0,0,0,none,0.0,0.0,0.02,RF,4,0,6026,5000,5000,100,10,0.02,0.0204081632653061,0.5,"{""clf__base__max_depth"": null, ""clf__base__max_features"": ""sqrt"", ""clf__base__min_samples_leaf"": 2, ""clf__base__n_estimators"": 200}",0.9972,0.9446938775510204,0.967391304347826,0.89,0.9270833333333334,0.997758761206194,0.9993877551020408,0.9985725938009788,0.9628279635671562,0.926494819272983,0.9986857142857144,0.958949883566441,0.9431092736479778,0.92,121.5,False,1f58d07,scikit-learn=1.9.1;imbalanced-learn=0.14.2;xgboost=3.4.1;lightgbm=4.7.0;numpy=2.5.3;pandas=3.0.6,2026-09-27T20:13:53Z
cicids2017,network_security,member_1,e3,c0_none,0,0,0,none,0.0,0.0,0.02,RF,4,1,6027,5000,5000,100,10,0.02,0.0204081632653061,0.5,"{""clf__base__max_depth"": null, ""clf__base__max_features"": ""sqrt"", ""clf__base__min_samples_leaf"": 1, ""clf__base__n_estimators"": 200}",0.9972,0.9495918367346938,0.9574468085106383,0.9,0.9278350515463918,0.9979616795760292,0.9991836734693876,0.9985723026718336,0.9632036771091128,0.926869847379665,0.9989775510204082,0.95566888067893,0.948296001321554,0.94,103.6,False,1f58d07,scikit-learn=1.9.1;imbalanced-learn=0.14.2;xgboost=3.4.1;lightgbm=4.7.0;numpy=2.5.3;pandas=3.0.6,2026-09-27T20:15:37Z
cicids2017,network_security,member_1,e3,c0_none,0,0,0,none,0.0,0.0,0.02,XGB,0,0,2026,5000,5000,100,10,0.02,0.0204081632653061,0.5,"{""clf__base__colsample_bytree"": 0.6299297262516527, ""clf__base__learning_rate"": 0.24209961404115907, ""clf__base__max_depth"": 3, ""clf__base__min_child_weight"": 1, ""clf__base__n_estimators"": 400, ""clf__base__reg_lambda"": 0.013825769701893902, ""clf__base__subsample"": 0.7881804586451416}",0.9972,0.9691836734693876,0.9215686274509804,0.94,0.9306930693069309,0.9987750102082482,0.9983673469387756,0.998571136966728,0.9646321031368292,0.9293117978064586,0.999527551020408,0.9779010417247171,0.9687441902393268,1.02,46.93,False,1f58d07,scikit-learn=1.9.1;imbalanced-learn=0.14.2;xgboost=3.4.1;lightgbm=4.7.0;numpy=2.5.3;pandas=3.0.6,2026-09-27T20:16:25Z
cicids2017,network_security,member_1,e3,c0_none,0,0,0,none,0.0,0.0,0.02,XGB,0,1,2027,5000,5000,100,10,0.02,0.0204081632653061,0.5,"{""clf__base__colsample_bytree"": 0.9367080900800241, ""clf__base__learning_rate"": 0.021966262532687294, ""clf__base__max_depth"": 8, ""clf__base__min_child_weight"": 3, ""clf__base__n_estimators"": 800, ""clf__base__reg_lambda"": 3.6644207629451695, ""clf__base__subsample"": 0.9110993697209724}",0.999,0.994591836734694,0.9611650485436892,0.99,0.9753694581280788,0.999795793342863,0.9991836734693876,0.999489639685618,0.9874295489068484,0.9749701408953892,0.9998244897959184,0.9893645961295492,0.9945812368704195,1.03,79.94,False,1f58d07,scikit-learn=1.9.1;imbalanced-learn=0.14.2;xgboost=3.4.1;lightgbm=4.7.0;numpy=2.5.3;pandas=3.0.6,2026-09-27T20:17:45Z
cicids2017,network_security,member_1,e3,c0_none,0,0,0,none,0.0,0.0,0.02,XGB,1,0,3026,5000,5000,100,10,0.02,0.0204081632653061,0.5,"{""clf__base__colsample_bytree"": 0.6750002232167834, ""clf__base__learning_rate"": 0.055707861774863386, ""clf__base__max_depth"": 4, ""clf__base__min_child_weight"": 1, ""clf__base__n_estimators"": 800, ""clf__base__reg_lambda"": 0.08372426491886341, ""clf__base__subsample"": 0.7362258226856279}",0.9982,0.9647959183673468,0.9789473684210528,0.93,0.953846153846154,0.9985728848114168,0.999591836734694,0.9990821009688934,0.9764641274075236,0.9532548702460084,0.9997316326530612,0.9877980459753276,0.9641682468134208,0.95,104.43,False,1f58d07,scikit-learn=1.9.1;imbalanced-learn=0.14.2;xgboost=3.4.1;lightgbm=4.7.0;numpy=2.5.3;pandas=3.0.6,2026-09-27T20:19:30Z
cicids2017,network_security,member_1,e3,c0_none,0,0,0,none,0.0,0.0,0.02,XGB,1,1,3027,5000,5000,100,10,0.02,0.0204081632653061,0.5,"{""clf__base__colsample_bytree"": 0.6706550070155429, ""clf__base__learning_rate"": 0.11569792819007631, ""clf__base__max_depth"": 6, ""clf__base__min_child_weight"": 1, ""clf__base__n_estimators"": 200, ""clf__base__reg_lambda"": 0.21874279089075105, ""clf__base__subsample"": 0.6206077634727546}",0.9984,0.979591836734694,0.96,0.96,0.96,0.9991836734693876,0.9991836734693876,0.9991836734693876,0.979591836734694,0.9591836734693876,0.9994571428571428,0.9568928156790938,0.9793958987715908,1.0,89.97,False,1f58d07,scikit-learn=1.9.1;imbalanced-learn=0.14.2;xgboost=3.4.1;lightgbm=4.7.0;numpy=2.5.3;pandas=3.0.6,2026-09-27T20:21:00Z
cicids2017,network_security,member_1,e3,c0_none,0,0,0,none,0.0,0.0,0.02,XGB,2,0,4026,5000,5000,100,10,0.02,0.0204081632653061,0.5,"{""clf__base__colsample_bytree"": 0.6565518320781988, ""clf__base__learning_rate"": 0.15688469024582752, ""clf__base__max_depth"": 6, ""clf__base__min_child_weight"": 3, ""clf__base__n_estimators"": 400, ""clf__base__reg_lambda"": 0.12145822228788311, ""clf__base__subsample"": 0.9124440815566071}",0.9986,0.9796938775510204,0.9696969696969696,0.96,0.964824120603015,0.9991838400326464,0.9993877551020408,0.9992857871645752,0.982054953883795,0.96412259853607,0.9994204081632652,0.9820067522353184,0.9794959136708836,0.99,89.46,False,1f58d07,scikit-learn=1.9.1;imbalanced-learn=0.14.2;xgboost=3.4.1;lightgbm=4.7.0;numpy=2.5.3;pandas=3.0.6,2026-09-27T20:22:30Z
cicids2017,network_security,member_1,e3,c0_none,0,0,0,none,0.0,0.0,0.02,XGB,2,1,4027,5000,5000,100,10,0.02,0.0204081632653061,0.5,"{""clf__base__colsample_bytree"": 0.9834570763060444, ""clf__base__learning_rate"": 0.030916321360916408, ""clf__base__max_depth"": 6, ""clf__base__min_child_weight"": 3, ""clf__base__n_estimators"": 800, ""clf__base__reg_lambda"": 0.019932289827414917, ""clf__base__subsample"": 0.859643305566143}",0.9972,0.9593877551020408,0.9387755102040816,0.92,0.9292929292929292,0.9983680130558956,0.9987755102040816,0.9985717200571312,0.9639323246750302,0.9279140686063748,0.9995010204081634,0.973662695296249,0.9585788801072946,0.98,110.58,False,1f58d07,scikit-learn=1.9.1;imbalanced-learn=0.14.2;xgboost=3.4.1;lightgbm=4.7.0;numpy=2.5.3;pandas=3.0.6,2026-09-27T20:24:21Z
cicids2017,network_security,member_1,e3,c0_none,0,0,0,none,0.0,0.0,0.02,XGB,3,0,5026,5000,5000,100,10,0.02,0.0204081632653061,0.5,"{""clf__base__colsample_bytree"": 0.7703357427350458, ""clf__base__learning_rate"": 0.01967416223001832, ""clf__base__max_depth"": 3, ""clf__base__min_child_weight"": 3, ""clf__base__n_estimators"": 400, ""clf__base__reg_lambda"": 0.02603777489694679, ""clf__base__subsample"": 0.8401530629222785}",0.9984,0.979591836734694,0.96,0.96,0.96,0.9991836734693876,0.9991836734693876,0.9991836734693876,0.979591836734694,0.9591836734693876,0.999661224489796,0.9825425702919516,0.9793958987715908,1.0,69.86,False,1f58d07,scikit-learn=1.9.1;imbalanced-learn=0.14.2;xgboost=3.4.1;lightgbm=4.7.0;numpy=2.5.3;pandas=3.0.6,2026-09-27T20:25:31Z
cicids2017,network_security,member_1,e3,c0_none,0,0,0,none,0.0,0.0,0.02,XGB,3,1,5027,5000,5000,100,10,0.02,0.0204081632653061,0.5,"{""clf__base__colsample_bytree"": 0.9553016854784893, ""clf__base__learning_rate"": 0.024606039165437195, ""clf__base__max_depth"": 6, ""clf__base__min_child_weight"": 1, ""clf__base__n_estimators"": 800, ""clf__base__reg_lambda"": 2.6417865506915885, ""clf__base__subsample"": 0.763449774954557}",0.9978,0.964591836734694,0.9587628865979382,0.93,0.9441624365482234,0.9985723026718336,0.9991836734693876,0.9988778945220852,0.9715201655351542,0.9431544030047244,0.9995857142857144,0.9825732019604254,0.9639713773377976,0.97,110.5,False,1f58d07,scikit-learn=1.9.1;imbalanced-learn=0.14.2;xgboost=3.4.1;lightgbm=4.7.0;numpy=2.5.3;pandas=3.0.6,2026-09-27T20:27:22Z
cicids2017,network_security,member_1,e3,c0_none,0,0,0,none,0.0,0.0,0.02,XGB,4,0,6026,5000,5000,100,10,0.02,0.0204081632653061,0.5,"{""clf__base__colsample_bytree"": 0.708267051973608, ""clf__base__learning_rate"": 0.28455392508376126, ""clf__base__max_depth"": 6, ""clf__base__min_child_weight"": 3, ""clf__base__n_estimators"": 800, ""clf__base__reg_lambda"": 9.393317723633603, ""clf__base__subsample"": 0.7134007472138406}",0.9984,0.9746938775510204,0.9693877551020408,0.95,0.9595959595959596,0.9989800081599348,0.9993877551020408,0.9991838400326464,0.9793898998143028,0.9588307967918382,0.9984326530612244,0.9774563530947924,0.9743810175423876,0.98,76.44,False,1f58d07,scikit-learn=1.9.1;imbalanced-learn=0.14.2;xgboost=3.4.1;lightgbm=4.7.0;numpy=2.5.3;pandas=3.0.6,2026-09-27T20:28:39Z
cicids2017,network_security,member_1,e3,c0_none,0,0,0,none,0.0,0.0,0.02,XGB,4,1,6027,5000,5000,100,10,0.02,0.0204081632653061,0.5,"{""clf__base__colsample_bytree"": 0.7400831131827571, ""clf__base__learning_rate"": 0.021664971667522914, ""clf__base__max_depth"": 8, ""clf__base__min_child_weight"": 1, ""clf__base__n_estimators"": 400, ""clf__base__reg_lambda"": 0.0421316488972222, ""clf__base__subsample"": 0.6098935341153626}",0.9992,0.9946938775510203,0.9705882352941176,0.99,0.9801980198019802,0.999795835034708,0.9993877551020408,0.9995917534190653,0.9898948866105226,0.9798398424892804,0.9997571428571428,0.987770649603178,0.994682802480781,1.02,55.24,False,1f58d07,scikit-learn=1.9.1;imbalanced-learn=0.14.2;xgboost=3.4.1;lightgbm=4.7.0;numpy=2.5.3;pandas=3.0.6,2026-09-27T20:29:34Z
cicids2017,network_security,member_1,e3,c1_A_smotetomek,1,0,0,none,0.0,1.0,0.02,LR,0,0,2026,5000,5000,100,10,0.5,1.0,0.5,"{""clf__base__C"": 86.64678862932995}",0.9568,0.9583673469387756,0.3116883116883117,0.96,0.4705882352941176,0.9991474850809888,0.9567346938775512,0.9774812343619684,0.7240347348280429,0.5338107895101872,0.9842918367346938,0.505209784194541,0.958365956262246,3.08,48.83,False,1f58d07,scikit-learn=1.9.1;imbalanced-learn=0.14.2;xgboost=3.4.1;lightgbm=4.7.0;numpy=2.5.3;pandas=3.0.6,2026-09-27T20:30:24Z
cicids2017,network_security,member_1,e3,c1_A_smotetomek,1,0,0,none,0.0,1.0,0.02,LR,0,1,2027,5000,5000,100,10,0.5,1.0,0.5,"{""clf__base__C"": 16.175254628698855}",0.9416,0.970204081632653,0.2551020408163265,1.0,0.4065040650406504,1.0,0.940408163265306,0.9692890197728228,0.6878965424067367,0.4897959183673469,0.9876367346938776,0.4979855919789674,0.9697464427701225,3.92,41.48,False,1f58d07,scikit-learn=1.9.1;imbalanced-learn=0.14.2;xgboost=3.4.1;lightgbm=4.7.0;numpy=2.5.3;pandas=3.0.6,2026-09-27T20:31:05Z
cicids2017,network_security,member_1,e3,c1_A_smotetomek,1,0,0,none,0.0,1.0,0.02,LR,1,0,3026,5000,5000,100,10,0.5,1.0,0.5,"{""clf__base__C"": 95.41248660376695}",0.9432,0.926938775510204,0.2486338797814207,0.91,0.3905579399141631,0.9980578334052654,0.9438775510204082,0.9702118732955738,0.6803849066048684,0.4589602552649592,0.983472448979592,0.464326070016433,0.926783993942802,3.66,50.43,False,1f58d07,scikit-learn=1.9.1;imbalanced-learn=0.14.2;xgboost=3.4.1;lightgbm=4.7.0;numpy=2.5.3;pandas=3.0.6,2026-09-27T20:31:56Z
cicids2017,network_security,member_1,e3,c1_A_smotetomek,1,0,0,none,0.0,1.0,0.02,LR,1,1,3027,5000,5000,100,10,0.5,1.0,0.5,"{""clf__base__C"": 2.427560843432097}",0.9398,0.954591836734694,0.2455696202531645,0.97,0.3919191919191919,0.9993485342019544,0.9391836734693878,0.9683324566017886,0.6801258242604903,0.4718851421340239,0.980338775510204,0.4687900660591211,0.9544674762742344,3.95,34.61,False,1f58d07,scikit-learn=1.9.1;imbalanced-learn=0.14.2;xgboost=3.4.1;lightgbm=4.7.0;numpy=2.5.3;pandas=3.0.6,2026-09-27T20:32:31Z
cicids2017,network_security,member_1,e3,c1_A_smotetomek,1,0,0,none,0.0,1.0,0.02,LR,2,0,4026,5000,5000,100,10,0.5,1.0,0.5,"{""clf__base__C"": 11.333229684537264}",0.9392,0.9640816326530612,0.2462686567164179,0.99,0.3944223107569721,0.9997825141365811,0.9381632653061224,0.9679932617393135,0.6812077862481428,0.4778866582897185,0.9817061224489796,0.3990308222392071,0.9637331750298218,4.02,40.2,False,1f58d07,scikit-learn=1.9.1;imbalanced-learn=0.14.2;xgboost=3.4.1;lightgbm=4.7.0;numpy=2.5.3;pandas=3.0.6,2026-09-27T20:33:12Z
cicids2017,network_security,member_1,e3,c1_A_smotetomek,1,0,0,none,0.0,1.0,0.02,LR,2,1,4027,5000,5000,100,10,0.5,1.0,0.5,"{""clf__base__C"": 80.93579062656904}",0.9428,0.9463265306122448,0.2526595744680851,0.95,0.3991596638655462,0.9989186851211072,0.9426530612244898,0.9699706005879882,0.6845651322267672,0.4738903919260464,0.9617795918367346,0.5552054969095044,0.9463194007116548,3.76,44.07,False,1f58d07,scikit-learn=1.9.1;imbalanced-learn=0.14.2;xgboost=3.4.1;lightgbm=4.7.0;numpy=2.5.3;pandas=3.0.6,2026-09-27T20:33:56Z
cicids2017,network_security,member_1,e3,c1_A_smotetomek,1,0,0,none,0.0,1.0,0.02,LR,3,0,5026,5000,5000,100,10,0.5,1.0,0.5,"{""clf__base__C"": 68.96511808116286}",0.9506,0.9601020408163266,0.2844574780058651,0.97,0.4399092970521542,0.9993560849967804,0.950204081632653,0.974160477037347,0.7070348870447506,0.511044419887098,0.9846938775510204,0.4281696574559356,0.9600510190524634,3.41,44.25,False,1f58d07,scikit-learn=1.9.1;imbalanced-learn=0.14.2;xgboost=3.4.1;lightgbm=4.7.0;numpy=2.5.3;pandas=3.0.6,2026-09-27T20:34:41Z
cicids2017,network_security,member_1,e3,c1_A_smotetomek,1,0,0,none,0.0,1.0,0.02,LR,3,1,5027,5000,5000,100,10,0.5,1.0,0.5,"{""clf__base__C"": 12.776241362116359}",0.938,0.963469387755102,0.2426470588235294,0.99,0.389763779527559,0.9997822299651568,0.936938775510204,0.9673409186683524,0.6785523490979557,0.4740433609888386,0.9862204081632654,0.5237284845035282,0.9631040378666792,4.08,46.66,False,1f58d07,scikit-learn=1.9.1;imbalanced-learn=0.14.2;xgboost=3.4.1;lightgbm=4.7.0;numpy=2.5.3;pandas=3.0.6,2026-09-27T20:35:28Z
cicids2017,network_security,member_1,e3,c1_A_smotetomek,1,0,0,none,0.0,1.0,0.02,LR,4,0,6026,5000,5000,100,10,0.5,1.0,0.5,"{""clf__base__C"": 73.66417088381552}",0.938,0.9683673469387756,0.2439024390243902,1.0,0.392156862745098,1.0,0.936734693877551,0.9673340358271864,0.6797454492861422,0.4779873184044743,0.9906428571428572,0.5384600651860801,0.967850553483104,4.1,54.39,False,1f58d07,scikit-learn=1.9.1;imbalanced-learn=0.14.2;xgboost=3.4.1;lightgbm=4.7.0;numpy=2.5.3;pandas=3.0.6,2026-09-27T20:36:23Z
cicids2017,network_security,member_1,e3,c1_A_smotetomek,1,0,0,none,0.0,1.0,0.02,LR,4,1,6027,5000,5000,100,10,0.5,1.0,0.5,"{""clf__base__C"": 89.78839453758782}",0.9436,0.9418367346938776,0.254054054054054,0.94,0.4,0.9987041036717064,0.9436734693877552,0.9704092339979014,0.6852046169989507,0.4726052032654528,0.981542857142857,0.459853863220881,0.941834943726601,3.7,29.22,False,1f58d07,scikit-learn=1.9.1;imbalanced-learn=0.14.2;xgboost=3.4.1;lightgbm=4.7.0;numpy=2.5.3;pandas=3.0.6,2026-09-27T21:35:27Z
cicids2017,network_security,member_1,e3,c1_A_smotetomek,1,0,0,none,0.0,1.0,0.02,RF,0,0,2026,5000,5000,100,10,0.5,1.0,0.5,"{""clf__base__max_depth"": 16, ""clf__base__max_features"": ""sqrt"", ""clf__base__min_samples_leaf"": 1, ""clf__base__n_estimators"": 200}",0.9964,0.9785714285714284,0.8727272727272727,0.96,0.9142857142857144,0.9991820040899796,0.9971428571428572,0.9981613891726252,0.9562235517291696,0.9135325590159484,0.9938836734693876,0.9588104903918272,0.9783951874662624,1.1,75.39,False,1f58d07,scikit-learn=1.9.1;imbalanced-learn=0.14.2;xgboost=3.4.1;lightgbm=4.7.0;numpy=2.5.3;pandas=3.0.6,2026-09-27T21:36:42Z
cicids2017,network_security,member_1,e3,c1_A_smotetomek,1,0,0,none,0.0,1.0,0.02,RF,0,1,2027,5000,5000,100,10,0.5,1.0,0.5,"{""clf__base__max_depth"": null, ""clf__base__max_features"": ""log2"", ""clf__base__min_samples_leaf"": 2, ""clf__base__n_estimators"": 200}",0.9946,0.9923469387755102,0.792,0.99,0.88,0.9997948717948718,0.9946938775510203,0.997237851662404,0.938618925831202,0.8829923909823375,0.9993836734693876,0.9689341683637966,0.992344163471278,1.25,73.95,False,1f58d07,scikit-learn=1.9.1;imbalanced-learn=0.14.2;xgboost=3.4.1;lightgbm=4.7.0;numpy=2.5.3;pandas=3.0.6,2026-09-27T21:37:57Z
cicids2017,network_security,member_1,e3,c1_A_smotetomek,1,0,0,none,0.0,1.0,0.02,RF,1,0,3026,5000,5000,100,10,0.5,1.0,0.5,"{""clf__base__max_depth"": null, ""clf__base__max_features"": ""log2"", ""clf__base__min_samples_leaf"": 1, ""clf__base__n_estimators"": 400}",0.9942,0.9627551020408164,0.808695652173913,0.93,0.8651162790697674,0.9985670419651996,0.9955102040816326,0.9970362800204394,0.9310762795451034,0.8643667397581761,0.998677551020408,0.9456598112955584,0.9621977394464812,1.15,83.65,False,1f58d07,scikit-learn=1.9.1;imbalanced-learn=0.14.2;xgboost=3.4.1;lightgbm=4.7.0;numpy=2.5.3;pandas=3.0.6,2026-09-27T21:39:20Z
cicids2017,network_security,member_1,e3,c1_A_smotetomek,1,0,0,none,0.0,1.0,0.02,RF,1,1,3027,5000,5000,100,10,0.5,1.0,0.5,"{""clf__base__max_depth"": null, ""clf__base__max_features"": ""log2"", ""clf__base__min_samples_leaf"": 1, ""clf__base__n_estimators"": 200}",0.9962,0.978469387755102,0.8648648648648649,0.96,0.909952606635071,0.9991818367764368,0.996938775510204,0.9980590458678108,0.9540058262514408,0.909307314746922,0.9992897959183674,0.966171688052355,0.9782950600354658,1.11,86.49,False,1f58d07,scikit-learn=1.9.1;imbalanced-learn=0.14.2;xgboost=3.4.1;lightgbm=4.7.0;numpy=2.5.3;pandas=3.0.6,2026-09-27T21:40:53Z
cicids2017,network_security,member_1,e3,c1_A_smotetomek,1,0,0,none,0.0,1.0,0.02,RF,2,0,4026,5000,5000,100,10,0.5,1.0,0.5,"{""clf__base__max_depth"": null, ""clf__base__max_features"": ""sqrt"", ""clf__base__min_samples_leaf"": 1, ""clf__base__n_estimators"": 200}",0.9968,0.993469387755102,0.868421052631579,0.99,0.9252336448598132,0.999795333606222,0.996938775510204,0.9983650112405478,0.9617993280501804,0.925676194525618,0.9996132653061224,0.9712838974637914,0.9934633298492208,1.14,74.63,False,1f58d07,scikit-learn=1.9.1;imbalanced-learn=0.14.2;xgboost=3.4.1;lightgbm=4.7.0;numpy=2.5.3;pandas=3.0.6,2026-09-27T21:42:08Z
cicids2017,network_security,member_1,e3,c1_A_smotetomek,1,0,0,none,0.0,1.0,0.02,RF,2,1,4027,5000,5000,100,10,0.5,1.0,0.5,"{""clf__base__max_depth"": null, ""clf__base__max_features"": ""log2"", ""clf__base__min_samples_leaf"": 1, ""clf__base__n_estimators"": 200}",0.9956,0.9879591836734694,0.8305084745762712,0.98,0.8990825688073395,0.9995903318312168,0.9959183673469388,0.9977509711715395,0.9484167699894396,0.9000603712450839,0.9989826530612244,0.958980617178368,0.9879271228182775,1.18,64.7,False,1f58d07,scikit-learn=1.9.1;imbalanced-learn=0.14.2;xgboost=3.4.1;lightgbm=4.7.0;numpy=2.5.3;pandas=3.0.6,2026-09-27T21:43:12Z
cicids2017,network_security,member_1,e3,c1_A_smotetomek,1,0,0,none,0.0,1.0,0.02,RF,3,0,5026,5000,5000,100,10,0.5,1.0,0.5,"{""clf__base__max_depth"": 16, ""clf__base__max_features"": ""sqrt"", ""clf__base__min_samples_leaf"": 2, ""clf__base__n_estimators"": 200}",0.9942,0.9823469387755102,0.7886178861788617,0.97,0.8699551569506726,0.9993848677465657,0.9946938775510203,0.997033854965736,0.9334945059582044,0.8718838410047539,0.9993704081632654,0.9745163487149222,0.982269342504636,1.23,71.39,False,1f58d07,scikit-learn=1.9.1;imbalanced-learn=0.14.2;xgboost=3.4.1;lightgbm=4.7.0;numpy=2.5.3;pandas=3.0.6,2026-09-27T21:44:24Z
cicids2017,network_security,member_1,e3,c1_A_smotetomek,1,0,0,none,0.0,1.0,0.02,RF,3,1,5027,5000,5000,100,10,0.5,1.0,0.5,"{""clf__base__max_depth"": null, ""clf__base__max_features"": ""sqrt"", ""clf__base__min_samples_leaf"": 1, ""clf__base__n_estimators"": 400}",0.9974,0.9790816326530613,0.9142857142857144,0.96,0.9365853658536586,0.9991828396322778,0.9981632653061224,0.9986727922409392,0.967629079047299,0.935549043277008,0.9995357142857144,0.9713470732130768,0.9788956709955752,1.05,71.68,False,1f58d07,scikit-learn=1.9.1;imbalanced-learn=0.14.2;xgboost=3.4.1;lightgbm=4.7.0;numpy=2.5.3;pandas=3.0.6,2026-09-27T21:45:36Z
cicids2017,network_security,member_1,e3,c1_A_smotetomek,1,0,0,none,0.0,1.0,0.02,RF,4,0,6026,5000,5000,100,10,0.5,1.0,0.5,"{""clf__base__max_depth"": 16, ""clf__base__max_features"": ""sqrt"", ""clf__base__min_samples_leaf"": 2, ""clf__base__n_estimators"": 400}",0.9948,0.9826530612244898,0.8083333333333333,0.97,0.8818181818181818,0.9993852459016394,0.9953061224489796,0.9973415132924336,0.9395798475553075,0.8830037880730243,0.9986785714285714,0.9620578235535812,0.982571594732674,1.2,66.23,False,1f58d07,scikit-learn=1.9.1;imbalanced-learn=0.14.2;xgboost=3.4.1;lightgbm=4.7.0;numpy=2.5.3;pandas=3.0.6,2026-09-27T21:46:42Z
cicids2017,network_security,member_1,e3,c1_A_smotetomek,1,0,0,none,0.0,1.0,0.02,RF,4,1,6027,5000,5000,100,10,0.5,1.0,0.5,"{""clf__base__max_depth"": null, ""clf__base__max_features"": ""sqrt"", ""clf__base__min_samples_leaf"": 1, ""clf__base__n_estimators"": 200}",0.9956,0.9879591836734694,0.8305084745762712,0.98,0.8990825688073395,0.9995903318312168,0.9959183673469388,0.9977509711715395,0.9484167699894396,0.9000603712450839,0.9993632653061224,0.9574264349041032,0.9879271228182775,1.18,47.82,False,1f58d07,scikit-learn=1.9.1;imbalanced-learn=0.14.2;xgboost=3.4.1;lightgbm=4.7.0;numpy=2.5.3;pandas=3.0.6,2026-09-27T21:47:30Z
cicids2017,network_security,member_1,e3,c1_A_smotetomek,1,0,0,none,0.0,1.0,0.02,XGB,0,0,2026,5000,5000,100,10,0.5,1.0,0.5,"{""clf__base__colsample_bytree"": 0.6299297262516527, ""clf__base__learning_rate"": 0.24209961404115907, ""clf__base__max_depth"": 3, ""clf__base__min_child_weight"": 1, ""clf__base__n_estimators"": 400, ""clf__base__reg_lambda"": 0.013825769701893902, ""clf__base__subsample"": 0.7881804586451416}",0.997,0.9739795918367348,0.9047619047619048,0.95,0.926829268292683,0.9989785495403471,0.9979591836734694,0.998468606431853,0.962648937362268,0.9255857946798088,0.9989163265306122,0.9579962540610244,0.973684355676826,1.05,30.51,False,1f58d07,scikit-learn=1.9.1;imbalanced-learn=0.14.2;xgboost=3.4.1;lightgbm=4.7.0;numpy=2.5.3;pandas=3.0.6,2026-09-27T21:48:00Z
cicids2017,network_security,member_1,e3,c1_A_smotetomek,1,0,0,none,0.0,1.0,0.02,XGB,0,1,2027,5000,5000,100,10,0.5,1.0,0.5,"{""clf__base__colsample_bytree"": 0.9206269033670733, ""clf__base__learning_rate"": 0.21639357680112015, ""clf__base__max_depth"": 3, ""clf__base__min_child_weight"": 1, ""clf__base__n_estimators"": 200, ""clf__base__reg_lambda"": 0.39950328397895196, ""clf__base__subsample"": 0.643985800858856}",0.9982,0.9941836734693876,0.9252336448598132,0.99,0.9565217391304348,0.9997956264050684,0.9983673469387756,0.9990809762074953,0.977801357668965,0.9561740043950054,0.999858163265306,0.9925540498071012,0.9941748706688316,1.0699999999999998,32.23,False,1f58d07,scikit-learn=1.9.1;imbalanced-learn=0.14.2;xgboost=3.4.1;lightgbm=4.7.0;numpy=2.5.3;pandas=3.0.6,2026-09-27T21:48:33Z
cicids2017,network_security,member_1,e3,c1_A_smotetomek,1,0,0,none,0.0,1.0,0.02,XGB,1,0,3026,5000,5000,100,10,0.5,1.0,0.5,"{""clf__base__colsample_bytree"": 0.9309234777238906, ""clf__base__learning_rate"": 0.04043516810958894, ""clf__base__max_depth"": 6, ""clf__base__min_child_weight"": 1, ""clf__base__n_estimators"": 800, ""clf__base__reg_lambda"": 0.07885568670293347, ""clf__base__subsample"": 0.6164565020946385}",0.9984,0.9893877551020408,0.9423076923076924,0.98,0.9607843137254902,0.999591503267974,0.9987755102040816,0.999183340138832,0.9799838269321612,0.9601603333352128,0.999838775510204,0.9911639888834972,0.9893432164825308,1.04,112.69,False,1f58d07,scikit-learn=1.9.1;imbalanced-learn=0.14.2;xgboost=3.4.1;lightgbm=4.7.0;numpy=2.5.3;pandas=3.0.6,2026-09-27T21:51:17Z
cicids2017,network_security,member_1,e3,c1_A_smotetomek,1,0,0,none,0.0,1.0,0.02,XGB,1,1,3027,5000,5000,100,10,0.5,1.0,0.5,"{""clf__base__colsample_bytree"": 0.8513470081401819, ""clf__base__learning_rate"": 0.25382642172504044, ""clf__base__max_depth"": 4, ""clf__base__min_child_weight"": 1, ""clf__base__n_estimators"": 200, ""clf__base__reg_lambda"": 0.012756619257647156, ""clf__base__subsample"": 0.9023643959650978}",0.998,0.9940816326530612,0.9166666666666666,0.99,0.9519230769230768,0.999795584627964,0.9981632653061224,0.9989787581699346,0.9754509175465058,0.9516377098292724,0.999426530612245,0.955158215119876,0.9940732531624926,1.08,97.61,False,1f58d07,scikit-learn=1.9.1;imbalanced-learn=0.14.2;xgboost=3.4.1;lightgbm=4.7.0;numpy=2.5.3;pandas=3.0.6,2026-09-27T21:52:55Z
cicids2017,network_security,member_1,e3,c1_A_smotetomek,1,0,0,none,0.0,1.0,0.02,XGB,2,0,4026,5000,5000,100,10,0.5,1.0,0.5,"{""clf__base__colsample_bytree"": 0.659630670299126, ""clf__base__learning_rate"": 0.03834557874295529, ""clf__base__max_depth"": 4, ""clf__base__min_child_weight"": 1, ""clf__base__n_estimators"": 800, ""clf__base__reg_lambda"": 0.0752355555373566, ""clf__base__subsample"": 0.6669423150701586}",0.9982,0.9941836734693876,0.9252336448598132,0.99,0.9565217391304348,0.9997956264050684,0.9983673469387756,0.9990809762074953,0.977801357668965,0.9561740043950054,0.999834693877551,0.9914793176567924,0.9941748706688316,1.0699999999999998,113.76,False,1f58d07,scikit-learn=1.9.1;imbalanced-learn=0.14.2;xgboost=3.4.1;lightgbm=4.7.0;numpy=2.5.3;pandas=3.0.6,2026-09-27T21:54:49Z
cicids2017,network_security,member_1,e3,c1_A_smotetomek,1,0,0,none,0.0,1.0,0.02,XGB,2,1,4027,5000,5000,100,10,0.5,1.0,0.5,"{""clf__base__colsample_bytree"": 0.6559882439510808, ""clf__base__learning_rate"": 0.08120637239751023, ""clf__base__max_depth"": 4, ""clf__base__min_child_weight"": 1, ""clf__base__n_estimators"": 800, ""clf__base__reg_lambda"": 0.12873875292508413, ""clf__base__subsample"": 0.9865367520977653}",0.9982,0.9892857142857144,0.9333333333333332,0.98,0.9560975609756096,0.999591419816139,0.9985714285714286,0.9990811638591118,0.9775893624173608,0.9554755404714064,0.9996755102040816,0.9827998252685696,0.9892421341612982,1.05,114.06,False,1f58d07,scikit-learn=1.9.1;imbalanced-learn=0.14.2;xgboost=3.4.1;lightgbm=4.7.0;numpy=2.5.3;pandas=3.0.6,2026-09-27T21:56:43Z
cicids2017,network_security,member_1,e3,c1_A_smotetomek,1,0,0,none,0.0,1.0,0.02,XGB,3,0,5026,5000,5000,100,10,0.5,1.0,0.5,"{""clf__base__colsample_bytree"": 0.7808019843847107, ""clf__base__learning_rate"": 0.1307315008906521, ""clf__base__max_depth"": 3, ""clf__base__min_child_weight"": 3, ""clf__base__n_estimators"": 800, ""clf__base__reg_lambda"": 0.4515036359386654, ""clf__base__subsample"": 0.7381495117993713}",0.997,0.988673469387755,0.8828828828828829,0.98,0.9289099526066352,0.9995909183882185,0.9973469387755102,0.998467667790377,0.963688810198506,0.9286996652426978,0.9996714285714288,0.9864140076989136,0.9886354231970448,1.11,90.72,False,1f58d07,scikit-learn=1.9.1;imbalanced-learn=0.14.2;xgboost=3.4.1;lightgbm=4.7.0;numpy=2.5.3;pandas=3.0.6,2026-09-27T21:58:14Z
cicids2017,network_security,member_1,e3,c1_A_smotetomek,1,0,0,none,0.0,1.0,0.02,XGB,3,1,5027,5000,5000,100,10,0.5,1.0,0.5,"{""clf__base__colsample_bytree"": 0.8618637240825485, ""clf__base__learning_rate"": 0.24920359397357883, ""clf__base__max_depth"": 6, ""clf__base__min_child_weight"": 1, ""clf__base__n_estimators"": 800, ""clf__base__reg_lambda"": 0.2723466933997092, ""clf__base__subsample"": 0.7486647947789067}",0.9968,0.973877551020408,0.8962264150943396,0.95,0.9223300970873788,0.9989783408255006,0.9977551020408164,0.9983663467429038,0.9603482219151412,0.9211052463178312,0.9994673469387756,0.969297215080194,0.9735847918588166,1.06,111.37,False,1f58d07,scikit-learn=1.9.1;imbalanced-learn=0.14.2;xgboost=3.4.1;lightgbm=4.7.0;numpy=2.5.3;pandas=3.0.6,2026-09-27T22:00:05Z
cicids2017,network_security,member_1,e3,c1_A_smotetomek,1,0,0,none,0.0,1.0,0.02,XGB,4,0,6026,5000,5000,100,10,0.5,1.0,0.5,"{""clf__base__colsample_bytree"": 0.6430964645008799, ""clf__base__learning_rate"": 0.11900147712804574, ""clf__base__max_depth"": 6, ""clf__base__min_child_weight"": 3, ""clf__base__n_estimators"": 800, ""clf__base__reg_lambda"": 5.320668227960565, ""clf__base__subsample"": 0.8406463455818014}",0.9966,0.988469387755102,0.8672566371681416,0.98,0.92018779342723,0.9995907509719664,0.996938775510204,0.9982630019413508,0.9592253976842904,0.9202482414673856,0.9988989795918368,0.9774753089666534,0.9884331034521254,1.13,79.37,False,1f58d07,scikit-learn=1.9.1;imbalanced-learn=0.14.2;xgboost=3.4.1;lightgbm=4.7.0;numpy=2.5.3;pandas=3.0.6,2026-09-27T22:01:25Z
cicids2017,network_security,member_1,e3,c1_A_smotetomek,1,0,0,none,0.0,1.0,0.02,XGB,4,1,6027,5000,5000,100,10,0.5,1.0,0.5,"{""clf__base__colsample_bytree"": 0.7400831131827571, ""clf__base__learning_rate"": 0.021664971667522914, ""clf__base__max_depth"": 8, ""clf__base__min_child_weight"": 1, ""clf__base__n_estimators"": 400, ""clf__base__reg_lambda"": 0.0421316488972222, ""clf__base__subsample"": 0.6098935341153626}",0.9976,0.9889795918367348,0.9074074074074074,0.98,0.9423076923076924,0.999591169255928,0.9979591836734694,0.9987745098039216,0.9705411010558068,0.941810802458049,0.999630612244898,0.9814241883350412,0.9889388252060892,1.08,80.7,False,1f58d07,scikit-learn=1.9.1;imbalanced-learn=0.14.2;xgboost=3.4.1;lightgbm=4.7.0;numpy=2.5.3;pandas=3.0.6,2026-09-27T22:02:46Z
cicids2017,network_security,member_1,e3,c2_B_weights,0,1,0,orig,1.0,0.0,0.02,LR,0,0,2026,5000,5000,100,10,0.02,1.0,0.5,"{""clf__base__C"": 76.41478416943613}",0.9406,0.9501020408163264,0.2467866323907455,0.96,0.3926380368098159,0.9991325092170896,0.940204081632653,0.9687729996845758,0.6807055182471958,0.4705076142072214,0.9847877551020408,0.4901359097443787,0.9500504820099543,3.89,13.82,False,1f58d07,scikit-learn=1.9.1;imbalanced-learn=0.14.2;xgboost=3.4.1;lightgbm=4.7.0;numpy=2.5.3;pandas=3.0.6,2026-09-27T21:49:38Z
cicids2017,network_security,member_1,e3,c2_B_weights,0,1,0,orig,1.0,0.0,0.02,LR,0,1,2027,5000,5000,100,10,0.02,1.0,0.5,"{""clf__base__C"": 8.004475763115407}",0.9402,0.9694897959183674,0.2506265664160401,1.0,0.4008016032064128,1.0,0.9389795918367349,0.968529628460162,0.6846656158332874,0.4851115655566002,0.9790653061224488,0.3444217962829087,0.9690095932635212,3.99,25.05,False,1f58d07,scikit-learn=1.9.1;imbalanced-learn=0.14.2;xgboost=3.4.1;lightgbm=4.7.0;numpy=2.5.3;pandas=3.0.6,2026-09-27T21:50:04Z
cicids2017,network_security,member_1,e3,c2_B_weights,0,1,0,orig,1.0,0.0,0.02,LR,1,0,3026,5000,5000,100,10,0.02,1.0,0.5,"{""clf__base__C"": 19.993032145051746}",0.9386,0.9294897959183674,0.2352941176470588,0.92,0.3747454175152749,0.9982642655673682,0.9389795918367349,0.9677147965085708,0.6712301070119229,0.4479083440655869,0.975769387755102,0.3634512508930829,0.9294413507531264,3.91,18.75,False,1f58d07,scikit-learn=1.9.1;imbalanced-learn=0.14.2;xgboost=3.4.1;lightgbm=4.7.0;numpy=2.5.3;pandas=3.0.6,2026-09-27T21:50:23Z
cicids2017,network_security,member_1,e3,c2_B_weights,0,1,0,orig,1.0,0.0,0.02,LR,1,1,3027,5000,5000,100,10,0.02,1.0,0.5,"{""clf__base__C"": 4.686201792798966}",0.94,0.9546938775510204,0.2461928934010152,0.97,0.3927125506072874,0.9993486756404688,0.9393877551020408,0.9684409846412791,0.6805767676242833,0.4725383542685906,0.9801040816326532,0.4661651706304641,0.9545711720186084,3.94,14.2,False,1f58d07,scikit-learn=1.9.1;imbalanced-learn=0.14.2;xgboost=3.4.1;lightgbm=4.7.0;numpy=2.5.3;pandas=3.0.6,2026-09-27T21:50:44Z
cicids2017,network_security,member_1,e3,c2_B_weights,0,1,0,orig,1.0,0.0,0.02,LR,2,0,4026,5000,5000,100,10,0.02,1.0,0.5,"{""clf__base__C"": 11.333229684537264}",0.9374,0.9631632653061224,0.2408759124087591,0.99,0.3874755381604696,0.9997820876007844,0.9363265306122448,0.9670144377700496,0.6772449879652596,0.4721524014689771,0.9774714285714284,0.3322244616001116,0.9627893151183816,4.109999999999999,12.72,False,1f58d07,scikit-learn=1.9.1;imbalanced-learn=0.14.2;xgboost=3.4.1;lightgbm=4.7.0;numpy=2.5.3;pandas=3.0.6,2026-09-27T21:50:57Z
cicids2017,network_security,member_1,e3,c2_B_weights,0,1,0,orig,1.0,0.0,0.02,LR,2,1,4027,5000,5000,100,10,0.02,1.0,0.5,"{""clf__base__C"": 80.93579062656904}",0.937,0.9433673469387756,0.2345679012345679,0.95,0.3762376237623762,0.998911860718172,0.936734693877551,0.966824644549763,0.6715311341560697,0.4550105550883037,0.9586397959183672,0.5100059013806854,0.9433440301309344,4.05,15.72,False,1f58d07,scikit-learn=1.9.1;imbalanced-learn=0.14.2;xgboost=3.4.1;lightgbm=4.7.0;numpy=2.5.3;pandas=3.0.6,2026-09-27T21:51:13Z
cicids2017,network_security,member_1,e3,c2_B_weights,0,1,0,orig,1.0,0.0,0.02,LR,3,0,5026,5000,5000,100,10,0.02,1.0,0.5,"{""clf__base__C"": 5.661146596775842}",0.9386,0.9539795918367346,0.2418952618453865,0.97,0.3872255489021956,0.9993476842791912,0.9379591836734694,0.9676808085061586,0.6774531787041771,0.4680157566046834,0.975604081632653,0.3486035568188245,0.9538450650725544,4.01,13.46,False,1f58d07,scikit-learn=1.9.1;imbalanced-learn=0.14.2;xgboost=3.4.1;lightgbm=4.7.0;numpy=2.5.3;pandas=3.0.6,2026-09-27T21:51:27Z
cicids2017,network_security,member_1,e3,c2_B_weights,0,1,0,orig,1.0,0.0,0.02,LR,3,1,5027,5000,5000,100,10,0.02,1.0,0.5,"{""clf__base__C"": 14.115241548086104}",0.9384,0.9685714285714286,0.2450980392156862,1.0,0.3937007874015748,1.0,0.9371428571428572,0.967551622418879,0.680626204910227,0.4792618039763864,0.9817469387755102,0.4073456256709972,0.9680613912055668,4.08,18.79,False,1f58d07,scikit-learn=1.9.1;imbalanced-learn=0.14.2;xgboost=3.4.1;lightgbm=4.7.0;numpy=2.5.3;pandas=3.0.6,2026-09-27T21:51:46Z
cicids2017,network_security,member_1,e3,c2_B_weights,0,1,0,orig,1.0,0.0,0.02,LR,4,0,6026,5000,5000,100,10,0.02,1.0,0.5,"{""clf__base__C"": 3.2247139406355543}",0.9382,0.9635714285714284,0.2432432432432432,0.99,0.3905325443786982,0.9997822773786196,0.9371428571428572,0.9674496997787844,0.6789911220787412,0.4746781810321434,0.9703183673469388,0.303386447339025,0.9632089225974958,4.07,20.72,False,1f58d07,scikit-learn=1.9.1;imbalanced-learn=0.14.2;xgboost=3.4.1;lightgbm=4.7.0;numpy=2.5.3;pandas=3.0.6,2026-09-27T21:52:07Z
cicids2017,network_security,member_1,e3,c2_B_weights,0,1,0,orig,1.0,0.0,0.02,LR,4,1,6027,5000,5000,100,10,0.02,1.0,0.5,"{""clf__base__C"": 89.78839453758782}",0.9426,0.9462244897959184,0.2519893899204244,0.95,0.3983228511530398,0.9989184512221502,0.9424489795918368,0.9698624383072562,0.684092644730148,0.4732044450333083,0.9819561224489796,0.4635987269503642,0.946216957474471,3.77,17.8,False,1f58d07,scikit-learn=1.9.1;imbalanced-learn=0.14.2;xgboost=3.4.1;lightgbm=4.7.0;numpy=2.5.3;pandas=3.0.6,2026-09-27T21:52:25Z
cicids2017,network_security,member_1,e3,c2_B_weights,0,1,0,orig,1.0,0.0,0.02,RF,0,0,2026,5000,5000,100,10,0.02,1.0,0.5,"{""clf__base__max_depth"": 16, ""clf__base__max_features"": ""sqrt"", ""clf__base__min_samples_leaf"": 1, ""clf__base__n_estimators"": 200}",0.998,0.9793877551020408,0.9411764705882352,0.96,0.9504950495049505,0.999183340138832,0.9987755102040816,0.9989793835476628,0.9747372165263066,0.9495230156795872,0.9989438775510204,0.9573096426780364,0.9791958383264904,1.02,48.98,False,1f58d07,scikit-learn=1.9.1;imbalanced-learn=0.14.2;xgboost=3.4.1;lightgbm=4.7.0;numpy=2.5.3;pandas=3.0.6,2026-09-27T21:50:13Z
cicids2017,network_security,member_1,e3,c2_B_weights,0,1,0,orig,1.0,0.0,0.02,RF,0,1,2027,5000,5000,100,10,0.02,1.0,0.5,"{""clf__base__max_depth"": 16, ""clf__base__max_features"": ""sqrt"", ""clf__base__min_samples_leaf"": 2, ""clf__base__n_estimators"": 200}",0.9954,0.9976530612244898,0.8130081300813008,1.0,0.8968609865470852,1.0,0.9953061224489796,0.9976475401452388,0.947254263346162,0.8995509821409319,0.999580612244898,0.9773949441032116,0.9976503006810452,1.23,30.81,False,1f58d07,scikit-learn=1.9.1;imbalanced-learn=0.14.2;xgboost=3.4.1;lightgbm=4.7.0;numpy=2.5.3;pandas=3.0.6,2026-09-27T21:50:44Z
cicids2017,network_security,member_1,e3,c2_B_weights,0,1,0,orig,1.0,0.0,0.02,RF,1,0,3026,5000,5000,100,10,0.02,1.0,0.5,"{""clf__base__max_depth"": null, ""clf__base__max_features"": ""log2"", ""clf__base__min_samples_leaf"": 1, ""clf__base__n_estimators"": 400}",0.998,0.9842857142857142,0.9326923076923076,0.97,0.9509803921568628,0.9993872549019608,0.9985714285714286,0.9989791751735402,0.9749797836652014,0.9501503215197914,0.9992204081632652,0.9445909378208424,0.9841820389106304,1.04,44.63,False,1f58d07,scikit-learn=1.9.1;imbalanced-learn=0.14.2;xgboost=3.4.1;lightgbm=4.7.0;numpy=2.5.3;pandas=3.0.6,2026-09-27T21:51:29Z
cicids2017,network_security,member_1,e3,c2_B_weights,0,1,0,orig,1.0,0.0,0.02,RF,1,1,3027,5000,5000,100,10,0.02,1.0,0.5,"{""clf__base__max_depth"": null, ""clf__base__max_features"": ""log2"", ""clf__base__min_samples_leaf"": 1, ""clf__base__n_estimators"": 200}",0.9972,0.983877551020408,0.8981481481481481,0.97,0.9326923076923076,0.999386753883892,0.9977551020408164,0.9985702614379084,0.965631284565108,0.9319838950868256,0.999365306122449,0.9594073749726468,0.983779675018544,1.08,46.45,False,1f58d07,scikit-learn=1.9.1;imbalanced-learn=0.14.2;xgboost=3.4.1;lightgbm=4.7.0;numpy=2.5.3;pandas=3.0.6,2026-09-27T21:52:16Z
cicids2017,network_security,member_1,e3,c2_B_weights,0,1,0,orig,1.0,0.0,0.02,RF,2,0,4026,5000,5000,100,10,0.02,1.0,0.5,"{""clf__base__max_depth"": null, ""clf__base__max_features"": ""sqrt"", ""clf__base__min_samples_leaf"": 1, ""clf__base__n_estimators"": 200}",0.998,0.9940816326530612,0.9166666666666666,0.99,0.9519230769230768,0.999795584627964,0.9981632653061224,0.9989787581699346,0.9754509175465058,0.9516377098292724,0.9996285714285716,0.9734683132601952,0.9940732531624926,1.08,34.26,False,1f58d07,scikit-learn=1.9.1;imbalanced-learn=0.14.2;xgboost=3.4.1;lightgbm=4.7.0;numpy=2.5.3;pandas=3.0.6,2026-09-27T21:52:50Z
cicids2017,network_security,member_1,e3,c2_B_weights,0,1,0,orig,1.0,0.0,0.02,RF,2,1,4027,5000,5000,100,10,0.02,1.0,0.5,"{""clf__base__max_depth"": null, ""clf__base__max_features"": ""log2"", ""clf__base__min_samples_leaf"": 1, ""clf__base__n_estimators"": 200}",0.9984,0.9844897959183674,0.9509803921568628,0.97,0.9603960396039604,0.999387505104124,0.9989795918367348,0.9991835068381302,0.9797897732210452,0.9596286246161516,0.9991479591836734,0.9518838523475734,0.9843831591822528,1.02,34.15,False,1f58d07,scikit-learn=1.9.1;imbalanced-learn=0.14.2;xgboost=3.4.1;lightgbm=4.7.0;numpy=2.5.3;pandas=3.0.6,2026-09-27T21:53:25Z
cicids2017,network_security,member_1,e3,c2_B_weights,0,1,0,orig,1.0,0.0,0.02,RF,3,0,5026,5000,5000,100,10,0.02,1.0,0.5,"{""clf__base__max_depth"": 16, ""clf__base__max_features"": ""sqrt"", ""clf__base__min_samples_leaf"": 2, ""clf__base__n_estimators"": 400}",0.994,0.9920408163265306,0.7734375,0.99,0.868421052631579,0.9997947454844006,0.9940816326530612,0.996930004093328,0.9326755283624536,0.8723093777761889,0.999427551020408,0.9734712047800024,0.992038717150964,1.28,42.88,False,1f58d07,scikit-learn=1.9.1;imbalanced-learn=0.14.2;xgboost=3.4.1;lightgbm=4.7.0;numpy=2.5.3;pandas=3.0.6,2026-09-27T21:54:08Z
cicids2017,network_security,member_1,e3,c2_B_weights,0,1,0,orig,1.0,0.0,0.02,RF,3,1,5027,5000,5000,100,10,0.02,1.0,0.5,"{""clf__base__max_depth"": null, ""clf__base__max_features"": ""sqrt"", ""clf__base__min_samples_leaf"": 1, ""clf__base__n_estimators"": 400}",0.998,0.9695918367346938,0.9591836734693876,0.94,0.9494949494949496,0.9987760097919216,0.9991836734693876,0.998979800040808,0.9742373747678787,0.9485252207300172,0.9993622448979592,0.9595712494862702,0.969140161721319,0.98,47.76,False,1f58d07,scikit-learn=1.9.1;imbalanced-learn=0.14.2;xgboost=3.4.1;lightgbm=4.7.0;numpy=2.5.3;pandas=3.0.6,2026-09-27T21:54:55Z
cicids2017,network_security,member_1,e3,c2_B_weights,0,1,0,orig,1.0,0.0,0.02,RF,4,0,6026,5000,5000,100,10,0.02,1.0,0.5,"{""clf__base__max_depth"": null, ""clf__base__max_features"": ""sqrt"", ""clf__base__min_samples_leaf"": 2, ""clf__base__n_estimators"": 400}",0.9954,0.9878571428571428,0.8235294117647058,0.98,0.8949771689497716,0.9995902479000204,0.9957142857142856,0.9976485021981392,0.9463128355739554,0.8961749889319354,0.9988765306122448,0.9635632261712688,0.9878258955909184,1.1900000000000002,47.74,False,1f58d07,scikit-learn=1.9.1;imbalanced-learn=0.14.2;xgboost=3.4.1;lightgbm=4.7.0;numpy=2.5.3;pandas=3.0.6,2026-09-27T21:55:43Z
cicids2017,network_security,member_1,e3,c2_B_weights,0,1,0,orig,1.0,0.0,0.02,RF,4,1,6027,5000,5000,100,10,0.02,1.0,0.5,"{""clf__base__max_depth"": null, ""clf__base__max_features"": ""sqrt"", ""clf__base__min_samples_leaf"": 1, ""clf__base__n_estimators"": 200}",0.9974,0.9839795918367348,0.9065420560747663,0.97,0.9371980676328504,0.9993868792152054,0.9979591836734694,0.998672521188604,0.9679352944107272,0.936430580806424,0.999434693877551,0.960590686026122,0.983880281418052,1.0699999999999998,34.93,False,1f58d07,scikit-learn=1.9.1;imbalanced-learn=0.14.2;xgboost=3.4.1;lightgbm=4.7.0;numpy=2.5.3;pandas=3.0.6,2026-09-27T21:56:18Z
cicids2017,network_security,member_1,e3,c2_B_weights,0,1,0,orig,1.0,0.0,0.02,XGB,0,0,2026,5000,5000,100,10,0.02,1.0,0.5,"{""clf__base__colsample_bytree"": 0.7454858521062648, ""clf__base__learning_rate"": 0.10613301204677336, ""clf__base__max_depth"": 8, ""clf__base__min_child_weight"": 3, ""clf__base__n_estimators"": 200, ""clf__base__reg_lambda"": 0.011329243151337227, ""clf__base__subsample"": 0.6537567085978578}",0.9978,0.9743877551020408,0.9405940594059404,0.95,0.945273631840796,0.9989793835476628,0.9987755102040816,0.9988774364731094,0.9720755341569528,0.9441632659198888,0.9989061224489796,0.9754430874292648,0.9740825091817824,1.01,33.51,False,1f58d07,scikit-learn=1.9.1;imbalanced-learn=0.14.2;xgboost=3.4.1;lightgbm=4.7.0;numpy=2.5.3;pandas=3.0.6,2026-09-27T22:03:19Z
cicids2017,network_security,member_1,e3,c2_B_weights,0,1,0,orig,1.0,0.0,0.02,XGB,0,1,2027,5000,5000,100,10,0.02,1.0,0.5,"{""clf__base__colsample_bytree"": 0.9708534199704669, ""clf__base__learning_rate"": 0.0442673907270532, ""clf__base__max_depth"": 8, ""clf__base__min_child_weight"": 1, ""clf__base__n_estimators"": 200, ""clf__base__reg_lambda"": 0.04693946850954257, ""clf__base__subsample"": 0.9120151652522048}",0.9988,0.9944897959183674,0.9519230769230768,0.99,0.9705882352941176,0.9997957516339868,0.9989795918367348,0.999387505104124,0.9849878701991208,0.970170345150634,0.9998428571428573,0.992171507654214,0.9944796608872236,1.04,38.68,False,1f58d07,scikit-learn=1.9.1;imbalanced-learn=0.14.2;xgboost=3.4.1;lightgbm=4.7.0;numpy=2.5.3;pandas=3.0.6,2026-09-27T22:03:58Z
cicids2017,network_security,member_1,e3,c2_B_weights,0,1,0,orig,1.0,0.0,0.02,XGB,1,0,3026,5000,5000,100,10,0.02,1.0,0.5,"{""clf__base__colsample_bytree"": 0.6750002232167834, ""clf__base__learning_rate"": 0.055707861774863386, ""clf__base__max_depth"": 4, ""clf__base__min_child_weight"": 1, ""clf__base__n_estimators"": 800, ""clf__base__reg_lambda"": 0.08372426491886341, ""clf__base__subsample"": 0.7362258226856279}",0.9992,0.9897959183673468,0.98,0.98,0.98,0.999591836734694,0.999591836734694,0.999591836734694,0.9897959183673468,0.979591836734694,0.9997744897959184,0.9873809881340948,0.9897474425326898,1.0,54.94,False,1f58d07,scikit-learn=1.9.1;imbalanced-learn=0.14.2;xgboost=3.4.1;lightgbm=4.7.0;numpy=2.5.3;pandas=3.0.6,2026-09-27T22:04:53Z
cicids2017,network_security,member_1,e3,c2_B_weights,0,1,0,orig,1.0,0.0,0.02,XGB,1,1,3027,5000,5000,100,10,0.02,1.0,0.5,"{""clf__base__colsample_bytree"": 0.6706550070155429, ""clf__base__learning_rate"": 0.11569792819007631, ""clf__base__max_depth"": 6, ""clf__base__min_child_weight"": 1, ""clf__base__n_estimators"": 200, ""clf__base__reg_lambda"": 0.21874279089075105, ""clf__base__subsample"": 0.6206077634727546}",0.9986,0.9894897959183672,0.9514563106796116,0.98,0.9655172413793104,0.999591586685726,0.9989795918367348,0.9992854955598652,0.9824013684695878,0.96491268122038,0.9996530612244898,0.9812493155753552,0.9894442884771228,1.03,48.59,False,1f58d07,scikit-learn=1.9.1;imbalanced-learn=0.14.2;xgboost=3.4.1;lightgbm=4.7.0;numpy=2.5.3;pandas=3.0.6,2026-09-27T22:05:42Z
cicids2017,network_security,member_1,e3,c2_B_weights,0,1,0,orig,1.0,0.0,0.02,XGB,2,0,4026,5000,5000,100,10,0.02,1.0,0.5,"{""clf__base__colsample_bytree"": 0.659630670299126, ""clf__base__learning_rate"": 0.03834557874295529, ""clf__base__max_depth"": 4, ""clf__base__min_child_weight"": 1, ""clf__base__n_estimators"": 800, ""clf__base__reg_lambda"": 0.0752355555373566, ""clf__base__subsample"": 0.6669423150701586}",0.9978,0.9841836734693876,0.923809523809524,0.97,0.946341463414634,0.9993871297242084,0.9983673469387756,0.9988769780500256,0.9726092207323298,0.9455122918742072,0.999761224489796,0.9881782339517692,0.9840814633609416,1.05,58.72,False,1f58d07,scikit-learn=1.9.1;imbalanced-learn=0.14.2;xgboost=3.4.1;lightgbm=4.7.0;numpy=2.5.3;pandas=3.0.6,2026-09-27T22:06:41Z
cicids2017,network_security,member_1,e3,c2_B_weights,0,1,0,orig,1.0,0.0,0.02,XGB,2,1,4027,5000,5000,100,10,0.02,1.0,0.5,"{""clf__base__colsample_bytree"": 0.9834570763060444, ""clf__base__learning_rate"": 0.030916321360916408, ""clf__base__max_depth"": 6, ""clf__base__min_child_weight"": 3, ""clf__base__n_estimators"": 800, ""clf__base__reg_lambda"": 0.019932289827414917, ""clf__base__subsample"": 0.859643305566143}",0.9986,0.9894897959183672,0.9514563106796116,0.98,0.9655172413793104,0.999591586685726,0.9989795918367348,0.9992854955598652,0.9824013684695878,0.96491268122038,0.9996295918367348,0.9766694528387884,0.9894442884771228,1.03,65.45,False,1f58d07,scikit-learn=1.9.1;imbalanced-learn=0.14.2;xgboost=3.4.1;lightgbm=4.7.0;numpy=2.5.3;pandas=3.0.6,2026-09-27T22:07:47Z
cicids2017,network_security,member_1,e3,c2_B_weights,0,1,0,orig,1.0,0.0,0.02,XGB,3,0,5026,5000,5000,100,10,0.02,1.0,0.5,"{""clf__base__colsample_bytree"": 0.966186289625362, ""clf__base__learning_rate"": 0.29511899190869545, ""clf__base__max_depth"": 6, ""clf__base__min_child_weight"": 1, ""clf__base__n_estimators"": 200, ""clf__base__reg_lambda"": 1.784943962718507, ""clf__base__subsample"": 0.76926012218394}",0.9984,0.9942857142857142,0.9339622641509434,0.99,0.9611650485436892,0.9997956681651,0.9985714285714286,0.999183173371452,0.9801741109575706,0.9607738615769968,0.9998520408163264,0.9921031338002516,0.9942764777896108,1.06,36.99,False,1f58d07,scikit-learn=1.9.1;imbalanced-learn=0.14.2;xgboost=3.4.1;lightgbm=4.7.0;numpy=2.5.3;pandas=3.0.6,2026-09-27T22:08:24Z
cicids2017,network_security,member_1,e3,c2_B_weights,0,1,0,orig,1.0,0.0,0.02,XGB,3,1,5027,5000,5000,100,10,0.02,1.0,0.5,"{""clf__base__colsample_bytree"": 0.7569788188513907, ""clf__base__learning_rate"": 0.22391260675549185, ""clf__base__max_depth"": 4, ""clf__base__min_child_weight"": 1, ""clf__base__n_estimators"": 800, ""clf__base__reg_lambda"": 0.013517068075739864, ""clf__base__subsample"": 0.6656234019226878}",0.9978,0.9694897959183671,0.9494949494949496,0.94,0.9447236180904522,0.9987757600489696,0.9989795918367348,0.9988776655443322,0.9718006418173922,0.9436137153508738,0.9992,0.964082580788986,0.969041184019818,0.99,47.93,False,1f58d07,scikit-learn=1.9.1;imbalanced-learn=0.14.2;xgboost=3.4.1;lightgbm=4.7.0;numpy=2.5.3;pandas=3.0.6,2026-09-27T22:09:12Z
cicids2017,network_security,member_1,e3,c2_B_weights,0,1,0,orig,1.0,0.0,0.02,XGB,4,0,6026,5000,5000,100,10,0.02,1.0,0.5,"{""clf__base__colsample_bytree"": 0.6019883151666798, ""clf__base__learning_rate"": 0.05495868370296514, ""clf__base__max_depth"": 3, ""clf__base__min_child_weight"": 1, ""clf__base__n_estimators"": 200, ""clf__base__reg_lambda"": 0.012258452796480747, ""clf__base__subsample"": 0.8499805869873966}",0.9984,0.9893877551020408,0.9423076923076924,0.98,0.9607843137254902,0.999591503267974,0.9987755102040816,0.999183340138832,0.9799838269321612,0.9601603333352128,0.9992040816326532,0.9761218920527656,0.9893432164825308,1.04,33.0,False,1f58d07,scikit-learn=1.9.1;imbalanced-learn=0.14.2;xgboost=3.4.1;lightgbm=4.7.0;numpy=2.5.3;pandas=3.0.6,2026-09-27T22:09:45Z
cicids2017,network_security,member_1,e3,c2_B_weights,0,1,0,orig,1.0,0.0,0.02,XGB,4,1,6027,5000,5000,100,10,0.02,1.0,0.5,"{""clf__base__colsample_bytree"": 0.7400831131827571, ""clf__base__learning_rate"": 0.021664971667522914, ""clf__base__max_depth"": 8, ""clf__base__min_child_weight"": 1, ""clf__base__n_estimators"": 400, ""clf__base__reg_lambda"": 0.0421316488972222, ""clf__base__subsample"": 0.6098935341153626}",0.999,0.994591836734694,0.9611650485436892,0.99,0.9753694581280788,0.999795793342863,0.9991836734693876,0.999489639685618,0.9874295489068484,0.9749701408953892,0.9998102040816328,0.9893938057409892,0.9945812368704195,1.03,38.26,False,1f58d07,scikit-learn=1.9.1;imbalanced-learn=0.14.2;xgboost=3.4.1;lightgbm=4.7.0;numpy=2.5.3;pandas=3.0.6,2026-09-27T22:10:23Z
cicids2017,network_security,member_1,e3,c4_AB_smotetomek_weights,1,1,0,orig,1.0,1.0,0.02,LR,0,0,2026,5000,5000,100,10,0.5,49.0,0.5,"{""clf__base__C"": 86.64678862932995}",0.9314,0.945408163265306,0.2206896551724138,0.96,0.3588785046728971,0.9991237677984666,0.9308163265306122,0.9637612255678816,0.6613198651203894,0.4425080631729092,0.9664755102040816,0.2718096887659901,0.94529554821198,4.35,24.45,False,1f58d07,scikit-learn=1.9.1;imbalanced-learn=0.14.2;xgboost=3.4.1;lightgbm=4.7.0;numpy=2.5.3;pandas=3.0.6,2026-09-27T21:52:49Z
cicids2017,network_security,member_1,e3,c4_AB_smotetomek_weights,1,1,0,orig,1.0,1.0,0.02,LR,0,1,2027,5000,5000,100,10,0.5,49.0,0.5,"{""clf__base__C"": 33.09421283700199}",0.9196,0.9589795918367348,0.199203187250996,1.0,0.3322259136212624,1.0,0.9179591836734694,0.95722494147691,0.6447254275490862,0.4276217898494855,0.972630612244898,0.278249427469478,0.9581018649775552,5.0200000000000005,28.36,False,1f58d07,scikit-learn=1.9.1;imbalanced-learn=0.14.2;xgboost=3.4.1;lightgbm=4.7.0;numpy=2.5.3;pandas=3.0.6,2026-09-27T21:53:18Z
cicids2017,network_security,member_1,e3,c4_AB_smotetomek_weights,1,1,0,orig,1.0,1.0,0.02,LR,1,0,3026,5000,5000,100,10,0.5,49.0,0.5,"{""clf__base__C"": 95.41248660376695}",0.9236,0.9218367346938776,0.1974248927038626,0.92,0.3250883392226148,0.9982355535950596,0.9236734693877552,0.959508161967352,0.6422982505949835,0.4062924163099383,0.941338775510204,0.2294661019414737,0.9218349048700286,4.66,27.46,False,1f58d07,scikit-learn=1.9.1;imbalanced-learn=0.14.2;xgboost=3.4.1;lightgbm=4.7.0;numpy=2.5.3;pandas=3.0.6,2026-09-27T21:53:46Z
cicids2017,network_security,member_1,e3,c4_AB_smotetomek_weights,1,1,0,orig,1.0,1.0,0.02,LR,1,1,3027,5000,5000,100,10,0.5,49.0,0.5,"{""clf__base__C"": 4.686201792798966}",0.923,0.9460204081632652,0.2025052192066805,0.97,0.3350604490500863,0.9993364299933644,0.9220408163265306,0.959133849909776,0.6470971494799311,0.4243241561838087,0.973191836734694,0.2972703326524472,0.9457164436747066,4.79,25.33,False,1f58d07,scikit-learn=1.9.1;imbalanced-learn=0.14.2;xgboost=3.4.1;lightgbm=4.7.0;numpy=2.5.3;pandas=3.0.6,2026-09-27T21:54:11Z
cicids2017,network_security,member_1,e3,c4_AB_smotetomek_weights,1,1,0,orig,1.0,1.0,0.02,LR,2,0,4026,5000,5000,100,10,0.5,49.0,0.5,"{""clf__base__C"": 11.333229684537264}",0.9108,0.9544897959183674,0.1831501831501831,1.0,0.3095975232198142,1.0,0.9089795918367348,0.9523198631601454,0.6309586931899798,0.4080193362142004,0.9670591836734692,0.2239632862408037,0.953404212197919,5.46,27.64,False,1f58d07,scikit-learn=1.9.1;imbalanced-learn=0.14.2;xgboost=3.4.1;lightgbm=4.7.0;numpy=2.5.3;pandas=3.0.6,2026-09-27T21:54:39Z
cicids2017,network_security,member_1,e3,c4_AB_smotetomek_weights,1,1,0,orig,1.0,1.0,0.02,LR,2,1,4027,5000,5000,100,10,0.5,49.0,0.5,"{""clf__base__C"": 80.93579062656904}",0.9186,0.958469387755102,0.1972386587771203,1.0,0.329489291598023,1.0,0.916938775510204,0.9566698605344406,0.6430795760662318,0.4252714124678117,0.9765,0.3283837678126577,0.9575692014210796,5.07,20.22,False,1f58d07,scikit-learn=1.9.1;imbalanced-learn=0.14.2;xgboost=3.4.1;lightgbm=4.7.0;numpy=2.5.3;pandas=3.0.6,2026-09-27T21:54:59Z
cicids2017,network_security,member_1,e3,c4_AB_smotetomek_weights,1,1,0,orig,1.0,1.0,0.02,LR,3,0,5026,5000,5000,100,10,0.5,49.0,0.5,"{""clf__base__C"": 68.96511808116286}",0.9346,0.9568367346938776,0.2316784869976359,0.98,0.3747609942638623,0.9995630325540747,0.9336734693877552,0.9654954099398544,0.6701282021018584,0.4596512171585188,0.9681459183673472,0.2546060378535473,0.9565563234854496,4.23,29.66,False,1f58d07,scikit-learn=1.9.1;imbalanced-learn=0.14.2;xgboost=3.4.1;lightgbm=4.7.0;numpy=2.5.3;pandas=3.0.6,2026-09-27T21:55:29Z
cicids2017,network_security,member_1,e3,c4_AB_smotetomek_weights,1,1,0,orig,1.0,1.0,0.02,LR,3,1,5027,5000,5000,100,10,0.5,49.0,0.5,"{""clf__base__C"": 12.776241362116359}",0.9266,0.9576530612244898,0.2129032258064516,0.99,0.3504424778761062,0.9997794928335172,0.9253061224489796,0.9611022787493376,0.655772378312722,0.4412140008094224,0.9728551020408164,0.2672160893588872,0.9571066091217268,4.65,25.97,False,1f58d07,scikit-learn=1.9.1;imbalanced-learn=0.14.2;xgboost=3.4.1;lightgbm=4.7.0;numpy=2.5.3;pandas=3.0.6,2026-09-27T21:55:55Z
cicids2017,network_security,member_1,e3,c4_AB_smotetomek_weights,1,1,0,orig,1.0,1.0,0.02,LR,4,0,6026,5000,5000,100,10,0.5,49.0,0.5,"{""clf__base__C"": 73.66417088381552}",0.9094,0.9537755102040816,0.1808318264014466,1.0,0.3062787136294027,1.0,0.9075510204081632,0.951535251952498,0.6289069827909504,0.4051099956467438,0.9730448979591836,0.2649147519336877,0.9526547225559548,5.53,26.73,False,1f58d07,scikit-learn=1.9.1;imbalanced-learn=0.14.2;xgboost=3.4.1;lightgbm=4.7.0;numpy=2.5.3;pandas=3.0.6,2026-09-27T21:56:22Z
cicids2017,network_security,member_1,e3,c4_AB_smotetomek_weights,1,1,0,orig,1.0,1.0,0.02,LR,4,1,6027,5000,5000,100,10,0.5,49.0,0.5,"{""clf__base__C"": 89.78839453758782}",0.9348,0.9471428571428572,0.2296650717703349,0.96,0.3706563706563706,0.9991270187690964,0.9342857142857144,0.9656190677072348,0.6681377191818026,0.4523333926552153,0.9586744897959184,0.2680268945836407,0.9470555874468434,4.18,24.84,False,1f58d07,scikit-learn=1.9.1;imbalanced-learn=0.14.2;xgboost=3.4.1;lightgbm=4.7.0;numpy=2.5.3;pandas=3.0.6,2026-09-27T21:56:47Z
cicids2017,network_security,member_1,e3,c4_AB_smotetomek_weights,1,1,0,orig,1.0,1.0,0.02,RF,0,0,2026,5000,5000,100,10,0.5,49.0,0.5,"{""clf__base__max_depth"": 16, ""clf__base__max_features"": ""sqrt"", ""clf__base__min_samples_leaf"": 1, ""clf__base__n_estimators"": 400}",0.9858,0.9878571428571428,0.5857988165680473,0.99,0.7360594795539034,0.9997930035189402,0.9857142857142858,0.992703730346316,0.8643816049501096,0.7558904050563835,0.9991102040816326,0.9491499382488104,0.9878548187143408,1.6899999999999995,100.3,False,1f58d07,scikit-learn=1.9.1;imbalanced-learn=0.14.2;xgboost=3.4.1;lightgbm=4.7.0;numpy=2.5.3;pandas=3.0.6,2026-09-27T21:57:59Z
cicids2017,network_security,member_1,e3,c4_AB_smotetomek_weights,1,1,0,orig,1.0,1.0,0.02,RF,0,1,2027,5000,5000,100,10,0.5,49.0,0.5,"{""clf__base__max_depth"": 16, ""clf__base__max_features"": ""sqrt"", ""clf__base__min_samples_leaf"": 2, ""clf__base__n_estimators"": 200}",0.9798,0.9896938775510205,0.4975124378109453,1.0,0.6644518272425249,1.0,0.9793877551020408,0.989586555314981,0.827019191278753,0.6980383869122138,0.9989928571428572,0.94593683369852,0.9896402149781712,2.01,86.16,False,1f58d07,scikit-learn=1.9.1;imbalanced-learn=0.14.2;xgboost=3.4.1;lightgbm=4.7.0;numpy=2.5.3;pandas=3.0.6,2026-09-27T21:59:25Z
cicids2017,network_security,member_1,e3,c4_AB_smotetomek_weights,1,1,0,orig,1.0,1.0,0.02,RF,1,0,3026,5000,5000,100,10,0.5,49.0,0.5,"{""clf__base__max_depth"": null, ""clf__base__max_features"": ""log2"", ""clf__base__min_samples_leaf"": 1, ""clf__base__n_estimators"": 400}",0.9856,0.9926530612244898,0.5813953488372093,1.0,0.7352941176470589,1.0,0.9853061224489796,0.9925986842105264,0.8639464009287926,0.7568701320389533,0.999226530612245,0.953243836338124,0.9926258723451548,1.72,108.88,False,1f58d07,scikit-learn=1.9.1;imbalanced-learn=0.14.2;xgboost=3.4.1;lightgbm=4.7.0;numpy=2.5.3;pandas=3.0.6,2026-09-27T22:01:14Z
cicids2017,network_security,member_1,e3,c4_AB_smotetomek_weights,1,1,0,orig,1.0,1.0,0.02,RF,1,1,3027,5000,5000,100,10,0.5,49.0,0.5,"{""clf__base__max_depth"": null, ""clf__base__max_features"": ""log2"", ""clf__base__min_samples_leaf"": 1, ""clf__base__n_estimators"": 200}",0.9862,0.9929591836734696,0.591715976331361,1.0,0.7434944237918215,1.0,0.9859183673469388,0.9929092590689548,0.8682018414303883,0.7637955546595668,0.99905306122449,0.9481144430721972,0.9929342210574368,1.6899999999999995,99.5,False,1f58d07,scikit-learn=1.9.1;imbalanced-learn=0.14.2;xgboost=3.4.1;lightgbm=4.7.0;numpy=2.5.3;pandas=3.0.6,2026-09-27T22:02:54Z
cicids2017,network_security,member_1,e3,c4_AB_smotetomek_weights,1,1,0,orig,1.0,1.0,0.02,RF,2,0,4026,5000,5000,100,10,0.5,49.0,0.5,"{""clf__base__max_depth"": null, ""clf__base__max_features"": ""sqrt"", ""clf__base__min_samples_leaf"": 1, ""clf__base__n_estimators"": 200}",0.987,0.9933673469387756,0.6060606060606061,1.0,0.7547169811320755,1.0,0.986734693877551,0.9933230611196712,0.8740200211258734,0.7733181923325321,0.9993520408163266,0.9594070568747148,0.9933452037824269,1.65,77.96,False,1f58d07,scikit-learn=1.9.1;imbalanced-learn=0.14.2;xgboost=3.4.1;lightgbm=4.7.0;numpy=2.5.3;pandas=3.0.6,2026-09-27T22:04:12Z
cicids2017,network_security,member_1,e3,c4_AB_smotetomek_weights,1,1,0,orig,1.0,1.0,0.02,RF,2,1,4027,5000,5000,100,10,0.5,49.0,0.5,"{""clf__base__max_depth"": null, ""clf__base__max_features"": ""log2"", ""clf__base__min_samples_leaf"": 1, ""clf__base__n_estimators"": 200}",0.9828,0.9912244897959184,0.5376344086021505,1.0,0.6993006993006993,1.0,0.9824489795918367,0.991146798435248,0.8452237488679737,0.7267725752425193,0.9991867346938776,0.9568610316183528,0.9911856433543804,1.86,79.84,False,1f58d07,scikit-learn=1.9.1;imbalanced-learn=0.14.2;xgboost=3.4.1;lightgbm=4.7.0;numpy=2.5.3;pandas=3.0.6,2026-09-27T22:05:32Z
cicids2017,network_security,member_1,e3,c4_AB_smotetomek_weights,1,1,0,orig,1.0,1.0,0.02,RF,3,0,5026,5000,5000,100,10,0.5,49.0,0.5,"{""clf__base__max_depth"": 16, ""clf__base__max_features"": ""sqrt"", ""clf__base__min_samples_leaf"": 2, ""clf__base__n_estimators"": 200}",0.9748,0.9871428571428572,0.4424778761061947,1.0,0.6134969325153374,1.0,0.9742857142857144,0.9869753979739508,0.8002361652446441,0.6565819625741708,0.9993540816326532,0.9636034669304936,0.9870591240071256,2.26,82.95,False,1f58d07,scikit-learn=1.9.1;imbalanced-learn=0.14.2;xgboost=3.4.1;lightgbm=4.7.0;numpy=2.5.3;pandas=3.0.6,2026-09-27T22:06:55Z
cicids2017,network_security,member_1,e3,c4_AB_smotetomek_weights,1,1,0,orig,1.0,1.0,0.02,RF,3,1,5027,5000,5000,100,10,0.5,49.0,0.5,"{""clf__base__max_depth"": null, ""clf__base__max_features"": ""sqrt"", ""clf__base__min_samples_leaf"": 1, ""clf__base__n_estimators"": 400}",0.9868,0.993265306122449,0.6024096385542169,1.0,0.7518796992481203,1.0,0.986530612244898,0.9932196424902404,0.8725496708691803,0.7709056683830514,0.9993561224489796,0.9537604988637728,0.9932424740439254,1.66,114.9,False,1f58d07,scikit-learn=1.9.1;imbalanced-learn=0.14.2;xgboost=3.4.1;lightgbm=4.7.0;numpy=2.5.3;pandas=3.0.6,2026-09-27T22:09:01Z
cicids2017,network_security,member_1,e3,c4_AB_smotetomek_weights,1,1,0,orig,1.0,1.0,0.02,RF,4,0,6026,5000,5000,100,10,0.5,49.0,0.5,"{""clf__base__max_depth"": null, ""clf__base__max_features"": ""sqrt"", ""clf__base__min_samples_leaf"": 2, ""clf__base__n_estimators"": 200}",0.9762,0.9829591836734696,0.456221198156682,0.99,0.6246056782334385,0.9997909261969476,0.9759183673469388,0.9877104203242796,0.8061580492788591,0.6636795059711178,0.9989602040816328,0.9513438159969824,0.9829339670972153,2.17,85.23,False,1f58d07,scikit-learn=1.9.1;imbalanced-learn=0.14.2;xgboost=3.4.1;lightgbm=4.7.0;numpy=2.5.3;pandas=3.0.6,2026-09-27T22:10:26Z
cicids2017,network_security,member_1,e3,c4_AB_smotetomek_weights,1,1,0,orig,1.0,1.0,0.02,RF,4,1,6027,5000,5000,100,10,0.5,49.0,0.5,"{""clf__base__max_depth"": null, ""clf__base__max_features"": ""sqrt"", ""clf__base__min_samples_leaf"": 1, ""clf__base__n_estimators"": 200}",0.9862,0.9929591836734696,0.591715976331361,1.0,0.7434944237918215,1.0,0.9859183673469388,0.9929092590689548,0.8682018414303883,0.7637955546595668,0.999215306122449,0.9502255077625282,0.9929342210574368,1.6899999999999995,53.02,False,1f58d07,scikit-learn=1.9.1;imbalanced-learn=0.14.2;xgboost=3.4.1;lightgbm=4.7.0;numpy=2.5.3;pandas=3.0.6,2026-09-27T22:11:19Z
cicids2017,network_security,member_1,e3,c4_AB_smotetomek_weights,1,1,0,orig,1.0,1.0,0.02,XGB,0,0,2026,5000,5000,100,10,0.5,49.0,0.5,"{""clf__base__colsample_bytree"": 0.6299297262516527, ""clf__base__learning_rate"": 0.24209961404115907, ""clf__base__max_depth"": 3, ""clf__base__min_child_weight"": 1, ""clf__base__n_estimators"": 400, ""clf__base__reg_lambda"": 0.013825769701893902, ""clf__base__subsample"": 0.7881804586451416}",0.9898,0.9898979591836734,0.6644295302013423,0.99,0.7951807228915663,0.999793856936714,0.9897959183673468,0.9947697672033636,0.8949752450474651,0.806723845936143,0.9994357142857142,0.9652963291753922,0.9898979539243796,1.49,45.19,False,1f58d07,scikit-learn=1.9.1;imbalanced-learn=0.14.2;xgboost=3.4.1;lightgbm=4.7.0;numpy=2.5.3;pandas=3.0.6,2026-09-27T22:11:09Z
cicids2017,network_security,member_1,e3,c4_AB_smotetomek_weights,1,1,0,orig,1.0,1.0,0.02,XGB,0,1,2027,5000,5000,100,10,0.5,49.0,0.5,"{""clf__base__colsample_bytree"": 0.9708534199704669, ""clf__base__learning_rate"": 0.0442673907270532, ""clf__base__max_depth"": 8, ""clf__base__min_child_weight"": 1, ""clf__base__n_estimators"": 200, ""clf__base__reg_lambda"": 0.04693946850954257, ""clf__base__subsample"": 0.9120151652522048}",0.9878,0.9937755102040816,0.6211180124223602,1.0,0.7662835249042146,1.0,0.9875510204081632,0.993736523257008,0.8800100240806112,0.7831894578973801,0.9996091836734696,0.9767562053381056,0.9937560165393532,1.61,36.36,False,1f58d07,scikit-learn=1.9.1;imbalanced-learn=0.14.2;xgboost=3.4.1;lightgbm=4.7.0;numpy=2.5.3;pandas=3.0.6,2026-09-27T22:11:45Z
cicids2017,network_security,member_1,e3,c4_AB_smotetomek_weights,1,1,0,orig,1.0,1.0,0.02,XGB,1,0,3026,5000,5000,100,10,0.5,49.0,0.5,"{""clf__base__colsample_bytree"": 0.6427066924659094, ""clf__base__learning_rate"": 0.14362393914105898, ""clf__base__max_depth"": 6, ""clf__base__min_child_weight"": 1, ""clf__base__n_estimators"": 400, ""clf__base__reg_lambda"": 0.614643025252804, ""clf__base__subsample"": 0.9355678497997515}",0.9904,0.9951020408163264,0.6756756756756757,1.0,0.8064516129032258,1.0,0.990204081632653,0.9950779327317474,0.9007647728174866,0.8179589304567527,0.9997459183673468,0.9848426161249928,0.9950899867010284,1.48,49.65,False,1f58d07,scikit-learn=1.9.1;imbalanced-learn=0.14.2;xgboost=3.4.1;lightgbm=4.7.0;numpy=2.5.3;pandas=3.0.6,2026-09-27T22:12:35Z
cicids2017,network_security,member_1,e3,c4_AB_smotetomek_weights,1,1,0,orig,1.0,1.0,0.02,XGB,1,1,3027,5000,5000,100,10,0.5,49.0,0.5,"{""clf__base__colsample_bytree"": 0.7104807071006849, ""clf__base__learning_rate"": 0.04849185141838699, ""clf__base__max_depth"": 6, ""clf__base__min_child_weight"": 1, ""clf__base__n_estimators"": 800, ""clf__base__reg_lambda"": 0.10018170767019599, ""clf__base__subsample"": 0.8054452821394007}",0.9898,0.9947959183673468,0.6622516556291391,1.0,0.796812749003984,1.0,0.989591836734694,0.9947686942250488,0.8957907216145164,0.809542359777814,0.9994051020408165,0.9565589226825596,0.9947823062030676,1.51,51.14,False,1f58d07,scikit-learn=1.9.1;imbalanced-learn=0.14.2;xgboost=3.4.1;lightgbm=4.7.0;numpy=2.5.3;pandas=3.0.6,2026-09-27T22:13:26Z
cicids2017,network_security,member_1,e3,c4_AB_smotetomek_weights,1,1,0,orig,1.0,1.0,0.02,XGB,2,0,4026,5000,5000,100,10,0.5,49.0,0.5,"{""clf__base__colsample_bytree"": 0.659630670299126, ""clf__base__learning_rate"": 0.03834557874295529, ""clf__base__max_depth"": 4, ""clf__base__min_child_weight"": 1, ""clf__base__n_estimators"": 800, ""clf__base__reg_lambda"": 0.0752355555373566, ""clf__base__subsample"": 0.6669423150701586}",0.9882,0.9939795918367348,0.6289308176100629,1.0,0.7722007722007722,1.0,0.9879591836734694,0.9939431269890155,0.8830719495948939,0.7882626320923283,0.9996857142857144,0.9784571865673096,0.9939613592456548,1.59,55.16,False,1f58d07,scikit-learn=1.9.1;imbalanced-learn=0.14.2;xgboost=3.4.1;lightgbm=4.7.0;numpy=2.5.3;pandas=3.0.6,2026-09-27T22:14:21Z
cicids2017,network_security,member_1,e3,c4_AB_smotetomek_weights,1,1,0,orig,1.0,1.0,0.02,XGB,2,1,4027,5000,5000,100,10,0.5,49.0,0.5,"{""clf__base__colsample_bytree"": 0.6559882439510808, ""clf__base__learning_rate"": 0.08120637239751023, ""clf__base__max_depth"": 4, ""clf__base__min_child_weight"": 1, ""clf__base__n_estimators"": 800, ""clf__base__reg_lambda"": 0.12873875292508413, ""clf__base__subsample"": 0.9865367520977653}",0.9916,0.9957142857142858,0.704225352112676,1.0,0.8264462809917356,1.0,0.9914285714285714,0.9956958393113344,0.9110710601515348,0.8355771267865422,0.9997285714285716,0.9828269211113476,0.9957050624700928,1.4200000000000002,57.77,False,1f58d07,scikit-learn=1.9.1;imbalanced-learn=0.14.2;xgboost=3.4.1;lightgbm=4.7.0;numpy=2.5.3;pandas=3.0.6,2026-09-27T22:15:19Z
cicids2017,network_security,member_1,e3,c4_AB_smotetomek_weights,1,1,0,orig,1.0,1.0,0.02,XGB,3,0,5026,5000,5000,100,10,0.5,49.0,0.5,"{""clf__base__colsample_bytree"": 0.966186289625362, ""clf__base__learning_rate"": 0.29511899190869545, ""clf__base__max_depth"": 6, ""clf__base__min_child_weight"": 1, ""clf__base__n_estimators"": 200, ""clf__base__reg_lambda"": 1.784943962718507, ""clf__base__subsample"": 0.76926012218394}",0.9826,0.9911224489795918,0.5347593582887701,1.0,0.6968641114982579,1.0,0.9822448979591836,0.9910429321527848,0.8439535218255214,0.7247514410576025,0.99959693877551,0.9698267172831756,0.9910826897687112,1.87,41.21,False,1f58d07,scikit-learn=1.9.1;imbalanced-learn=0.14.2;xgboost=3.4.1;lightgbm=4.7.0;numpy=2.5.3;pandas=3.0.6,2026-09-27T22:16:01Z
cicids2017,network_security,member_1,e3,c4_AB_smotetomek_weights,1,1,0,orig,1.0,1.0,0.02,XGB,3,1,5027,5000,5000,100,10,0.5,49.0,0.5,"{""clf__base__colsample_bytree"": 0.8618637240825485, ""clf__base__learning_rate"": 0.24920359397357883, ""clf__base__max_depth"": 6, ""clf__base__min_child_weight"": 1, ""clf__base__n_estimators"": 800, ""clf__base__reg_lambda"": 0.2723466933997092, ""clf__base__subsample"": 0.7486647947789067}",0.9894,0.975,0.6620689655172414,0.96,0.7836734693877551,0.9991761071060762,0.99,0.9945668887749872,0.8891201790813712,0.792579850230973,0.9987755102040816,0.9524094508965671,0.9748846085563152,1.45,62.72,False,1f58d07,scikit-learn=1.9.1;imbalanced-learn=0.14.2;xgboost=3.4.1;lightgbm=4.7.0;numpy=2.5.3;pandas=3.0.6,2026-09-27T22:17:03Z
cicids2017,network_security,member_1,e3,c4_AB_smotetomek_weights,1,1,0,orig,1.0,1.0,0.02,XGB,4,0,6026,5000,5000,100,10,0.5,49.0,0.5,"{""clf__base__colsample_bytree"": 0.6019883151666798, ""clf__base__learning_rate"": 0.05495868370296514, ""clf__base__max_depth"": 3, ""clf__base__min_child_weight"": 1, ""clf__base__n_estimators"": 200, ""clf__base__reg_lambda"": 0.012258452796480747, ""clf__base__subsample"": 0.8499805869873966}",0.9832,0.986530612244898,0.5439560439560439,0.99,0.7021276595744681,0.9997924449979244,0.983061224489796,0.9913562461411812,0.8467419528578247,0.7273929958942585,0.9993489795918368,0.9765260865727816,0.9865245117303968,1.82,43.59,False,1f58d07,scikit-learn=1.9.1;imbalanced-learn=0.14.2;xgboost=3.4.1;lightgbm=4.7.0;numpy=2.5.3;pandas=3.0.6,2026-09-27T22:17:47Z
cicids2017,network_security,member_1,e3,c4_AB_smotetomek_weights,1,1,0,orig,1.0,1.0,0.02,XGB,4,1,6027,5000,5000,100,10,0.5,49.0,0.5,"{""clf__base__colsample_bytree"": 0.7400831131827571, ""clf__base__learning_rate"": 0.021664971667522914, ""clf__base__max_depth"": 8, ""clf__base__min_child_weight"": 1, ""clf__base__n_estimators"": 400, ""clf__base__reg_lambda"": 0.0421316488972222, ""clf__base__subsample"": 0.6098935341153626}",0.9834,0.991530612244898,0.546448087431694,1.0,0.7067137809187279,1.0,0.983061224489796,0.99145826901307,0.8490860249658989,0.7329337800584089,0.9995183673469388,0.9726951158681344,0.991494439969179,1.83,37.98,False,1f58d07,scikit-learn=1.9.1;imbalanced-learn=0.14.2;xgboost=3.4.1;lightgbm=4.7.0;numpy=2.5.3;pandas=3.0.6,2026-09-27T22:18:25Z
cicids2017,network_security,member_1,e3,c8_A_Brecalc,1,1,0,recalc,1.0,1.0,0.02,LR,0,0,2026,5000,5000,100,0,0.5,1.0,0.5,"{""clf__base__C"": 86.64678862932995}",0.9568,0.9583673469387756,0.3116883116883117,0.96,0.4705882352941176,0.9991474850809888,0.9567346938775512,0.9774812343619684,0.7240347348280429,0.5338107895101872,0.9842918367346938,0.505209784194541,0.958365956262246,3.08,11.9,False,1f58d07,scikit-learn=1.9.1;imbalanced-learn=0.14.2;xgboost=3.4.1;lightgbm=4.7.0;numpy=2.5.3;pandas=3.0.6,2026-09-27T21:57:00Z
cicids2017,network_security,member_1,e3,c8_A_Brecalc,1,1,0,recalc,1.0,1.0,0.02,LR,0,1,2027,5000,5000,100,0,0.5,1.0,0.5,"{""clf__base__C"": 16.175254628698855}",0.9416,0.970204081632653,0.2551020408163265,1.0,0.4065040650406504,1.0,0.940408163265306,0.9692890197728228,0.6878965424067367,0.4897959183673469,0.9876367346938776,0.4979855919789674,0.9697464427701225,3.92,11.22,False,1f58d07,scikit-learn=1.9.1;imbalanced-learn=0.14.2;xgboost=3.4.1;lightgbm=4.7.0;numpy=2.5.3;pandas=3.0.6,2026-09-27T21:57:11Z
cicids2017,network_security,member_1,e3,c8_A_Brecalc,1,1,0,recalc,1.0,1.0,0.02,LR,1,0,3026,5000,5000,100,0,0.5,1.0,0.5,"{""clf__base__C"": 95.41248660376695}",0.9432,0.926938775510204,0.2486338797814207,0.91,0.3905579399141631,0.9980578334052654,0.9438775510204082,0.9702118732955738,0.6803849066048684,0.4589602552649592,0.983472448979592,0.464326070016433,0.926783993942802,3.66,12.59,False,1f58d07,scikit-learn=1.9.1;imbalanced-learn=0.14.2;xgboost=3.4.1;lightgbm=4.7.0;numpy=2.5.3;pandas=3.0.6,2026-09-27T21:57:24Z
cicids2017,network_security,member_1,e3,c8_A_Brecalc,1,1,0,recalc,1.0,1.0,0.02,LR,1,1,3027,5000,5000,100,0,0.5,1.0,0.5,"{""clf__base__C"": 2.427560843432097}",0.9398,0.954591836734694,0.2455696202531645,0.97,0.3919191919191919,0.9993485342019544,0.9391836734693878,0.9683324566017886,0.6801258242604903,0.4718851421340239,0.980338775510204,0.4687900660591211,0.9544674762742344,3.95,6.39,False,1f58d07,scikit-learn=1.9.1;imbalanced-learn=0.14.2;xgboost=3.4.1;lightgbm=4.7.0;numpy=2.5.3;pandas=3.0.6,2026-09-27T21:57:30Z
cicids2017,network_security,member_1,e3,c8_A_Brecalc,1,1,0,recalc,1.0,1.0,0.02,LR,2,0,4026,5000,5000,100,0,0.5,1.0,0.5,"{""clf__base__C"": 11.333229684537264}",0.9392,0.9640816326530612,0.2462686567164179,0.99,0.3944223107569721,0.9997825141365811,0.9381632653061224,0.9679932617393135,0.6812077862481428,0.4778866582897185,0.9817061224489796,0.3990308222392071,0.9637331750298218,4.02,6.76,False,1f58d07,scikit-learn=1.9.1;imbalanced-learn=0.14.2;xgboost=3.4.1;lightgbm=4.7.0;numpy=2.5.3;pandas=3.0.6,2026-09-27T21:57:37Z
cicids2017,network_security,member_1,e3,c8_A_Brecalc,1,1,0,recalc,1.0,1.0,0.02,LR,2,1,4027,5000,5000,100,0,0.5,1.0,0.5,"{""clf__base__C"": 80.93579062656904}",0.9428,0.9463265306122448,0.2526595744680851,0.95,0.3991596638655462,0.9989186851211072,0.9426530612244898,0.9699706005879882,0.6845651322267672,0.4738903919260464,0.9617795918367346,0.5552054969095044,0.9463194007116548,3.76,8.01,False,1f58d07,scikit-learn=1.9.1;imbalanced-learn=0.14.2;xgboost=3.4.1;lightgbm=4.7.0;numpy=2.5.3;pandas=3.0.6,2026-09-27T21:57:45Z
cicids2017,network_security,member_1,e3,c8_A_Brecalc,1,1,0,recalc,1.0,1.0,0.02,LR,3,0,5026,5000,5000,100,0,0.5,1.0,0.5,"{""clf__base__C"": 68.96511808116286}",0.9506,0.9601020408163266,0.2844574780058651,0.97,0.4399092970521542,0.9993560849967804,0.950204081632653,0.974160477037347,0.7070348870447506,0.511044419887098,0.9846938775510204,0.4281696574559356,0.9600510190524634,3.41,9.45,False,1f58d07,scikit-learn=1.9.1;imbalanced-learn=0.14.2;xgboost=3.4.1;lightgbm=4.7.0;numpy=2.5.3;pandas=3.0.6,2026-09-27T21:57:55Z
cicids2017,network_security,member_1,e3,c8_A_Brecalc,1,1,0,recalc,1.0,1.0,0.02,LR,3,1,5027,5000,5000,100,0,0.5,1.0,0.5,"{""clf__base__C"": 12.776241362116359}",0.938,0.963469387755102,0.2426470588235294,0.99,0.389763779527559,0.9997822299651568,0.936938775510204,0.9673409186683524,0.6785523490979557,0.4740433609888386,0.9862204081632654,0.5237284845035282,0.9631040378666792,4.08,8.38,False,1f58d07,scikit-learn=1.9.1;imbalanced-learn=0.14.2;xgboost=3.4.1;lightgbm=4.7.0;numpy=2.5.3;pandas=3.0.6,2026-09-27T21:58:03Z
cicids2017,network_security,member_1,e3,c8_A_Brecalc,1,1,0,recalc,1.0,1.0,0.02,LR,4,0,6026,5000,5000,100,0,0.5,1.0,0.5,"{""clf__base__C"": 73.66417088381552}",0.938,0.9683673469387756,0.2439024390243902,1.0,0.392156862745098,1.0,0.936734693877551,0.9673340358271864,0.6797454492861422,0.4779873184044743,0.9906428571428572,0.5384600651860801,0.967850553483104,4.1,8.78,False,1f58d07,scikit-learn=1.9.1;imbalanced-learn=0.14.2;xgboost=3.4.1;lightgbm=4.7.0;numpy=2.5.3;pandas=3.0.6,2026-09-27T21:58:12Z
cicids2017,network_security,member_1,e3,c8_A_Brecalc,1,1,0,recalc,1.0,1.0,0.02,LR,4,1,6027,5000,5000,100,0,0.5,1.0,0.5,"{""clf__base__C"": 89.78839453758782}",0.9436,0.9418367346938776,0.254054054054054,0.94,0.4,0.9987041036717064,0.9436734693877552,0.9704092339979014,0.6852046169989507,0.4726052032654528,0.981542857142857,0.459853863220881,0.941834943726601,3.7,10.75,False,1f58d07,scikit-learn=1.9.1;imbalanced-learn=0.14.2;xgboost=3.4.1;lightgbm=4.7.0;numpy=2.5.3;pandas=3.0.6,2026-09-27T21:58:23Z
cicids2017,network_security,member_1,e3,c8_A_Brecalc,1,1,0,recalc,1.0,1.0,0.02,RF,0,0,2026,5000,5000,100,0,0.5,1.0,0.5,"{""clf__base__max_depth"": 16, ""clf__base__max_features"": ""sqrt"", ""clf__base__min_samples_leaf"": 1, ""clf__base__n_estimators"": 200}",0.9964,0.9785714285714284,0.8727272727272727,0.96,0.9142857142857144,0.9991820040899796,0.9971428571428572,0.9981613891726252,0.9562235517291696,0.9135325590159484,0.9938836734693876,0.9588104903918272,0.9783951874662624,1.1,11.51,False,1f58d07,scikit-learn=1.9.1;imbalanced-learn=0.14.2;xgboost=3.4.1;lightgbm=4.7.0;numpy=2.5.3;pandas=3.0.6,2026-09-27T22:11:31Z
cicids2017,network_security,member_1,e3,c8_A_Brecalc,1,1,0,recalc,1.0,1.0,0.02,RF,0,1,2027,5000,5000,100,0,0.5,1.0,0.5,"{""clf__base__max_depth"": null, ""clf__base__max_features"": ""log2"", ""clf__base__min_samples_leaf"": 2, ""clf__base__n_estimators"": 200}",0.9946,0.9923469387755102,0.792,0.99,0.88,0.9997948717948718,0.9946938775510203,0.997237851662404,0.938618925831202,0.8829923909823375,0.9993836734693876,0.9689341683637966,0.992344163471278,1.25,8.91,False,1f58d07,scikit-learn=1.9.1;imbalanced-learn=0.14.2;xgboost=3.4.1;lightgbm=4.7.0;numpy=2.5.3;pandas=3.0.6,2026-09-27T22:11:40Z
cicids2017,network_security,member_1,e3,c8_A_Brecalc,1,1,0,recalc,1.0,1.0,0.02,RF,1,0,3026,5000,5000,100,0,0.5,1.0,0.5,"{""clf__base__max_depth"": null, ""clf__base__max_features"": ""log2"", ""clf__base__min_samples_leaf"": 1, ""clf__base__n_estimators"": 400}",0.9942,0.9627551020408164,0.808695652173913,0.93,0.8651162790697674,0.9985670419651996,0.9955102040816326,0.9970362800204394,0.9310762795451034,0.8643667397581761,0.998677551020408,0.9456598112955584,0.9621977394464812,1.15,15.66,False,1f58d07,scikit-learn=1.9.1;imbalanced-learn=0.14.2;xgboost=3.4.1;lightgbm=4.7.0;numpy=2.5.3;pandas=3.0.6,2026-09-27T22:11:56Z
cicids2017,network_security,member_1,e3,c8_A_Brecalc,1,1,0,recalc,1.0,1.0,0.02,RF,1,1,3027,5000,5000,100,0,0.5,1.0,0.5,"{""clf__base__max_depth"": null, ""clf__base__max_features"": ""log2"", ""clf__base__min_samples_leaf"": 1, ""clf__base__n_estimators"": 200}",0.9962,0.978469387755102,0.8648648648648649,0.96,0.909952606635071,0.9991818367764368,0.996938775510204,0.9980590458678108,0.9540058262514408,0.909307314746922,0.9992897959183674,0.966171688052355,0.9782950600354658,1.11,10.44,False,1f58d07,scikit-learn=1.9.1;imbalanced-learn=0.14.2;xgboost=3.4.1;lightgbm=4.7.0;numpy=2.5.3;pandas=3.0.6,2026-09-27T22:12:06Z
cicids2017,network_security,member_1,e3,c8_A_Brecalc,1,1,0,recalc,1.0,1.0,0.02,RF,2,0,4026,5000,5000,100,0,0.5,1.0,0.5,"{""clf__base__max_depth"": null, ""clf__base__max_features"": ""sqrt"", ""clf__base__min_samples_leaf"": 1, ""clf__base__n_estimators"": 200}",0.9968,0.993469387755102,0.868421052631579,0.99,0.9252336448598132,0.999795333606222,0.996938775510204,0.9983650112405478,0.9617993280501804,0.925676194525618,0.9996132653061224,0.9712838974637914,0.9934633298492208,1.14,12.05,False,1f58d07,scikit-learn=1.9.1;imbalanced-learn=0.14.2;xgboost=3.4.1;lightgbm=4.7.0;numpy=2.5.3;pandas=3.0.6,2026-09-27T22:12:18Z
cicids2017,network_security,member_1,e3,c8_A_Brecalc,1,1,0,recalc,1.0,1.0,0.02,RF,2,1,4027,5000,5000,100,0,0.5,1.0,0.5,"{""clf__base__max_depth"": null, ""clf__base__max_features"": ""log2"", ""clf__base__min_samples_leaf"": 1, ""clf__base__n_estimators"": 200}",0.9956,0.9879591836734694,0.8305084745762712,0.98,0.8990825688073395,0.9995903318312168,0.9959183673469388,0.9977509711715395,0.9484167699894396,0.9000603712450839,0.9989826530612244,0.958980617178368,0.9879271228182775,1.18,9.25,False,1f58d07,scikit-learn=1.9.1;imbalanced-learn=0.14.2;xgboost=3.4.1;lightgbm=4.7.0;numpy=2.5.3;pandas=3.0.6,2026-09-27T22:12:28Z
cicids2017,network_security,member_1,e3,c8_A_Brecalc,1,1,0,recalc,1.0,1.0,0.02,RF,3,0,5026,5000,5000,100,0,0.5,1.0,0.5,"{""clf__base__max_depth"": 16, ""clf__base__max_features"": ""sqrt"", ""clf__base__min_samples_leaf"": 2, ""clf__base__n_estimators"": 200}",0.9942,0.9823469387755102,0.7886178861788617,0.97,0.8699551569506726,0.9993848677465657,0.9946938775510203,0.997033854965736,0.9334945059582044,0.8718838410047539,0.9993704081632654,0.9745163487149222,0.982269342504636,1.23,9.34,False,1f58d07,scikit-learn=1.9.1;imbalanced-learn=0.14.2;xgboost=3.4.1;lightgbm=4.7.0;numpy=2.5.3;pandas=3.0.6,2026-09-27T22:12:37Z
cicids2017,network_security,member_1,e3,c8_A_Brecalc,1,1,0,recalc,1.0,1.0,0.02,RF,3,1,5027,5000,5000,100,0,0.5,1.0,0.5,"{""clf__base__max_depth"": null, ""clf__base__max_features"": ""sqrt"", ""clf__base__min_samples_leaf"": 1, ""clf__base__n_estimators"": 400}",0.9974,0.9790816326530613,0.9142857142857144,0.96,0.9365853658536586,0.9991828396322778,0.9981632653061224,0.9986727922409392,0.967629079047299,0.935549043277008,0.9995357142857144,0.9713470732130768,0.9788956709955752,1.05,19.35,False,1f58d07,scikit-learn=1.9.1;imbalanced-learn=0.14.2;xgboost=3.4.1;lightgbm=4.7.0;numpy=2.5.3;pandas=3.0.6,2026-09-27T22:12:56Z
cicids2017,network_security,member_1,e3,c8_A_Brecalc,1,1,0,recalc,1.0,1.0,0.02,RF,4,0,6026,5000,5000,100,0,0.5,1.0,0.5,"{""clf__base__max_depth"": 16, ""clf__base__max_features"": ""sqrt"", ""clf__base__min_samples_leaf"": 2, ""clf__base__n_estimators"": 400}",0.9948,0.9826530612244898,0.8083333333333333,0.97,0.8818181818181818,0.9993852459016394,0.9953061224489796,0.9973415132924336,0.9395798475553075,0.8830037880730243,0.9986785714285714,0.9620578235535812,0.982571594732674,1.2,17.15,False,1f58d07,scikit-learn=1.9.1;imbalanced-learn=0.14.2;xgboost=3.4.1;lightgbm=4.7.0;numpy=2.5.3;pandas=3.0.6,2026-09-27T22:13:14Z
cicids2017,network_security,member_1,e3,c8_A_Brecalc,1,1,0,recalc,1.0,1.0,0.02,RF,4,1,6027,5000,5000,100,0,0.5,1.0,0.5,"{""clf__base__max_depth"": null, ""clf__base__max_features"": ""sqrt"", ""clf__base__min_samples_leaf"": 1, ""clf__base__n_estimators"": 200}",0.9956,0.9879591836734694,0.8305084745762712,0.98,0.8990825688073395,0.9995903318312168,0.9959183673469388,0.9977509711715395,0.9484167699894396,0.9000603712450839,0.9993632653061224,0.9574264349041032,0.9879271228182775,1.18,10.18,False,1f58d07,scikit-learn=1.9.1;imbalanced-learn=0.14.2;xgboost=3.4.1;lightgbm=4.7.0;numpy=2.5.3;pandas=3.0.6,2026-09-27T22:13:24Z
cicids2017,network_security,member_1,e3,c8_A_Brecalc,1,1,0,recalc,1.0,1.0,0.02,XGB,0,0,2026,5000,5000,100,0,0.5,1.0,0.5,"{""clf__base__colsample_bytree"": 0.6299297262516527, ""clf__base__learning_rate"": 0.24209961404115907, ""clf__base__max_depth"": 3, ""clf__base__min_child_weight"": 1, ""clf__base__n_estimators"": 400, ""clf__base__reg_lambda"": 0.013825769701893902, ""clf__base__subsample"": 0.7881804586451416}",0.997,0.9739795918367348,0.9047619047619048,0.95,0.926829268292683,0.9989785495403471,0.9979591836734694,0.998468606431853,0.962648937362268,0.9255857946798088,0.9989163265306122,0.9579962540610244,0.973684355676826,1.05,5.79,False,1f58d07,scikit-learn=1.9.1;imbalanced-learn=0.14.2;xgboost=3.4.1;lightgbm=4.7.0;numpy=2.5.3;pandas=3.0.6,2026-09-27T22:18:31Z
cicids2017,network_security,member_1,e3,c8_A_Brecalc,1,1,0,recalc,1.0,1.0,0.02,XGB,0,1,2027,5000,5000,100,0,0.5,1.0,0.5,"{""clf__base__colsample_bytree"": 0.9206269033670733, ""clf__base__learning_rate"": 0.21639357680112015, ""clf__base__max_depth"": 3, ""clf__base__min_child_weight"": 1, ""clf__base__n_estimators"": 200, ""clf__base__reg_lambda"": 0.39950328397895196, ""clf__base__subsample"": 0.643985800858856}",0.9982,0.9941836734693876,0.9252336448598132,0.99,0.9565217391304348,0.9997956264050684,0.9983673469387756,0.9990809762074953,0.977801357668965,0.9561740043950054,0.999858163265306,0.9925540498071012,0.9941748706688316,1.0699999999999998,4.64,False,1f58d07,scikit-learn=1.9.1;imbalanced-learn=0.14.2;xgboost=3.4.1;lightgbm=4.7.0;numpy=2.5.3;pandas=3.0.6,2026-09-27T22:18:36Z
cicids2017,network_security,member_1,e3,c8_A_Brecalc,1,1,0,recalc,1.0,1.0,0.02,XGB,1,0,3026,5000,5000,100,0,0.5,1.0,0.5,"{""clf__base__colsample_bytree"": 0.9309234777238906, ""clf__base__learning_rate"": 0.04043516810958894, ""clf__base__max_depth"": 6, ""clf__base__min_child_weight"": 1, ""clf__base__n_estimators"": 800, ""clf__base__reg_lambda"": 0.07885568670293347, ""clf__base__subsample"": 0.6164565020946385}",0.9984,0.9893877551020408,0.9423076923076924,0.98,0.9607843137254902,0.999591503267974,0.9987755102040816,0.999183340138832,0.9799838269321612,0.9601603333352128,0.999838775510204,0.9911639888834972,0.9893432164825308,1.04,11.4,False,1f58d07,scikit-learn=1.9.1;imbalanced-learn=0.14.2;xgboost=3.4.1;lightgbm=4.7.0;numpy=2.5.3;pandas=3.0.6,2026-09-27T22:18:47Z
cicids2017,network_security,member_1,e3,c8_A_Brecalc,1,1,0,recalc,1.0,1.0,0.02,XGB,1,1,3027,5000,5000,100,0,0.5,1.0,0.5,"{""clf__base__colsample_bytree"": 0.8513470081401819, ""clf__base__learning_rate"": 0.25382642172504044, ""clf__base__max_depth"": 4, ""clf__base__min_child_weight"": 1, ""clf__base__n_estimators"": 200, ""clf__base__reg_lambda"": 0.012756619257647156, ""clf__base__subsample"": 0.9023643959650978}",0.998,0.9940816326530612,0.9166666666666666,0.99,0.9519230769230768,0.999795584627964,0.9981632653061224,0.9989787581699346,0.9754509175465058,0.9516377098292724,0.999426530612245,0.955158215119876,0.9940732531624926,1.08,4.13,False,1f58d07,scikit-learn=1.9.1;imbalanced-learn=0.14.2;xgboost=3.4.1;lightgbm=4.7.0;numpy=2.5.3;pandas=3.0.6,2026-09-27T22:18:52Z
cicids2017,network_security,member_1,e3,c8_A_Brecalc,1,1,0,recalc,1.0,1.0,0.02,XGB,2,0,4026,5000,5000,100,0,0.5,1.0,0.5,"{""clf__base__colsample_bytree"": 0.659630670299126, ""clf__base__learning_rate"": 0.03834557874295529, ""clf__base__max_depth"": 4, ""clf__base__min_child_weight"": 1, ""clf__base__n_estimators"": 800, ""clf__base__reg_lambda"": 0.0752355555373566, ""clf__base__subsample"": 0.6669423150701586}",0.9982,0.9941836734693876,0.9252336448598132,0.99,0.9565217391304348,0.9997956264050684,0.9983673469387756,0.9990809762074953,0.977801357668965,0.9561740043950054,0.999834693877551,0.9914793176567924,0.9941748706688316,1.0699999999999998,11.21,False,1f58d07,scikit-learn=1.9.1;imbalanced-learn=0.14.2;xgboost=3.4.1;lightgbm=4.7.0;numpy=2.5.3;pandas=3.0.6,2026-09-27T22:19:03Z
cicids2017,network_security,member_1,e3,c8_A_Brecalc,1,1,0,recalc,1.0,1.0,0.02,XGB,2,1,4027,5000,5000,100,0,0.5,1.0,0.5,"{""clf__base__colsample_bytree"": 0.6559882439510808, ""clf__base__learning_rate"": 0.08120637239751023, ""clf__base__max_depth"": 4, ""clf__base__min_child_weight"": 1, ""clf__base__n_estimators"": 800, ""clf__base__reg_lambda"": 0.12873875292508413, ""clf__base__subsample"": 0.9865367520977653}",0.9982,0.9892857142857144,0.9333333333333332,0.98,0.9560975609756096,0.999591419816139,0.9985714285714286,0.9990811638591118,0.9775893624173608,0.9554755404714064,0.9996755102040816,0.9827998252685696,0.9892421341612982,1.05,7.85,False,1f58d07,scikit-learn=1.9.1;imbalanced-learn=0.14.2;xgboost=3.4.1;lightgbm=4.7.0;numpy=2.5.3;pandas=3.0.6,2026-09-27T22:19:11Z
cicids2017,network_security,member_1,e3,c8_A_Brecalc,1,1,0,recalc,1.0,1.0,0.02,XGB,3,0,5026,5000,5000,100,0,0.5,1.0,0.5,"{""clf__base__colsample_bytree"": 0.7808019843847107, ""clf__base__learning_rate"": 0.1307315008906521, ""clf__base__max_depth"": 3, ""clf__base__min_child_weight"": 3, ""clf__base__n_estimators"": 800, ""clf__base__reg_lambda"": 0.4515036359386654, ""clf__base__subsample"": 0.7381495117993713}",0.997,0.988673469387755,0.8828828828828829,0.98,0.9289099526066352,0.9995909183882185,0.9973469387755102,0.998467667790377,0.963688810198506,0.9286996652426978,0.9996714285714288,0.9864140076989136,0.9886354231970448,1.11,7.68,False,1f58d07,scikit-learn=1.9.1;imbalanced-learn=0.14.2;xgboost=3.4.1;lightgbm=4.7.0;numpy=2.5.3;pandas=3.0.6,2026-09-27T22:19:18Z
cicids2017,network_security,member_1,e3,c8_A_Brecalc,1,1,0,recalc,1.0,1.0,0.02,XGB,3,1,5027,5000,5000,100,0,0.5,1.0,0.5,"{""clf__base__colsample_bytree"": 0.8618637240825485, ""clf__base__learning_rate"": 0.24920359397357883, ""clf__base__max_depth"": 6, ""clf__base__min_child_weight"": 1, ""clf__base__n_estimators"": 800, ""clf__base__reg_lambda"": 0.2723466933997092, ""clf__base__subsample"": 0.7486647947789067}",0.9968,0.973877551020408,0.8962264150943396,0.95,0.9223300970873788,0.9989783408255006,0.9977551020408164,0.9983663467429038,0.9603482219151412,0.9211052463178312,0.9994673469387756,0.969297215080194,0.9735847918588166,1.06,7.77,False,1f58d07,scikit-learn=1.9.1;imbalanced-learn=0.14.2;xgboost=3.4.1;lightgbm=4.7.0;numpy=2.5.3;pandas=3.0.6,2026-09-27T22:19:26Z
cicids2017,network_security,member_1,e3,c8_A_Brecalc,1,1,0,recalc,1.0,1.0,0.02,XGB,4,0,6026,5000,5000,100,0,0.5,1.0,0.5,"{""clf__base__colsample_bytree"": 0.6430964645008799, ""clf__base__learning_rate"": 0.11900147712804574, ""clf__base__max_depth"": 6, ""clf__base__min_child_weight"": 3, ""clf__base__n_estimators"": 800, ""clf__base__reg_lambda"": 5.320668227960565, ""clf__base__subsample"": 0.8406463455818014}",0.9966,0.988469387755102,0.8672566371681416,0.98,0.92018779342723,0.9995907509719664,0.996938775510204,0.9982630019413508,0.9592253976842904,0.9202482414673856,0.9988989795918368,0.9774753089666534,0.9884331034521254,1.13,8.79,False,1f58d07,scikit-learn=1.9.1;imbalanced-learn=0.14.2;xgboost=3.4.1;lightgbm=4.7.0;numpy=2.5.3;pandas=3.0.6,2026-09-27T22:19:35Z
cicids2017,network_security,member_1,e3,c8_A_Brecalc,1,1,0,recalc,1.0,1.0,0.02,XGB,4,1,6027,5000,5000,100,0,0.5,1.0,0.5,"{""clf__base__colsample_bytree"": 0.7400831131827571, ""clf__base__learning_rate"": 0.021664971667522914, ""clf__base__max_depth"": 8, ""clf__base__min_child_weight"": 1, ""clf__base__n_estimators"": 400, ""clf__base__reg_lambda"": 0.0421316488972222, ""clf__base__subsample"": 0.6098935341153626}",0.9976,0.9889795918367348,0.9074074074074074,0.98,0.9423076923076924,0.999591169255928,0.9979591836734694,0.9987745098039216,0.9705411010558068,0.941810802458049,0.999630612244898,0.9814241883350412,0.9889388252060892,1.08,7.25,False,1f58d07,scikit-learn=1.9.1;imbalanced-learn=0.14.2;xgboost=3.4.1;lightgbm=4.7.0;numpy=2.5.3;pandas=3.0.6,2026-09-27T22:19:42Z
cicids2017,network_security,member_1,e3,c3_C_threshold,0,0,1,none,0.0,0.0,0.02,LR,0,0,2026,5000,5000,100,0,0.02,0.0204081632653061,0.5151515151513485,"{""clf__base__C"": 8.244177664395792}",0.9858,0.6988775510204082,0.7843137254901961,0.4,0.5298013245033113,0.9878763386542736,0.9977551020408164,0.99279114630927,0.7612962354062907,0.5542044187469891,0.9748346938775512,0.4779968652671601,0.6317452341065396,0.51,10.18,False,1f58d07,scikit-learn=1.9.1;imbalanced-learn=0.14.2;xgboost=3.4.1;lightgbm=4.7.0;numpy=2.5.3;pandas=3.0.6,2026-09-27T21:58:34Z
cicids2017,network_security,member_1,e3,c3_C_threshold,0,0,1,none,0.0,0.0,0.02,LR,0,1,2027,5000,5000,100,0,0.02,0.0204081632653061,0.4949486825747782,"{""clf__base__C"": 8.004475763115407}",0.9858,0.6596938775510204,0.9142857142857144,0.32,0.4740740740740741,0.9863041289023162,0.9993877551020408,0.9928028383172832,0.7334384561956787,0.5363183460254963,0.9802530612244896,0.5045366712788103,0.5655122294280231,0.35,9.46,False,1f58d07,scikit-learn=1.9.1;imbalanced-learn=0.14.2;xgboost=3.4.1;lightgbm=4.7.0;numpy=2.5.3;pandas=3.0.6,2026-09-27T21:58:43Z
cicids2017,network_security,member_1,e3,c3_C_threshold,0,0,1,none,0.0,0.0,0.02,LR,1,0,3026,5000,5000,100,0,0.02,0.0204081632653061,0.5252525252525222,"{""clf__base__C"": 1.0270119574686296}",0.9856,0.6742857142857143,0.8333333333333334,0.35,0.4929577464788732,0.9868898749495764,0.9985714285714286,0.992696287279367,0.7428270168791201,0.5347021371367561,0.961338775510204,0.4100533722264937,0.591185250154298,0.42,7.68,False,1f58d07,scikit-learn=1.9.1;imbalanced-learn=0.14.2;xgboost=3.4.1;lightgbm=4.7.0;numpy=2.5.3;pandas=3.0.6,2026-09-27T21:58:51Z
cicids2017,network_security,member_1,e3,c3_C_threshold,0,0,1,none,0.0,0.0,0.02,LR,1,1,3027,5000,5000,100,0,0.02,0.0204081632653061,0.4338205070314661,"{""clf__base__C"": 2.427560843432097}",0.9868,0.7042857142857143,0.8541666666666666,0.41,0.5540540540540541,0.9880856219709208,0.9985714285714286,0.9933008526187576,0.7736774533364059,0.586617610361481,0.977577551020408,0.5140027866460886,0.63985489426454,0.4799999999999999,7.42,False,1f58d07,scikit-learn=1.9.1;imbalanced-learn=0.14.2;xgboost=3.4.1;lightgbm=4.7.0;numpy=2.5.3;pandas=3.0.6,2026-09-27T21:58:59Z
cicids2017,network_security,member_1,e3,c3_C_threshold,0,0,1,none,0.0,0.0,0.02,LR,2,0,4026,5000,5000,100,0,0.02,0.0204081632653061,0.494949494949495,"{""clf__base__C"": 11.333229684537264}",0.985,0.6739795918367346,0.7777777777777778,0.35,0.4827586206896552,0.9868819374369324,0.9979591836734694,0.9923896499238964,0.7375741353067758,0.5158200948917152,0.9773795918367348,0.4448708915069381,0.5910039883839315,0.4499999999999999,8.23,False,1f58d07,scikit-learn=1.9.1;imbalanced-learn=0.14.2;xgboost=3.4.1;lightgbm=4.7.0;numpy=2.5.3;pandas=3.0.6,2026-09-27T21:59:07Z
cicids2017,network_security,member_1,e3,c3_C_threshold,0,0,1,none,0.0,0.0,0.02,LR,2,1,4027,5000,5000,100,0,0.02,0.0204081632653061,0.4374525506368288,"{""clf__base__C"": 7.590253919127836}",0.9852,0.6838775510204081,0.7708333333333334,0.37,0.5,0.9872778675282714,0.9977551020408164,0.9924888347543646,0.7462444173771823,0.5280144524832111,0.9743428571428572,0.4940245944916465,0.6075931103584882,0.4799999999999999,8.69,False,1f58d07,scikit-learn=1.9.1;imbalanced-learn=0.14.2;xgboost=3.4.1;lightgbm=4.7.0;numpy=2.5.3;pandas=3.0.6,2026-09-27T21:59:16Z
cicids2017,network_security,member_1,e3,c3_C_threshold,0,0,1,none,0.0,0.0,0.02,LR,3,0,5026,5000,5000,100,0,0.02,0.0204081632653061,0.3333333333333333,"{""clf__base__C"": 68.96511808116286}",0.9836,0.8251020408163265,0.5789473684210527,0.66,0.616822429906542,0.9930413426115432,0.990204081632653,0.9916206826078072,0.8042215562571746,0.6098437460212197,0.983038775510204,0.4852280133662237,0.8084149268027843,1.14,8.45,False,1f58d07,scikit-learn=1.9.1;imbalanced-learn=0.14.2;xgboost=3.4.1;lightgbm=4.7.0;numpy=2.5.3;pandas=3.0.6,2026-09-27T21:59:25Z
cicids2017,network_security,member_1,e3,c3_C_threshold,0,0,1,none,0.0,0.0,0.02,LR,3,1,5027,5000,5000,100,0,0.02,0.0204081632653061,0.4747474747474748,"{""clf__base__C"": 12.776241362116359}",0.986,0.6793877551020409,0.8571428571428571,0.36,0.5070422535211268,0.9870915691811214,0.9987755102040816,0.9928991681882736,0.7499707108547001,0.5503550100037571,0.977661224489796,0.5190898409415456,0.5996325405391784,0.42,10.82,False,1f58d07,scikit-learn=1.9.1;imbalanced-learn=0.14.2;xgboost=3.4.1;lightgbm=4.7.0;numpy=2.5.3;pandas=3.0.6,2026-09-27T21:59:36Z
cicids2017,network_security,member_1,e3,c3_C_threshold,0,0,1,none,0.0,0.0,0.02,LR,4,0,6026,5000,5000,100,0,0.02,0.0204081632653061,0.4444444444444445,"{""clf__base__C"": 11.931263751588402}",0.9864,0.7040816326530612,0.82,0.41,0.5466666666666666,0.988080808080808,0.9981632653061224,0.9930964467005076,0.769881556683587,0.5743073230052641,0.9801102040816329,0.5133525820664857,0.6397241114539222,0.5,9.93,False,1f58d07,scikit-learn=1.9.1;imbalanced-learn=0.14.2;xgboost=3.4.1;lightgbm=4.7.0;numpy=2.5.3;pandas=3.0.6,2026-09-27T21:59:46Z
cicids2017,network_security,member_1,e3,c3_C_threshold,0,0,1,none,0.0,0.0,0.02,LR,4,1,6027,5000,5000,100,0,0.02,0.0204081632653061,0.514361148505735,"{""clf__base__C"": 3.663404056321904}",0.985,0.6641836734693878,0.8048780487804879,0.33,0.4680851063829787,0.9864892115345836,0.9983673469387756,0.9923927376001624,0.7302389219915706,0.5097638352451724,0.9724448979591837,0.4488043603813407,0.5739871292022112,0.41,8.13,False,1f58d07,scikit-learn=1.9.1;imbalanced-learn=0.14.2;xgboost=3.4.1;lightgbm=4.7.0;numpy=2.5.3;pandas=3.0.6,2026-09-27T21:59:54Z
cicids2017,network_security,member_1,e3,c3_C_threshold,0,0,1,none,0.0,0.0,0.02,RF,0,0,2026,5000,5000,100,0,0.02,0.0204081632653061,0.5555555555555556,"{""clf__base__max_depth"": 16, ""clf__base__max_features"": ""sqrt"", ""clf__base__min_samples_leaf"": 1, ""clf__base__n_estimators"": 400}",0.995,0.884795918367347,0.9746835443037974,0.77,0.8603351955307262,0.99532615322089,0.999591836734694,0.9974544343753182,0.9288948149530224,0.864008995768267,0.9983551020408163,0.9388348015167618,0.877317339556055,0.79,14.31,False,1f58d07,scikit-learn=1.9.1;imbalanced-learn=0.14.2;xgboost=3.4.1;lightgbm=4.7.0;numpy=2.5.3;pandas=3.0.6,2026-09-27T22:13:38Z
cicids2017,network_security,member_1,e3,c3_C_threshold,0,0,1,none,0.0,0.0,0.02,RF,0,1,2027,5000,5000,100,0,0.02,0.0204081632653061,0.3434343434343435,"{""clf__base__max_depth"": 16, ""clf__base__max_features"": ""sqrt"", ""clf__base__min_samples_leaf"": 2, ""clf__base__n_estimators"": 200}",0.9956,0.9585714285714286,0.8679245283018868,0.92,0.8932038834951457,0.998365345320801,0.9971428571428572,0.9977537267714928,0.9454788051333192,0.8913537848734566,0.9991734693877552,0.9604087408884844,0.957795086942624,1.06,7.87,False,1f58d07,scikit-learn=1.9.1;imbalanced-learn=0.14.2;xgboost=3.4.1;lightgbm=4.7.0;numpy=2.5.3;pandas=3.0.6,2026-09-27T22:13:46Z
cicids2017,network_security,member_1,e3,c3_C_threshold,0,0,1,none,0.0,0.0,0.02,RF,1,0,3026,5000,5000,100,0,0.02,0.0204081632653061,0.4545454545454546,"{""clf__base__max_depth"": null, ""clf__base__max_features"": ""log2"", ""clf__base__min_samples_leaf"": 1, ""clf__base__n_estimators"": 400}",0.9962,0.9294897959183672,0.945054945054945,0.86,0.900523560209424,0.9971480953350988,0.9989795918367348,0.9980630033642574,0.9492932817868408,0.8996294698716635,0.9988418367346938,0.9418701782965718,0.9268885849872096,0.91,12.93,False,1f58d07,scikit-learn=1.9.1;imbalanced-learn=0.14.2;xgboost=3.4.1;lightgbm=4.7.0;numpy=2.5.3;pandas=3.0.6,2026-09-27T22:13:59Z
cicids2017,network_security,member_1,e3,c3_C_threshold,0,0,1,none,0.0,0.0,0.02,RF,1,1,3027,5000,5000,100,0,0.02,0.0204081632653061,0.4141414141414142,"{""clf__base__max_depth"": 16, ""clf__base__max_features"": ""log2"", ""clf__base__min_samples_leaf"": 1, ""clf__base__n_estimators"": 400}",0.9974,0.9594897959183674,0.9484536082474226,0.92,0.934010152284264,0.9983683459106668,0.9989795918367348,0.9986738753442824,0.9663420138142732,0.9327968980299306,0.9991285714285716,0.9593692707937675,0.9586768091957768,0.97,11.15,False,1f58d07,scikit-learn=1.9.1;imbalanced-learn=0.14.2;xgboost=3.4.1;lightgbm=4.7.0;numpy=2.5.3;pandas=3.0.6,2026-09-27T22:14:11Z
cicids2017,network_security,member_1,e3,c3_C_threshold,0,0,1,none,0.0,0.0,0.02,RF,2,0,4026,5000,5000,100,0,0.02,0.0204081632653061,0.4141414141414142,"{""clf__base__max_depth"": null, ""clf__base__max_features"": ""sqrt"", ""clf__base__min_samples_leaf"": 1, ""clf__base__n_estimators"": 200}",0.9972,0.9691836734693876,0.9215686274509804,0.94,0.9306930693069309,0.9987750102082482,0.9983673469387756,0.998571136966728,0.9646321031368292,0.9293117978064586,0.9994183673469388,0.9614307076776027,0.9687441902393268,1.02,7.37,False,1f58d07,scikit-learn=1.9.1;imbalanced-learn=0.14.2;xgboost=3.4.1;lightgbm=4.7.0;numpy=2.5.3;pandas=3.0.6,2026-09-27T22:14:18Z
cicids2017,network_security,member_1,e3,c3_C_threshold,0,0,1,none,0.0,0.0,0.02,RF,2,1,4027,5000,5000,100,0,0.02,0.0204081632653061,0.393939393939394,"{""clf__base__max_depth"": null, ""clf__base__max_features"": ""log2"", ""clf__base__min_samples_leaf"": 1, ""clf__base__n_estimators"": 200}",0.996,0.9440816326530612,0.9081632653061223,0.89,0.898989898989899,0.9977560179518564,0.9981632653061224,0.997959600081616,0.9484747495357576,0.8969973404209115,0.9987826530612244,0.9396244442681628,0.942531328987238,0.98,7.85,False,1f58d07,scikit-learn=1.9.1;imbalanced-learn=0.14.2;xgboost=3.4.1;lightgbm=4.7.0;numpy=2.5.3;pandas=3.0.6,2026-09-27T22:14:26Z
cicids2017,network_security,member_1,e3,c3_C_threshold,0,0,1,none,0.0,0.0,0.02,RF,3,0,5026,5000,5000,100,0,0.02,0.0204081632653061,0.3535353535353536,"{""clf__base__max_depth"": 16, ""clf__base__max_features"": ""sqrt"", ""clf__base__min_samples_leaf"": 2, ""clf__base__n_estimators"": 200}",0.9976,0.9742857142857142,0.931372549019608,0.95,0.9405940594059404,0.9989791751735402,0.9985714285714286,0.9987752602571952,0.969684659831568,0.9394174067430228,0.9990622448979593,0.9643176100721476,0.9739829860643652,1.02,7.6,False,1f58d07,scikit-learn=1.9.1;imbalanced-learn=0.14.2;xgboost=3.4.1;lightgbm=4.7.0;numpy=2.5.3;pandas=3.0.6,2026-09-27T22:14:34Z
cicids2017,network_security,member_1,e3,c3_C_threshold,0,0,1,none,0.0,0.0,0.02,RF,3,1,5027,5000,5000,100,0,0.02,0.0204081632653061,0.494949494949495,"{""clf__base__max_depth"": null, ""clf__base__max_features"": ""sqrt"", ""clf__base__min_samples_leaf"": 1, ""clf__base__n_estimators"": 400}",0.997,0.944591836734694,0.956989247311828,0.89,0.922279792746114,0.997758304463012,0.9991836734693876,0.9984704802691956,0.9603751365076548,0.9213826215655778,0.99865,0.9506325433918767,0.9430129741354332,0.93,15.76,False,1f58d07,scikit-learn=1.9.1;imbalanced-learn=0.14.2;xgboost=3.4.1;lightgbm=4.7.0;numpy=2.5.3;pandas=3.0.6,2026-09-27T22:14:50Z
cicids2017,network_security,member_1,e3,c3_C_threshold,0,0,1,none,0.0,0.0,0.02,RF,4,0,6026,5000,5000,100,0,0.02,0.0204081632653061,0.3838383838383838,"{""clf__base__max_depth"": null, ""clf__base__max_features"": ""sqrt"", ""clf__base__min_samples_leaf"": 2, ""clf__base__n_estimators"": 200}",0.9976,0.9693877551020408,0.94,0.94,0.94,0.9987755102040816,0.9987755102040816,0.9987755102040816,0.9693877551020408,0.9387755102040816,0.9986857142857144,0.958949883566441,0.9689421962077184,1.0,7.57,False,1f58d07,scikit-learn=1.9.1;imbalanced-learn=0.14.2;xgboost=3.4.1;lightgbm=4.7.0;numpy=2.5.3;pandas=3.0.6,2026-09-27T22:14:57Z
cicids2017,network_security,member_1,e3,c3_C_threshold,0,0,1,none,0.0,0.0,0.02,RF,4,1,6027,5000,5000,100,0,0.02,0.0204081632653061,0.3333333333333333,"{""clf__base__max_depth"": null, ""clf__base__max_features"": ""sqrt"", ""clf__base__min_samples_leaf"": 1, ""clf__base__n_estimators"": 200}",0.9962,0.9735714285714284,0.8715596330275229,0.95,0.9090909090909092,0.9989777141688816,0.9971428571428572,0.9980594423450108,0.95357517571796,0.9080326152034222,0.9989775510204082,0.95566888067893,0.9732860392945716,1.09,7.67,False,1f58d07,scikit-learn=1.9.1;imbalanced-learn=0.14.2;xgboost=3.4.1;lightgbm=4.7.0;numpy=2.5.3;pandas=3.0.6,2026-09-27T22:15:05Z
cicids2017,network_security,member_1,e3,c3_C_threshold,0,0,1,none,0.0,0.0,0.02,XGB,0,0,2026,5000,5000,100,0,0.02,0.0204081632653061,0.4843831956386566,"{""clf__base__colsample_bytree"": 0.6299297262516527, ""clf__base__learning_rate"": 0.24209961404115907, ""clf__base__max_depth"": 3, ""clf__base__min_child_weight"": 1, ""clf__base__n_estimators"": 400, ""clf__base__reg_lambda"": 0.013825769701893902, ""clf__base__subsample"": 0.7881804586451416}",0.9972,0.9691836734693876,0.9215686274509804,0.94,0.9306930693069309,0.9987750102082482,0.9983673469387756,0.998571136966728,0.9646321031368292,0.9293117978064586,0.999527551020408,0.9779010417247171,0.9687441902393268,1.02,3.77,False,1f58d07,scikit-learn=1.9.1;imbalanced-learn=0.14.2;xgboost=3.4.1;lightgbm=4.7.0;numpy=2.5.3;pandas=3.0.6,2026-09-27T22:19:46Z
cicids2017,network_security,member_1,e3,c3_C_threshold,0,0,1,none,0.0,0.0,0.02,XGB,0,1,2027,5000,5000,100,0,0.02,0.0204081632653061,0.3476570248603821,"{""clf__base__colsample_bytree"": 0.9367080900800241, ""clf__base__learning_rate"": 0.021966262532687294, ""clf__base__max_depth"": 8, ""clf__base__min_child_weight"": 3, ""clf__base__n_estimators"": 800, ""clf__base__reg_lambda"": 3.6644207629451695, ""clf__base__subsample"": 0.9110993697209724}",0.999,0.994591836734694,0.9611650485436892,0.99,0.9753694581280788,0.999795793342863,0.9991836734693876,0.999489639685618,0.9874295489068484,0.9749701408953892,0.9998244897959184,0.9893645961295492,0.9945812368704195,1.03,7.78,False,1f58d07,scikit-learn=1.9.1;imbalanced-learn=0.14.2;xgboost=3.4.1;lightgbm=4.7.0;numpy=2.5.3;pandas=3.0.6,2026-09-27T22:19:54Z
cicids2017,network_security,member_1,e3,c3_C_threshold,0,0,1,none,0.0,0.0,0.02,XGB,1,0,3026,5000,5000,100,0,0.02,0.0204081632653061,0.5542182922363281,"{""clf__base__colsample_bytree"": 0.6750002232167834, ""clf__base__learning_rate"": 0.055707861774863386, ""clf__base__max_depth"": 4, ""clf__base__min_child_weight"": 1, ""clf__base__n_estimators"": 800, ""clf__base__reg_lambda"": 0.08372426491886341, ""clf__base__subsample"": 0.7362258226856279}",0.998,0.959795918367347,0.9787234042553192,0.92,0.9484536082474226,0.9983693436608236,0.999591836734694,0.9989802161941668,0.9737169122207948,0.9479063849960896,0.9997316326530612,0.9877980459753276,0.9589705364587164,0.94,6.62,False,1f58d07,scikit-learn=1.9.1;imbalanced-learn=0.14.2;xgboost=3.4.1;lightgbm=4.7.0;numpy=2.5.3;pandas=3.0.6,2026-09-27T22:20:01Z
cicids2017,network_security,member_1,e3,c3_C_threshold,0,0,1,none,0.0,0.0,0.02,XGB,1,1,3027,5000,5000,100,0,0.02,0.0204081632653061,0.4228665232658386,"{""clf__base__colsample_bytree"": 0.6706550070155429, ""clf__base__learning_rate"": 0.11569792819007631, ""clf__base__max_depth"": 6, ""clf__base__min_child_weight"": 1, ""clf__base__n_estimators"": 200, ""clf__base__reg_lambda"": 0.21874279089075105, ""clf__base__subsample"": 0.6206077634727546}",0.9984,0.979591836734694,0.96,0.96,0.96,0.9991836734693876,0.9991836734693876,0.9991836734693876,0.979591836734694,0.9591836734693876,0.9994571428571428,0.9568928156790938,0.9793958987715908,1.0,2.95,False,1f58d07,scikit-learn=1.9.1;imbalanced-learn=0.14.2;xgboost=3.4.1;lightgbm=4.7.0;numpy=2.5.3;pandas=3.0.6,2026-09-27T22:20:04Z
cicids2017,network_security,member_1,e3,c3_C_threshold,0,0,1,none,0.0,0.0,0.02,XGB,2,0,4026,5000,5000,100,0,0.02,0.0204081632653061,0.2411596775054931,"{""clf__base__colsample_bytree"": 0.6565518320781988, ""clf__base__learning_rate"": 0.15688469024582752, ""clf__base__max_depth"": 6, ""clf__base__min_child_weight"": 3, ""clf__base__n_estimators"": 400, ""clf__base__reg_lambda"": 0.12145822228788311, ""clf__base__subsample"": 0.9124440815566071}",0.9984,0.979591836734694,0.96,0.96,0.96,0.9991836734693876,0.9991836734693876,0.9991836734693876,0.979591836734694,0.9591836734693876,0.9994204081632652,0.9820067522353184,0.9793958987715908,1.0,3.7,False,1f58d07,scikit-learn=1.9.1;imbalanced-learn=0.14.2;xgboost=3.4.1;lightgbm=4.7.0;numpy=2.5.3;pandas=3.0.6,2026-09-27T22:20:08Z
cicids2017,network_security,member_1,e3,c3_C_threshold,0,0,1,none,0.0,0.0,0.02,XGB,2,1,4027,5000,5000,100,0,0.02,0.0204081632653061,0.2397291958332061,"{""clf__base__colsample_bytree"": 0.9834570763060444, ""clf__base__learning_rate"": 0.030916321360916408, ""clf__base__max_depth"": 6, ""clf__base__min_child_weight"": 3, ""clf__base__n_estimators"": 800, ""clf__base__reg_lambda"": 0.019932289827414917, ""clf__base__subsample"": 0.859643305566143}",0.9982,0.9892857142857144,0.9333333333333332,0.98,0.9560975609756096,0.999591419816139,0.9985714285714286,0.9990811638591118,0.9775893624173608,0.9554755404714064,0.9995010204081634,0.973662695296249,0.9892421341612982,1.05,6.52,False,1f58d07,scikit-learn=1.9.1;imbalanced-learn=0.14.2;xgboost=3.4.1;lightgbm=4.7.0;numpy=2.5.3;pandas=3.0.6,2026-09-27T22:20:14Z
cicids2017,network_security,member_1,e3,c3_C_threshold,0,0,1,none,0.0,0.0,0.02,XGB,3,0,5026,5000,5000,100,0,0.02,0.0204081632653061,0.3962016701698303,"{""clf__base__colsample_bytree"": 0.7703357427350458, ""clf__base__learning_rate"": 0.01967416223001832, ""clf__base__max_depth"": 3, ""clf__base__min_child_weight"": 3, ""clf__base__n_estimators"": 400, ""clf__base__reg_lambda"": 0.02603777489694679, ""clf__base__subsample"": 0.8401530629222785}",0.9984,0.979591836734694,0.96,0.96,0.96,0.9991836734693876,0.9991836734693876,0.9991836734693876,0.979591836734694,0.9591836734693876,0.999661224489796,0.9825425702919516,0.9793958987715908,1.0,3.88,False,1f58d07,scikit-learn=1.9.1;imbalanced-learn=0.14.2;xgboost=3.4.1;lightgbm=4.7.0;numpy=2.5.3;pandas=3.0.6,2026-09-27T22:20:18Z
cicids2017,network_security,member_1,e3,c3_C_threshold,0,0,1,none,0.0,0.0,0.02,XGB,3,1,5027,5000,5000,100,0,0.02,0.0204081632653061,0.2906434237957001,"{""clf__base__colsample_bytree"": 0.9553016854784893, ""clf__base__learning_rate"": 0.024606039165437195, ""clf__base__max_depth"": 6, ""clf__base__min_child_weight"": 1, ""clf__base__n_estimators"": 800, ""clf__base__reg_lambda"": 2.6417865506915885, ""clf__base__subsample"": 0.763449774954557}",0.9976,0.9693877551020408,0.94,0.94,0.94,0.9987755102040816,0.9987755102040816,0.9987755102040816,0.9693877551020408,0.9387755102040816,0.9995857142857144,0.9825732019604254,0.9689421962077184,1.0,8.53,False,1f58d07,scikit-learn=1.9.1;imbalanced-learn=0.14.2;xgboost=3.4.1;lightgbm=4.7.0;numpy=2.5.3;pandas=3.0.6,2026-09-27T22:20:27Z
cicids2017,network_security,member_1,e3,c3_C_threshold,0,0,1,none,0.0,0.0,0.02,XGB,4,0,6026,5000,5000,100,0,0.02,0.0204081632653061,0.2491640001535415,"{""clf__base__colsample_bytree"": 0.708267051973608, ""clf__base__learning_rate"": 0.28455392508376126, ""clf__base__max_depth"": 6, ""clf__base__min_child_weight"": 3, ""clf__base__n_estimators"": 800, ""clf__base__reg_lambda"": 9.393317723633603, ""clf__base__subsample"": 0.7134007472138406}",0.9984,0.9844897959183674,0.9509803921568628,0.97,0.9603960396039604,0.999387505104124,0.9989795918367348,0.9991835068381302,0.9797897732210452,0.9596286246161516,0.9984326530612244,0.9774563530947924,0.9843831591822528,1.02,5.78,False,1f58d07,scikit-learn=1.9.1;imbalanced-learn=0.14.2;xgboost=3.4.1;lightgbm=4.7.0;numpy=2.5.3;pandas=3.0.6,2026-09-27T22:20:33Z
cicids2017,network_security,member_1,e3,c3_C_threshold,0,0,1,none,0.0,0.0,0.02,XGB,4,1,6027,5000,5000,100,0,0.02,0.0204081632653061,0.1606647223234176,"{""clf__base__colsample_bytree"": 0.7400831131827571, ""clf__base__learning_rate"": 0.021664971667522914, ""clf__base__max_depth"": 8, ""clf__base__min_child_weight"": 1, ""clf__base__n_estimators"": 400, ""clf__base__reg_lambda"": 0.0421316488972222, ""clf__base__subsample"": 0.6098935341153626}",0.999,0.994591836734694,0.9611650485436892,0.99,0.9753694581280788,0.999795793342863,0.9991836734693876,0.999489639685618,0.9874295489068484,0.9749701408953892,0.9997571428571428,0.987770649603178,0.9945812368704195,1.03,5.21,False,1f58d07,scikit-learn=1.9.1;imbalanced-learn=0.14.2;xgboost=3.4.1;lightgbm=4.7.0;numpy=2.5.3;pandas=3.0.6,2026-09-27T22:20:38Z
cicids2017,network_security,member_1,e3,c5_AC_smotetomek_threshold,1,0,1,none,0.0,1.0,0.02,LR,0,0,2026,5000,5000,100,0,0.5,1.0,0.9595959595959596,"{""clf__base__C"": 86.64678862932995}",0.9866,0.821734693877551,0.6701030927835051,0.65,0.6598984771573604,0.9928615133591678,0.993469387755102,0.9931653575436092,0.8265319173504848,0.6531442637104977,0.9842918367346938,0.505209784194541,0.8035888886992006,0.97,30.85,False,1f58d07,scikit-learn=1.9.1;imbalanced-learn=0.14.2;xgboost=3.4.1;lightgbm=4.7.0;numpy=2.5.3;pandas=3.0.6,2026-09-27T22:00:25Z
cicids2017,network_security,member_1,e3,c5_AC_smotetomek_threshold,1,0,1,none,0.0,1.0,0.02,LR,0,1,2027,5000,5000,100,0,0.5,1.0,0.9393939393939394,"{""clf__base__C"": 16.175254628698855}",0.9816,0.8387755102040816,0.5307692307692308,0.69,0.6,0.993634496919918,0.9875510204081632,0.9905834186284544,0.7952917093142272,0.5960790893846447,0.9876367346938776,0.4979855919789674,0.82547574409042,1.2999999999999998,22.77,False,1f58d07,scikit-learn=1.9.1;imbalanced-learn=0.14.2;xgboost=3.4.1;lightgbm=4.7.0;numpy=2.5.3;pandas=3.0.6,2026-09-27T22:00:48Z
cicids2017,network_security,member_1,e3,c5_AC_smotetomek_threshold,1,0,1,none,0.0,1.0,0.02,LR,1,0,3026,5000,5000,100,0,0.5,1.0,0.9393939393939394,"{""clf__base__C"": 95.41248660376695}",0.9838,0.8301020408163265,0.5826086956521739,0.67,0.6232558139534884,0.9932446264073695,0.990204081632653,0.9917220235053652,0.8074889187294269,0.6165879609961852,0.983472448979592,0.464326070016433,0.8145162580905783,1.15,25.59,False,1f58d07,scikit-learn=1.9.1;imbalanced-learn=0.14.2;xgboost=3.4.1;lightgbm=4.7.0;numpy=2.5.3;pandas=3.0.6,2026-09-27T22:01:14Z
cicids2017,network_security,member_1,e3,c5_AC_smotetomek_threshold,1,0,1,none,0.0,1.0,0.02,LR,1,1,3027,5000,5000,100,0,0.5,1.0,0.919191919191919,"{""clf__base__C"": 2.427560843432097}",0.9698,0.8621428571428571,0.373134328358209,0.75,0.4983388704318937,0.994790581371119,0.9742857142857144,0.9844313846788328,0.7413851275553632,0.5162196780894867,0.980338775510204,0.4687900660591211,0.8548182764273853,2.01,24.28,False,1f58d07,scikit-learn=1.9.1;imbalanced-learn=0.14.2;xgboost=3.4.1;lightgbm=4.7.0;numpy=2.5.3;pandas=3.0.6,2026-09-27T22:01:38Z
cicids2017,network_security,member_1,e3,c5_AC_smotetomek_threshold,1,0,1,none,0.0,1.0,0.02,LR,2,0,4026,5000,5000,100,0,0.5,1.0,0.9292929292929294,"{""clf__base__C"": 11.333229684537264}",0.9746,0.8303061224489796,0.4171779141104294,0.68,0.5171102661596958,0.9933843291296258,0.9806122448979592,0.9869569682653796,0.7520336172125377,0.5207902122516848,0.9817061224489796,0.3990308222392071,0.8165882233602272,1.63,28.79,False,1f58d07,scikit-learn=1.9.1;imbalanced-learn=0.14.2;xgboost=3.4.1;lightgbm=4.7.0;numpy=2.5.3;pandas=3.0.6,2026-09-27T22:02:07Z
cicids2017,network_security,member_1,e3,c5_AC_smotetomek_threshold,1,0,1,none,0.0,1.0,0.02,LR,2,1,4027,5000,5000,100,0,0.5,1.0,0.9595959595959596,"{""clf__base__C"": 80.93579062656904}",0.987,0.7974489795918367,0.7058823529411765,0.6,0.6486486486486487,0.9918616480162769,0.9948979591836736,0.9933774834437086,0.8210130660461786,0.6442720560463879,0.9617795918367346,0.5552054969095044,0.7726181304565691,0.8500000000000001,27.12,False,1f58d07,scikit-learn=1.9.1;imbalanced-learn=0.14.2;xgboost=3.4.1;lightgbm=4.7.0;numpy=2.5.3;pandas=3.0.6,2026-09-27T22:02:34Z
cicids2017,network_security,member_1,e3,c5_AC_smotetomek_threshold,1,0,1,none,0.0,1.0,0.02,LR,3,0,5026,5000,5000,100,0,0.5,1.0,0.9595959595959596,"{""clf__base__C"": 68.96511808116286}",0.981,0.8286734693877551,0.5193798449612403,0.67,0.5851528384279476,0.99322521042907,0.9873469387755102,0.9902773513458192,0.7877150948868834,0.5804820100241448,0.9846938775510204,0.4281696574559356,0.8133403033045835,1.29,23.94,False,1f58d07,scikit-learn=1.9.1;imbalanced-learn=0.14.2;xgboost=3.4.1;lightgbm=4.7.0;numpy=2.5.3;pandas=3.0.6,2026-09-27T22:02:59Z
cicids2017,network_security,member_1,e3,c5_AC_smotetomek_threshold,1,0,1,none,0.0,1.0,0.02,LR,3,1,5027,5000,5000,100,0,0.5,1.0,0.9393939393939394,"{""clf__base__C"": 12.776241362116359}",0.9864,0.826530612244898,0.66,0.66,0.66,0.993061224489796,0.993061224489796,0.993061224489796,0.826530612244898,0.6530612244897959,0.9862204081632654,0.5237284845035282,0.8095803901795456,1.0,23.21,False,1f58d07,scikit-learn=1.9.1;imbalanced-learn=0.14.2;xgboost=3.4.1;lightgbm=4.7.0;numpy=2.5.3;pandas=3.0.6,2026-09-27T22:03:22Z
cicids2017,network_security,member_1,e3,c5_AC_smotetomek_threshold,1,0,1,none,0.0,1.0,0.02,LR,4,0,6026,5000,5000,100,0,0.5,1.0,0.9595959595959596,"{""clf__base__C"": 73.66417088381552}",0.9858,0.8507142857142858,0.6283185840707964,0.71,0.6666666666666666,0.9940658890935136,0.9914285714285714,0.9927454786962296,0.8297060726814481,0.6607255495975359,0.9906428571428572,0.5384600651860801,0.8389959986282924,1.13,26.05,False,1f58d07,scikit-learn=1.9.1;imbalanced-learn=0.14.2;xgboost=3.4.1;lightgbm=4.7.0;numpy=2.5.3;pandas=3.0.6,2026-09-27T22:03:48Z
cicids2017,network_security,member_1,e3,c5_AC_smotetomek_threshold,1,0,1,none,0.0,1.0,0.02,LR,4,1,6027,5000,5000,100,0,0.5,1.0,0.9595959595959596,"{""clf__base__C"": 89.78839453758782}",0.9842,0.7862244897959183,0.6105263157894737,0.58,0.5948717948717949,0.9914373088685016,0.9924489795918368,0.9919428862825088,0.7934073405771519,0.587020836671801,0.981542857142857,0.459853863220881,0.7586965191453466,0.95,23.4,False,1f58d07,scikit-learn=1.9.1;imbalanced-learn=0.14.2;xgboost=3.4.1;lightgbm=4.7.0;numpy=2.5.3;pandas=3.0.6,2026-09-27T22:04:12Z
cicids2017,network_security,member_1,e3,c5_AC_smotetomek_threshold,1,0,1,none,0.0,1.0,0.02,RF,0,0,2026,5000,5000,100,0,0.5,1.0,0.595959595959596,"{""clf__base__max_depth"": 16, ""clf__base__max_features"": ""sqrt"", ""clf__base__min_samples_leaf"": 1, ""clf__base__n_estimators"": 200}",0.997,0.9690816326530612,0.912621359223301,0.94,0.9261083743842364,0.998774760057178,0.9981632653061224,0.998468919056854,0.9622886467205451,0.9246828425203434,0.9938836734693876,0.9588104903918272,0.9686451720768318,1.03,18.57,False,1f58d07,scikit-learn=1.9.1;imbalanced-learn=0.14.2;xgboost=3.4.1;lightgbm=4.7.0;numpy=2.5.3;pandas=3.0.6,2026-09-27T22:15:24Z
cicids2017,network_security,member_1,e3,c5_AC_smotetomek_threshold,1,0,1,none,0.0,1.0,0.02,RF,0,1,2027,5000,5000,100,0,0.5,1.0,0.8282828282828284,"{""clf__base__max_depth"": null, ""clf__base__max_features"": ""log2"", ""clf__base__min_samples_leaf"": 2, ""clf__base__n_estimators"": 200}",0.996,0.9391836734693876,0.9166666666666666,0.88,0.8979591836734694,0.9975530179445352,0.9983673469387756,0.9979600163198694,0.9479595999966696,0.8961142331707188,0.9993836734693876,0.9689341683637966,0.9373170569802528,0.96,18.98,False,1f58d07,scikit-learn=1.9.1;imbalanced-learn=0.14.2;xgboost=3.4.1;lightgbm=4.7.0;numpy=2.5.3;pandas=3.0.6,2026-09-27T22:15:43Z
cicids2017,network_security,member_1,e3,c5_AC_smotetomek_threshold,1,0,1,none,0.0,1.0,0.02,RF,1,0,3026,5000,5000,100,0,0.5,1.0,0.7373737373737375,"{""clf__base__max_depth"": null, ""clf__base__max_features"": ""log2"", ""clf__base__min_samples_leaf"": 1, ""clf__base__n_estimators"": 400}",0.9968,0.9395918367346938,0.9565217391304348,0.88,0.9166666666666666,0.9975550122249388,0.9991836734693876,0.99836867862969,0.9575176726481784,0.9158650026223064,0.998677551020408,0.9456598112955584,0.9377001827093036,0.92,28.86,False,1f58d07,scikit-learn=1.9.1;imbalanced-learn=0.14.2;xgboost=3.4.1;lightgbm=4.7.0;numpy=2.5.3;pandas=3.0.6,2026-09-27T22:16:12Z
cicids2017,network_security,member_1,e3,c5_AC_smotetomek_threshold,1,0,1,none,0.0,1.0,0.02,RF,1,1,3027,5000,5000,100,0,0.5,1.0,0.7272727272727273,"{""clf__base__max_depth"": null, ""clf__base__max_features"": ""log2"", ""clf__base__min_samples_leaf"": 1, ""clf__base__n_estimators"": 200}",0.9972,0.9691836734693876,0.9215686274509804,0.94,0.9306930693069309,0.9987750102082482,0.9983673469387756,0.998571136966728,0.9646321031368292,0.9293117978064586,0.9992897959183674,0.966171688052355,0.9687441902393268,1.02,18.93,False,1f58d07,scikit-learn=1.9.1;imbalanced-learn=0.14.2;xgboost=3.4.1;lightgbm=4.7.0;numpy=2.5.3;pandas=3.0.6,2026-09-27T22:16:31Z
cicids2017,network_security,member_1,e3,c5_AC_smotetomek_threshold,1,0,1,none,0.0,1.0,0.02,RF,2,0,4026,5000,5000,100,0,0.5,1.0,0.8181818181818182,"{""clf__base__max_depth"": null, ""clf__base__max_features"": ""sqrt"", ""clf__base__min_samples_leaf"": 1, ""clf__base__n_estimators"": 200}",0.9976,0.9693877551020408,0.94,0.94,0.94,0.9987755102040816,0.9987755102040816,0.9987755102040816,0.9693877551020408,0.9387755102040816,0.9996132653061224,0.9712838974637914,0.9689421962077184,1.0,19.99,False,1f58d07,scikit-learn=1.9.1;imbalanced-learn=0.14.2;xgboost=3.4.1;lightgbm=4.7.0;numpy=2.5.3;pandas=3.0.6,2026-09-27T22:16:51Z
cicids2017,network_security,member_1,e3,c5_AC_smotetomek_threshold,1,0,1,none,0.0,1.0,0.02,RF,2,1,4027,5000,5000,100,0,0.5,1.0,0.6767676767676768,"{""clf__base__max_depth"": null, ""clf__base__max_features"": ""log2"", ""clf__base__min_samples_leaf"": 1, ""clf__base__n_estimators"": 200}",0.9984,0.9844897959183674,0.9509803921568628,0.97,0.9603960396039604,0.999387505104124,0.9989795918367348,0.9991835068381302,0.9797897732210452,0.9596286246161516,0.9989826530612244,0.958980617178368,0.9843831591822528,1.02,15.65,False,1f58d07,scikit-learn=1.9.1;imbalanced-learn=0.14.2;xgboost=3.4.1;lightgbm=4.7.0;numpy=2.5.3;pandas=3.0.6,2026-09-27T22:17:07Z
cicids2017,network_security,member_1,e3,c5_AC_smotetomek_threshold,1,0,1,none,0.0,1.0,0.02,RF,3,0,5026,5000,5000,100,0,0.5,1.0,0.5555555555555556,"{""clf__base__max_depth"": 16, ""clf__base__max_features"": ""sqrt"", ""clf__base__min_samples_leaf"": 2, ""clf__base__n_estimators"": 200}",0.9942,0.9823469387755102,0.7886178861788617,0.97,0.8699551569506726,0.9993848677465657,0.9946938775510203,0.997033854965736,0.9334945059582044,0.8718838410047539,0.9993704081632654,0.9745163487149222,0.982269342504636,1.23,22.25,False,1f58d07,scikit-learn=1.9.1;imbalanced-learn=0.14.2;xgboost=3.4.1;lightgbm=4.7.0;numpy=2.5.3;pandas=3.0.6,2026-09-27T22:17:29Z
cicids2017,network_security,member_1,e3,c5_AC_smotetomek_threshold,1,0,1,none,0.0,1.0,0.02,RF,3,1,5027,5000,5000,100,0,0.5,1.0,0.696969696969697,"{""clf__base__max_depth"": null, ""clf__base__max_features"": ""sqrt"", ""clf__base__min_samples_leaf"": 1, ""clf__base__n_estimators"": 400}",0.9978,0.964591836734694,0.9587628865979382,0.93,0.9441624365482234,0.9985723026718336,0.9991836734693876,0.9988778945220852,0.9715201655351542,0.9431544030047244,0.9995357142857144,0.9713470732130768,0.9639713773377976,0.97,32.88,False,1f58d07,scikit-learn=1.9.1;imbalanced-learn=0.14.2;xgboost=3.4.1;lightgbm=4.7.0;numpy=2.5.3;pandas=3.0.6,2026-09-27T22:18:02Z
cicids2017,network_security,member_1,e3,c5_AC_smotetomek_threshold,1,0,1,none,0.0,1.0,0.02,RF,4,0,6026,5000,5000,100,0,0.5,1.0,0.7474747474747475,"{""clf__base__max_depth"": 16, ""clf__base__max_features"": ""sqrt"", ""clf__base__min_samples_leaf"": 2, ""clf__base__n_estimators"": 400}",0.9948,0.9728571428571428,0.8189655172413793,0.95,0.8796296296296297,0.9989762489762488,0.9957142857142856,0.9973426001635324,0.938486114896581,0.8795107806015714,0.9986785714285714,0.9620578235535812,0.9725885931001717,1.16,27.62,False,1f58d07,scikit-learn=1.9.1;imbalanced-learn=0.14.2;xgboost=3.4.1;lightgbm=4.7.0;numpy=2.5.3;pandas=3.0.6,2026-09-27T22:18:30Z
cicids2017,network_security,member_1,e3,c5_AC_smotetomek_threshold,1,0,1,none,0.0,1.0,0.02,RF,4,1,6027,5000,5000,100,0,0.5,1.0,0.6666666666666667,"{""clf__base__max_depth"": null, ""clf__base__max_features"": ""sqrt"", ""clf__base__min_samples_leaf"": 1, ""clf__base__n_estimators"": 200}",0.997,0.9788775510204082,0.897196261682243,0.96,0.927536231884058,0.999182505620274,0.9977551020408164,0.9984682936791586,0.9630022627816084,0.9265588690121332,0.9993632653061224,0.9574264349041032,0.9786955082962134,1.0699999999999998,15.85,False,1f58d07,scikit-learn=1.9.1;imbalanced-learn=0.14.2;xgboost=3.4.1;lightgbm=4.7.0;numpy=2.5.3;pandas=3.0.6,2026-09-27T22:18:46Z
cicids2017,network_security,member_1,e3,c5_AC_smotetomek_threshold,1,0,1,none,0.0,1.0,0.02,XGB,0,0,2026,5000,5000,100,0,0.5,1.0,0.7171685695648193,"{""clf__base__colsample_bytree"": 0.6299297262516527, ""clf__base__learning_rate"": 0.24209961404115907, ""clf__base__max_depth"": 3, ""clf__base__min_child_weight"": 1, ""clf__base__n_estimators"": 400, ""clf__base__reg_lambda"": 0.013825769701893902, ""clf__base__subsample"": 0.7881804586451416}",0.9982,0.9696938775510204,0.9690721649484536,0.94,0.9543147208121828,0.9987762594330002,0.9993877551020408,0.9990819136998876,0.9766983172560352,0.9535119079795182,0.9989163265306122,0.9579962540610244,0.9692391293153192,0.97,8.55,False,1f58d07,scikit-learn=1.9.1;imbalanced-learn=0.14.2;xgboost=3.4.1;lightgbm=4.7.0;numpy=2.5.3;pandas=3.0.6,2026-09-27T22:20:47Z
cicids2017,network_security,member_1,e3,c5_AC_smotetomek_threshold,1,0,1,none,0.0,1.0,0.02,XGB,0,1,2027,5000,5000,100,0,0.5,1.0,0.9191527366638184,"{""clf__base__colsample_bytree"": 0.9206269033670733, ""clf__base__learning_rate"": 0.21639357680112015, ""clf__base__max_depth"": 3, ""clf__base__min_child_weight"": 1, ""clf__base__n_estimators"": 200, ""clf__base__reg_lambda"": 0.39950328397895196, ""clf__base__subsample"": 0.643985800858856}",0.9986,0.9894897959183672,0.9514563106796116,0.98,0.9655172413793104,0.999591586685726,0.9989795918367348,0.9992854955598652,0.9824013684695878,0.96491268122038,0.999858163265306,0.9925540498071012,0.9894442884771228,1.03,6.58,False,1f58d07,scikit-learn=1.9.1;imbalanced-learn=0.14.2;xgboost=3.4.1;lightgbm=4.7.0;numpy=2.5.3;pandas=3.0.6,2026-09-27T22:20:53Z
cicids2017,network_security,member_1,e3,c5_AC_smotetomek_threshold,1,0,1,none,0.0,1.0,0.02,XGB,1,0,3026,5000,5000,100,0,0.5,1.0,0.7575386166572571,"{""clf__base__colsample_bytree"": 0.9309234777238906, ""clf__base__learning_rate"": 0.04043516810958894, ""clf__base__max_depth"": 6, ""clf__base__min_child_weight"": 1, ""clf__base__n_estimators"": 800, ""clf__base__reg_lambda"": 0.07885568670293347, ""clf__base__subsample"": 0.6164565020946385}",0.999,0.9847959183673468,0.9797979797979798,0.97,0.9748743718592964,0.9993878800244848,0.999591836734694,0.9994898479746964,0.9871821099169964,0.974377040128668,0.999838775510204,0.9911639888834972,0.98468476256752,0.99,15.11,False,1f58d07,scikit-learn=1.9.1;imbalanced-learn=0.14.2;xgboost=3.4.1;lightgbm=4.7.0;numpy=2.5.3;pandas=3.0.6,2026-09-27T22:21:09Z
cicids2017,network_security,member_1,e3,c5_AC_smotetomek_threshold,1,0,1,none,0.0,1.0,0.02,XGB,1,1,3027,5000,5000,100,0,0.5,1.0,0.919182538986206,"{""clf__base__colsample_bytree"": 0.8513470081401819, ""clf__base__learning_rate"": 0.25382642172504044, ""clf__base__max_depth"": 4, ""clf__base__min_child_weight"": 1, ""clf__base__n_estimators"": 200, ""clf__base__reg_lambda"": 0.012756619257647156, ""clf__base__subsample"": 0.9023643959650978}",0.9982,0.9843877551020408,0.941747572815534,0.97,0.955665024630542,0.999387380028589,0.9987755102040816,0.9990813514341124,0.9773731880323272,0.954855221545371,0.999426530612245,0.955158215119876,0.984282604183351,1.03,7.05,False,1f58d07,scikit-learn=1.9.1;imbalanced-learn=0.14.2;xgboost=3.4.1;lightgbm=4.7.0;numpy=2.5.3;pandas=3.0.6,2026-09-27T22:21:16Z
cicids2017,network_security,member_1,e3,c5_AC_smotetomek_threshold,1,0,1,none,0.0,1.0,0.02,XGB,2,0,4026,5000,5000,100,0,0.5,1.0,0.7979413866996765,"{""clf__base__colsample_bytree"": 0.659630670299126, ""clf__base__learning_rate"": 0.03834557874295529, ""clf__base__max_depth"": 4, ""clf__base__min_child_weight"": 1, ""clf__base__n_estimators"": 800, ""clf__base__reg_lambda"": 0.0752355555373566, ""clf__base__subsample"": 0.6669423150701586}",0.9988,0.9944897959183674,0.9519230769230768,0.99,0.9705882352941176,0.9997957516339868,0.9989795918367348,0.999387505104124,0.9849878701991208,0.970170345150634,0.999834693877551,0.9914793176567924,0.9944796608872236,1.04,14.09,False,1f58d07,scikit-learn=1.9.1;imbalanced-learn=0.14.2;xgboost=3.4.1;lightgbm=4.7.0;numpy=2.5.3;pandas=3.0.6,2026-09-27T22:21:30Z
cicids2017,network_security,member_1,e3,c5_AC_smotetomek_threshold,1,0,1,none,0.0,1.0,0.02,XGB,2,1,4027,5000,5000,100,0,0.5,1.0,0.6767445802688599,"{""clf__base__colsample_bytree"": 0.6559882439510808, ""clf__base__learning_rate"": 0.08120637239751023, ""clf__base__max_depth"": 4, ""clf__base__min_child_weight"": 1, ""clf__base__n_estimators"": 800, ""clf__base__reg_lambda"": 0.12873875292508413, ""clf__base__subsample"": 0.9865367520977653}",0.9986,0.9894897959183672,0.9514563106796116,0.98,0.9655172413793104,0.999591586685726,0.9989795918367348,0.9992854955598652,0.9824013684695878,0.96491268122038,0.9996755102040816,0.9827998252685696,0.9894442884771228,1.03,13.51,False,1f58d07,scikit-learn=1.9.1;imbalanced-learn=0.14.2;xgboost=3.4.1;lightgbm=4.7.0;numpy=2.5.3;pandas=3.0.6,2026-09-27T22:21:44Z
cicids2017,network_security,member_1,e3,c5_AC_smotetomek_threshold,1,0,1,none,0.0,1.0,0.02,XGB,3,0,5026,5000,5000,100,0,0.5,1.0,0.6464394927024841,"{""clf__base__colsample_bytree"": 0.7808019843847107, ""clf__base__learning_rate"": 0.1307315008906521, ""clf__base__max_depth"": 3, ""clf__base__min_child_weight"": 3, ""clf__base__n_estimators"": 800, ""clf__base__reg_lambda"": 0.4515036359386654, ""clf__base__subsample"": 0.7381495117993713}",0.9974,0.9839795918367348,0.9065420560747663,0.97,0.9371980676328504,0.9993868792152054,0.9979591836734694,0.998672521188604,0.9679352944107272,0.936430580806424,0.9996714285714288,0.9864140076989136,0.983880281418052,1.0699999999999998,11.88,False,1f58d07,scikit-learn=1.9.1;imbalanced-learn=0.14.2;xgboost=3.4.1;lightgbm=4.7.0;numpy=2.5.3;pandas=3.0.6,2026-09-27T22:21:56Z
cicids2017,network_security,member_1,e3,c5_AC_smotetomek_threshold,1,0,1,none,0.0,1.0,0.02,XGB,3,1,5027,5000,5000,100,0,0.5,1.0,0.9191886186599731,"{""clf__base__colsample_bytree"": 0.8618637240825485, ""clf__base__learning_rate"": 0.24920359397357883, ""clf__base__max_depth"": 6, ""clf__base__min_child_weight"": 1, ""clf__base__n_estimators"": 800, ""clf__base__reg_lambda"": 0.2723466933997092, ""clf__base__subsample"": 0.7486647947789067}",0.9978,0.964591836734694,0.9587628865979382,0.93,0.9441624365482234,0.9985723026718336,0.9991836734693876,0.9988778945220852,0.9715201655351542,0.9431544030047244,0.9994673469387756,0.969297215080194,0.9639713773377976,0.97,11.97,False,1f58d07,scikit-learn=1.9.1;imbalanced-learn=0.14.2;xgboost=3.4.1;lightgbm=4.7.0;numpy=2.5.3;pandas=3.0.6,2026-09-27T22:22:08Z
cicids2017,network_security,member_1,e3,c5_AC_smotetomek_threshold,1,0,1,none,0.0,1.0,0.02,XGB,4,0,6026,5000,5000,100,0,0.5,1.0,0.8886963129043579,"{""clf__base__colsample_bytree"": 0.6430964645008799, ""clf__base__learning_rate"": 0.11900147712804574, ""clf__base__max_depth"": 6, ""clf__base__min_child_weight"": 3, ""clf__base__n_estimators"": 800, ""clf__base__reg_lambda"": 5.320668227960565, ""clf__base__subsample"": 0.8406463455818014}",0.9984,0.9844897959183674,0.9509803921568628,0.97,0.9603960396039604,0.999387505104124,0.9989795918367348,0.9991835068381302,0.9797897732210452,0.9596286246161516,0.9988989795918368,0.9774753089666534,0.9843831591822528,1.02,11.84,False,1f58d07,scikit-learn=1.9.1;imbalanced-learn=0.14.2;xgboost=3.4.1;lightgbm=4.7.0;numpy=2.5.3;pandas=3.0.6,2026-09-27T22:22:19Z
cicids2017,network_security,member_1,e3,c5_AC_smotetomek_threshold,1,0,1,none,0.0,1.0,0.02,XGB,4,1,6027,5000,5000,100,0,0.5,1.0,0.8078810572624207,"{""clf__base__colsample_bytree"": 0.7400831131827571, ""clf__base__learning_rate"": 0.021664971667522914, ""clf__base__max_depth"": 8, ""clf__base__min_child_weight"": 1, ""clf__base__n_estimators"": 400, ""clf__base__reg_lambda"": 0.0421316488972222, ""clf__base__subsample"": 0.6098935341153626}",0.998,0.9842857142857142,0.9326923076923076,0.97,0.9509803921568628,0.9993872549019608,0.9985714285714286,0.9989791751735402,0.9749797836652014,0.9501503215197914,0.999630612244898,0.9814241883350412,0.9841820389106304,1.04,10.74,False,1f58d07,scikit-learn=1.9.1;imbalanced-learn=0.14.2;xgboost=3.4.1;lightgbm=4.7.0;numpy=2.5.3;pandas=3.0.6,2026-09-27T22:22:30Z
cicids2017,network_security,member_1,e3,c6_BC_weights_threshold,0,1,1,orig,1.0,0.0,0.02,LR,0,0,2026,5000,5000,100,0,0.02,1.0,0.9494949494949496,"{""clf__base__C"": 76.41478416943613}",0.986,0.8263265306122449,0.6470588235294118,0.66,0.6534653465346535,0.9930583911800736,0.9926530612244898,0.9928556848336396,0.8231605156841465,0.6463547475826564,0.9847877551020408,0.4901359097443787,0.8094139981543211,1.02,13.22,False,1f58d07,scikit-learn=1.9.1;imbalanced-learn=0.14.2;xgboost=3.4.1;lightgbm=4.7.0;numpy=2.5.3;pandas=3.0.6,2026-09-27T22:04:25Z
cicids2017,network_security,member_1,e3,c6_BC_weights_threshold,0,1,1,orig,1.0,0.0,0.02,LR,0,1,2027,5000,5000,100,0,0.02,1.0,0.91919191919168,"{""clf__base__C"": 8.004475763115407}",0.9676,0.8610204081632653,0.3537735849056603,0.75,0.4807692307692308,0.994778613199666,0.9720408163265306,0.9832782824112304,0.7320237565902306,0.5016661376377485,0.9790653061224488,0.3444217962829087,0.8538328948013763,2.12,9.28,False,1f58d07,scikit-learn=1.9.1;imbalanced-learn=0.14.2;xgboost=3.4.1;lightgbm=4.7.0;numpy=2.5.3;pandas=3.0.6,2026-09-27T22:04:35Z
cicids2017,network_security,member_1,e3,c6_BC_weights_threshold,0,1,1,orig,1.0,0.0,0.02,LR,1,0,3026,5000,5000,100,0,0.02,1.0,0.9393939393939394,"{""clf__base__C"": 19.993032145051746}",0.9716,0.8238775510204082,0.3806818181818182,0.67,0.4855072463768116,0.9931592039800996,0.9777551020408164,0.9853969559851912,0.7354521011810015,0.4920949394756422,0.975769387755102,0.3634512508930829,0.8093799592078784,1.76,9.18,False,1f58d07,scikit-learn=1.9.1;imbalanced-learn=0.14.2;xgboost=3.4.1;lightgbm=4.7.0;numpy=2.5.3;pandas=3.0.6,2026-09-27T22:04:44Z
cicids2017,network_security,member_1,e3,c6_BC_weights_threshold,0,1,1,orig,1.0,0.0,0.02,LR,1,1,3027,5000,5000,100,0,0.02,1.0,0.9191919191919192,"{""clf__base__C"": 4.686201792798966}",0.971,0.8578571428571429,0.3834196891191709,0.74,0.5051194539249146,0.9945912211358436,0.9757142857142858,0.985062326156382,0.7450908900406483,0.5201421042613016,0.9801040816326532,0.4661651706304641,0.8497226438247786,1.93,7.07,False,1f58d07,scikit-learn=1.9.1;imbalanced-learn=0.14.2;xgboost=3.4.1;lightgbm=4.7.0;numpy=2.5.3;pandas=3.0.6,2026-09-27T22:04:51Z
cicids2017,network_security,member_1,e3,c6_BC_weights_threshold,0,1,1,orig,1.0,0.0,0.02,LR,2,0,4026,5000,5000,100,0,0.02,1.0,0.9292929292929294,"{""clf__base__C"": 11.333229684537264}",0.964,0.8395918367346938,0.3198198198198198,0.71,0.4409937888198758,0.993930514859774,0.9691836734693876,0.981401115933044,0.7111974523764599,0.4616211702900294,0.9774714285714284,0.3322244616001116,0.8295302334232703,2.22,7.42,False,1f58d07,scikit-learn=1.9.1;imbalanced-learn=0.14.2;xgboost=3.4.1;lightgbm=4.7.0;numpy=2.5.3;pandas=3.0.6,2026-09-27T22:04:59Z
cicids2017,network_security,member_1,e3,c6_BC_weights_threshold,0,1,1,orig,1.0,0.0,0.02,LR,2,1,4027,5000,5000,100,0,0.02,1.0,0.9393939393939394,"{""clf__base__C"": 80.93579062656904}",0.9858,0.8066326530612244,0.6526315789473685,0.62,0.6358974358974359,0.9922528032619776,0.993265306122449,0.9927587965323814,0.8143281162149086,0.6288761547945676,0.9586397959183672,0.5100059013806854,0.784744856495357,0.95,11.4,False,1f58d07,scikit-learn=1.9.1;imbalanced-learn=0.14.2;xgboost=3.4.1;lightgbm=4.7.0;numpy=2.5.3;pandas=3.0.6,2026-09-27T22:05:10Z
cicids2017,network_security,member_1,e3,c6_BC_weights_threshold,0,1,1,orig,1.0,0.0,0.02,LR,3,0,5026,5000,5000,100,0,0.02,1.0,0.9393939393939394,"{""clf__base__C"": 5.661146596775842}",0.968,0.8318367346938775,0.3484848484848485,0.69,0.4630872483221476,0.9935443565181176,0.9736734693877552,0.9835085549371264,0.723297901629637,0.4764406669421221,0.975604081632653,0.3486035568188245,0.8196552286648033,1.98,7.59,False,1f58d07,scikit-learn=1.9.1;imbalanced-learn=0.14.2;xgboost=3.4.1;lightgbm=4.7.0;numpy=2.5.3;pandas=3.0.6,2026-09-27T22:05:18Z
cicids2017,network_security,member_1,e3,c6_BC_weights_threshold,0,1,1,orig,1.0,0.0,0.02,LR,3,1,5027,5000,5000,100,0,0.02,1.0,0.9191919191919192,"{""clf__base__C"": 14.115241548086104}",0.9714,0.8433673469387755,0.3837837837837838,0.71,0.4982456140350877,0.9939771547248184,0.9767346938775512,0.9852804940813176,0.7417630540582026,0.509334411232543,0.9817469387755102,0.4073456256709972,0.8327554458861625,1.85,9.01,False,1f58d07,scikit-learn=1.9.1;imbalanced-learn=0.14.2;xgboost=3.4.1;lightgbm=4.7.0;numpy=2.5.3;pandas=3.0.6,2026-09-27T22:05:27Z
cicids2017,network_security,member_1,e3,c6_BC_weights_threshold,0,1,1,orig,1.0,0.0,0.02,LR,4,0,6026,5000,5000,100,0,0.02,1.0,0.8787878787878789,"{""clf__base__C"": 3.2247139406355543}",0.9518,0.9607142857142856,0.2895522388059701,0.97,0.4459770114942529,0.9993569131832798,0.9514285714285714,0.974803972817564,0.7103904921559084,0.515954597992977,0.9703183673469388,0.303386447339025,0.9606694094670206,3.35,6.45,False,1f58d07,scikit-learn=1.9.1;imbalanced-learn=0.14.2;xgboost=3.4.1;lightgbm=4.7.0;numpy=2.5.3;pandas=3.0.6,2026-09-27T22:05:34Z
cicids2017,network_security,member_1,e3,c6_BC_weights_threshold,0,1,1,orig,1.0,0.0,0.02,LR,4,1,6027,5000,5000,100,0,0.02,1.0,0.9393939393939394,"{""clf__base__C"": 89.78839453758782}",0.9842,0.8009183673469388,0.6039603960396039,0.61,0.6069651741293532,0.9920391916717698,0.9918367346938776,0.991937952852332,0.7994515634908426,0.5989110499457415,0.9819561224489796,0.4635987269503642,0.7778305780587861,1.01,10.42,False,1f58d07,scikit-learn=1.9.1;imbalanced-learn=0.14.2;xgboost=3.4.1;lightgbm=4.7.0;numpy=2.5.3;pandas=3.0.6,2026-09-27T22:05:44Z
cicids2017,network_security,member_1,e3,c6_BC_weights_threshold,0,1,1,orig,1.0,0.0,0.02,RF,0,0,2026,5000,5000,100,0,0.02,1.0,0.6161616161616162,"{""clf__base__max_depth"": 16, ""clf__base__max_features"": ""sqrt"", ""clf__base__min_samples_leaf"": 1, ""clf__base__n_estimators"": 200}",0.9982,0.974591836734694,0.9595959595959596,0.95,0.9547738693467336,0.998979800040808,0.9991836734693876,0.9990817263544536,0.9769277978505936,0.953868156943472,0.9989438775510204,0.9573096426780364,0.9742815249176792,0.99,4.16,False,1f58d07,scikit-learn=1.9.1;imbalanced-learn=0.14.2;xgboost=3.4.1;lightgbm=4.7.0;numpy=2.5.3;pandas=3.0.6,2026-09-27T22:18:50Z
cicids2017,network_security,member_1,e3,c6_BC_weights_threshold,0,1,1,orig,1.0,0.0,0.02,RF,0,1,2027,5000,5000,100,0,0.02,1.0,0.7070707070707072,"{""clf__base__max_depth"": 16, ""clf__base__max_features"": ""sqrt"", ""clf__base__min_samples_leaf"": 2, ""clf__base__n_estimators"": 200}",0.9958,0.9488775510204082,0.8910891089108911,0.9,0.8955223880597015,0.9979587670953256,0.9977551020408164,0.9978569241759364,0.9466896561178187,0.8933908812178083,0.999580612244898,0.9773949441032116,0.9476178511598096,1.01,5.73,False,1f58d07,scikit-learn=1.9.1;imbalanced-learn=0.14.2;xgboost=3.4.1;lightgbm=4.7.0;numpy=2.5.3;pandas=3.0.6,2026-09-27T22:18:56Z
cicids2017,network_security,member_1,e3,c6_BC_weights_threshold,0,1,1,orig,1.0,0.0,0.02,RF,1,0,3026,5000,5000,100,0,0.02,1.0,0.5050505050505051,"{""clf__base__max_depth"": null, ""clf__base__max_features"": ""log2"", ""clf__base__min_samples_leaf"": 1, ""clf__base__n_estimators"": 400}",0.998,0.9842857142857142,0.9326923076923076,0.97,0.9509803921568628,0.9993872549019608,0.9985714285714286,0.9989791751735402,0.9749797836652014,0.9501503215197914,0.9992204081632652,0.9445909378208424,0.9841820389106304,1.04,8.2,False,1f58d07,scikit-learn=1.9.1;imbalanced-learn=0.14.2;xgboost=3.4.1;lightgbm=4.7.0;numpy=2.5.3;pandas=3.0.6,2026-09-27T22:19:04Z
cicids2017,network_security,member_1,e3,c6_BC_weights_threshold,0,1,1,orig,1.0,0.0,0.02,RF,1,1,3027,5000,5000,100,0,0.02,1.0,0.6161616161616162,"{""clf__base__max_depth"": null, ""clf__base__max_features"": ""log2"", ""clf__base__min_samples_leaf"": 1, ""clf__base__n_estimators"": 200}",0.9976,0.9693877551020408,0.94,0.94,0.94,0.9987755102040816,0.9987755102040816,0.9987755102040816,0.9693877551020408,0.9387755102040816,0.999365306122449,0.9594073749726468,0.9689421962077184,1.0,3.9,False,1f58d07,scikit-learn=1.9.1;imbalanced-learn=0.14.2;xgboost=3.4.1;lightgbm=4.7.0;numpy=2.5.3;pandas=3.0.6,2026-09-27T22:19:08Z
cicids2017,network_security,member_1,e3,c6_BC_weights_threshold,0,1,1,orig,1.0,0.0,0.02,RF,2,0,4026,5000,5000,100,0,0.02,1.0,0.494949494949495,"{""clf__base__max_depth"": null, ""clf__base__max_features"": ""sqrt"", ""clf__base__min_samples_leaf"": 1, ""clf__base__n_estimators"": 200}",0.9978,0.9939795918367348,0.908256880733945,0.99,0.9473684210526316,0.9997955428337764,0.9979591836734694,0.9988765192523746,0.9731224701525032,0.9471635186812684,0.9996285714285716,0.9734683132601952,0.9939716252674092,1.09,4.38,False,1f58d07,scikit-learn=1.9.1;imbalanced-learn=0.14.2;xgboost=3.4.1;lightgbm=4.7.0;numpy=2.5.3;pandas=3.0.6,2026-09-27T22:19:13Z
cicids2017,network_security,member_1,e3,c6_BC_weights_threshold,0,1,1,orig,1.0,0.0,0.02,RF,2,1,4027,5000,5000,100,0,0.02,1.0,0.5454545454545455,"{""clf__base__max_depth"": null, ""clf__base__max_features"": ""log2"", ""clf__base__min_samples_leaf"": 1, ""clf__base__n_estimators"": 200}",0.9982,0.9794897959183672,0.9504950495049505,0.96,0.9552238805970148,0.9991835068381302,0.9989795918367348,0.999081538932544,0.9771527097647796,0.9543177428603048,0.9991479591836734,0.9518838523475734,0.9792958736578364,1.01,4.2,False,1f58d07,scikit-learn=1.9.1;imbalanced-learn=0.14.2;xgboost=3.4.1;lightgbm=4.7.0;numpy=2.5.3;pandas=3.0.6,2026-09-27T22:19:17Z
cicids2017,network_security,member_1,e3,c6_BC_weights_threshold,0,1,1,orig,1.0,0.0,0.02,RF,3,0,5026,5000,5000,100,0,0.02,1.0,0.5353535353535354,"{""clf__base__max_depth"": 16, ""clf__base__max_features"": ""sqrt"", ""clf__base__min_samples_leaf"": 2, ""clf__base__n_estimators"": 400}",0.994,0.9822448979591836,0.782258064516129,0.97,0.8660714285714286,0.9993847415914684,0.9944897959183674,0.9969312602291326,0.9315013444002808,0.8682663822490058,0.999427551020408,0.9734712047800024,0.9821685710919568,1.24,7.5,False,1f58d07,scikit-learn=1.9.1;imbalanced-learn=0.14.2;xgboost=3.4.1;lightgbm=4.7.0;numpy=2.5.3;pandas=3.0.6,2026-09-27T22:19:25Z
cicids2017,network_security,member_1,e3,c6_BC_weights_threshold,0,1,1,orig,1.0,0.0,0.02,RF,3,1,5027,5000,5000,100,0,0.02,1.0,0.5555555555555556,"{""clf__base__max_depth"": null, ""clf__base__max_features"": ""sqrt"", ""clf__base__min_samples_leaf"": 1, ""clf__base__n_estimators"": 400}",0.9978,0.964591836734694,0.9587628865979382,0.93,0.9441624365482234,0.9985723026718336,0.9991836734693876,0.9988778945220852,0.9715201655351542,0.9431544030047244,0.9993622448979592,0.9595712494862702,0.9639713773377976,0.97,8.23,False,1f58d07,scikit-learn=1.9.1;imbalanced-learn=0.14.2;xgboost=3.4.1;lightgbm=4.7.0;numpy=2.5.3;pandas=3.0.6,2026-09-27T22:19:33Z
cicids2017,network_security,member_1,e3,c6_BC_weights_threshold,0,1,1,orig,1.0,0.0,0.02,RF,4,0,6026,5000,5000,100,0,0.02,1.0,0.8282828282828284,"{""clf__base__max_depth"": null, ""clf__base__max_features"": ""sqrt"", ""clf__base__min_samples_leaf"": 2, ""clf__base__n_estimators"": 400}",0.997,0.9543877551020408,0.9381443298969072,0.91,0.9238578680203046,0.9981643891495005,0.9987755102040816,0.9984698561664797,0.961163862093392,0.9224393930551368,0.9988765306122448,0.9635632261712688,0.9533549781092636,0.97,7.49,False,1f58d07,scikit-learn=1.9.1;imbalanced-learn=0.14.2;xgboost=3.4.1;lightgbm=4.7.0;numpy=2.5.3;pandas=3.0.6,2026-09-27T22:19:41Z
cicids2017,network_security,member_1,e3,c6_BC_weights_threshold,0,1,1,orig,1.0,0.0,0.02,RF,4,1,6027,5000,5000,100,0,0.02,1.0,0.494949494949495,"{""clf__base__max_depth"": null, ""clf__base__max_features"": ""sqrt"", ""clf__base__min_samples_leaf"": 1, ""clf__base__n_estimators"": 200}",0.9974,0.9839795918367348,0.9065420560747663,0.97,0.9371980676328504,0.9993868792152054,0.9979591836734694,0.998672521188604,0.9679352944107272,0.936430580806424,0.999434693877551,0.960590686026122,0.983880281418052,1.0699999999999998,3.96,False,1f58d07,scikit-learn=1.9.1;imbalanced-learn=0.14.2;xgboost=3.4.1;lightgbm=4.7.0;numpy=2.5.3;pandas=3.0.6,2026-09-27T22:19:45Z
cicids2017,network_security,member_1,e3,c6_BC_weights_threshold,0,1,1,orig,1.0,0.0,0.02,XGB,0,0,2026,5000,5000,100,0,0.02,1.0,0.6662374138832092,"{""clf__base__colsample_bytree"": 0.7454858521062648, ""clf__base__learning_rate"": 0.10613301204677336, ""clf__base__max_depth"": 8, ""clf__base__min_child_weight"": 3, ""clf__base__n_estimators"": 200, ""clf__base__reg_lambda"": 0.011329243151337227, ""clf__base__subsample"": 0.6537567085978578}",0.9982,0.974591836734694,0.9595959595959596,0.95,0.9547738693467336,0.998979800040808,0.9991836734693876,0.9990817263544536,0.9769277978505936,0.953868156943472,0.9989061224489796,0.9754430874292648,0.9742815249176792,0.99,2.71,False,1f58d07,scikit-learn=1.9.1;imbalanced-learn=0.14.2;xgboost=3.4.1;lightgbm=4.7.0;numpy=2.5.3;pandas=3.0.6,2026-09-27T22:22:33Z
cicids2017,network_security,member_1,e3,c6_BC_weights_threshold,0,1,1,orig,1.0,0.0,0.02,XGB,0,1,2027,5000,5000,100,0,0.02,1.0,0.9593185186386108,"{""clf__base__colsample_bytree"": 0.9708534199704669, ""clf__base__learning_rate"": 0.0442673907270532, ""clf__base__max_depth"": 8, ""clf__base__min_child_weight"": 1, ""clf__base__n_estimators"": 200, ""clf__base__reg_lambda"": 0.04693946850954257, ""clf__base__subsample"": 0.9120151652522048}",0.9986,0.984591836734694,0.9603960396039604,0.97,0.965174129353234,0.9993876301285975,0.9991836734693876,0.9992856413919788,0.9822298853726064,0.964472219800721,0.9998428571428573,0.992171507654214,0.9844837039104845,1.01,3.62,False,1f58d07,scikit-learn=1.9.1;imbalanced-learn=0.14.2;xgboost=3.4.1;lightgbm=4.7.0;numpy=2.5.3;pandas=3.0.6,2026-09-27T22:22:37Z
cicids2017,network_security,member_1,e3,c6_BC_weights_threshold,0,1,1,orig,1.0,0.0,0.02,XGB,1,0,3026,5000,5000,100,0,0.02,1.0,0.575695812702179,"{""clf__base__colsample_bytree"": 0.6750002232167834, ""clf__base__learning_rate"": 0.055707861774863386, ""clf__base__max_depth"": 4, ""clf__base__min_child_weight"": 1, ""clf__base__n_estimators"": 800, ""clf__base__reg_lambda"": 0.08372426491886341, ""clf__base__subsample"": 0.7362258226856279}",0.9992,0.9897959183673468,0.98,0.98,0.98,0.999591836734694,0.999591836734694,0.999591836734694,0.9897959183673468,0.979591836734694,0.9997744897959184,0.9873809881340948,0.9897474425326898,1.0,6.1,False,1f58d07,scikit-learn=1.9.1;imbalanced-learn=0.14.2;xgboost=3.4.1;lightgbm=4.7.0;numpy=2.5.3;pandas=3.0.6,2026-09-27T22:22:43Z
cicids2017,network_security,member_1,e3,c6_BC_weights_threshold,0,1,1,orig,1.0,0.0,0.02,XGB,1,1,3027,5000,5000,100,0,0.02,1.0,0.6361373662948608,"{""clf__base__colsample_bytree"": 0.6706550070155429, ""clf__base__learning_rate"": 0.11569792819007631, ""clf__base__max_depth"": 6, ""clf__base__min_child_weight"": 1, ""clf__base__n_estimators"": 200, ""clf__base__reg_lambda"": 0.21874279089075105, ""clf__base__subsample"": 0.6206077634727546}",0.9986,0.984591836734694,0.9603960396039604,0.97,0.965174129353234,0.9993876301285975,0.9991836734693876,0.9992856413919788,0.9822298853726064,0.964472219800721,0.9996530612244898,0.9812493155753552,0.9844837039104845,1.01,2.76,False,1f58d07,scikit-learn=1.9.1;imbalanced-learn=0.14.2;xgboost=3.4.1;lightgbm=4.7.0;numpy=2.5.3;pandas=3.0.6,2026-09-27T22:22:46Z
cicids2017,network_security,member_1,e3,c6_BC_weights_threshold,0,1,1,orig,1.0,0.0,0.02,XGB,2,0,4026,5000,5000,100,0,0.02,1.0,0.4140958786010742,"{""clf__base__colsample_bytree"": 0.659630670299126, ""clf__base__learning_rate"": 0.03834557874295529, ""clf__base__max_depth"": 4, ""clf__base__min_child_weight"": 1, ""clf__base__n_estimators"": 800, ""clf__base__reg_lambda"": 0.0752355555373566, ""clf__base__subsample"": 0.6669423150701586}",0.998,0.9891836734693876,0.9245283018867924,0.98,0.9514563106796116,0.9995913363302004,0.9983673469387756,0.9989789667143149,0.9752176386969632,0.9508567077622054,0.999761224489796,0.9881782339517692,0.9891410415102592,1.06,6.21,False,1f58d07,scikit-learn=1.9.1;imbalanced-learn=0.14.2;xgboost=3.4.1;lightgbm=4.7.0;numpy=2.5.3;pandas=3.0.6,2026-09-27T22:22:52Z
cicids2017,network_security,member_1,e3,c6_BC_weights_threshold,0,1,1,orig,1.0,0.0,0.02,XGB,2,1,4027,5000,5000,100,0,0.02,1.0,0.5149144530296326,"{""clf__base__colsample_bytree"": 0.9834570763060444, ""clf__base__learning_rate"": 0.030916321360916408, ""clf__base__max_depth"": 6, ""clf__base__min_child_weight"": 3, ""clf__base__n_estimators"": 800, ""clf__base__reg_lambda"": 0.019932289827414917, ""clf__base__subsample"": 0.859643305566143}",0.9986,0.9894897959183672,0.9514563106796116,0.98,0.9655172413793104,0.999591586685726,0.9989795918367348,0.9992854955598652,0.9824013684695878,0.96491268122038,0.9996295918367348,0.9766694528387884,0.9894442884771228,1.03,6.56,False,1f58d07,scikit-learn=1.9.1;imbalanced-learn=0.14.2;xgboost=3.4.1;lightgbm=4.7.0;numpy=2.5.3;pandas=3.0.6,2026-09-27T22:22:59Z
cicids2017,network_security,member_1,e3,c6_BC_weights_threshold,0,1,1,orig,1.0,0.0,0.02,XGB,3,0,5026,5000,5000,100,0,0.02,1.0,0.8887763619422913,"{""clf__base__colsample_bytree"": 0.966186289625362, ""clf__base__learning_rate"": 0.29511899190869545, ""clf__base__max_depth"": 6, ""clf__base__min_child_weight"": 1, ""clf__base__n_estimators"": 200, ""clf__base__reg_lambda"": 1.784943962718507, ""clf__base__subsample"": 0.76926012218394}",0.9982,0.974591836734694,0.9595959595959596,0.95,0.9547738693467336,0.998979800040808,0.9991836734693876,0.9990817263544536,0.9769277978505936,0.953868156943472,0.9998520408163264,0.9921031338002516,0.9742815249176792,0.99,2.69,False,1f58d07,scikit-learn=1.9.1;imbalanced-learn=0.14.2;xgboost=3.4.1;lightgbm=4.7.0;numpy=2.5.3;pandas=3.0.6,2026-09-27T22:23:02Z
cicids2017,network_security,member_1,e3,c6_BC_weights_threshold,0,1,1,orig,1.0,0.0,0.02,XGB,3,1,5027,5000,5000,100,0,0.02,1.0,0.6262340545654297,"{""clf__base__colsample_bytree"": 0.7569788188513907, ""clf__base__learning_rate"": 0.22391260675549185, ""clf__base__max_depth"": 4, ""clf__base__min_child_weight"": 1, ""clf__base__n_estimators"": 800, ""clf__base__reg_lambda"": 0.013517068075739864, ""clf__base__subsample"": 0.6656234019226878}",0.9978,0.9694897959183671,0.9494949494949496,0.94,0.9447236180904522,0.9987757600489696,0.9989795918367348,0.9988776655443322,0.9718006418173922,0.9436137153508738,0.9992,0.964082580788986,0.969041184019818,0.99,4.6,False,1f58d07,scikit-learn=1.9.1;imbalanced-learn=0.14.2;xgboost=3.4.1;lightgbm=4.7.0;numpy=2.5.3;pandas=3.0.6,2026-09-27T22:23:06Z
cicids2017,network_security,member_1,e3,c6_BC_weights_threshold,0,1,1,orig,1.0,0.0,0.02,XGB,4,0,6026,5000,5000,100,0,0.02,1.0,0.5351393818855286,"{""clf__base__colsample_bytree"": 0.6019883151666798, ""clf__base__learning_rate"": 0.05495868370296514, ""clf__base__max_depth"": 3, ""clf__base__min_child_weight"": 1, ""clf__base__n_estimators"": 200, ""clf__base__reg_lambda"": 0.012258452796480747, ""clf__base__subsample"": 0.8499805869873966}",0.9982,0.9843877551020408,0.941747572815534,0.97,0.955665024630542,0.999387380028589,0.9987755102040816,0.9990813514341124,0.9773731880323272,0.954855221545371,0.9992040816326532,0.9761218920527656,0.984282604183351,1.03,2.64,False,1f58d07,scikit-learn=1.9.1;imbalanced-learn=0.14.2;xgboost=3.4.1;lightgbm=4.7.0;numpy=2.5.3;pandas=3.0.6,2026-09-27T22:23:09Z
cicids2017,network_security,member_1,e3,c6_BC_weights_threshold,0,1,1,orig,1.0,0.0,0.02,XGB,4,1,6027,5000,5000,100,0,0.02,1.0,0.5048872232437134,"{""clf__base__colsample_bytree"": 0.7400831131827571, ""clf__base__learning_rate"": 0.021664971667522914, ""clf__base__max_depth"": 8, ""clf__base__min_child_weight"": 1, ""clf__base__n_estimators"": 400, ""clf__base__reg_lambda"": 0.0421316488972222, ""clf__base__subsample"": 0.6098935341153626}",0.999,0.994591836734694,0.9611650485436892,0.99,0.9753694581280788,0.999795793342863,0.9991836734693876,0.999489639685618,0.9874295489068484,0.9749701408953892,0.9998102040816328,0.9893938057409892,0.9945812368704195,1.03,5.61,False,1f58d07,scikit-learn=1.9.1;imbalanced-learn=0.14.2;xgboost=3.4.1;lightgbm=4.7.0;numpy=2.5.3;pandas=3.0.6,2026-09-27T22:23:15Z
cicids2017,network_security,member_1,e3,c7_ABC_full,1,1,1,orig,1.0,1.0,0.02,LR,0,0,2026,5000,5000,100,0,0.5,49.0,0.98989898989899,"{""clf__base__C"": 86.64678862932995}",0.9458,0.9478571428571428,0.2631578947368421,0.95,0.4121475054229935,0.9989221815046346,0.9457142857142856,0.9715903134500472,0.6918689094365204,0.4845088939230939,0.9664755102040816,0.2718096887659901,0.947854720634218,3.61,24.24,False,1f58d07,scikit-learn=1.9.1;imbalanced-learn=0.14.2;xgboost=3.4.1;lightgbm=4.7.0;numpy=2.5.3;pandas=3.0.6,2026-09-27T22:06:09Z
cicids2017,network_security,member_1,e3,c7_ABC_full,1,1,1,orig,1.0,1.0,0.02,LR,0,1,2027,5000,5000,100,0,0.5,49.0,0.98989898989899,"{""clf__base__C"": 33.09421283700199}",0.9464,0.9579591836734692,0.2679558011049723,0.97,0.4199134199134199,0.999353169469599,0.9459183673469388,0.9719018662193332,0.6959076430663765,0.4948062205609912,0.972630612244898,0.278249427469478,0.9578835087454688,3.62,18.74,False,1f58d07,scikit-learn=1.9.1;imbalanced-learn=0.14.2;xgboost=3.4.1;lightgbm=4.7.0;numpy=2.5.3;pandas=3.0.6,2026-09-27T22:06:28Z
cicids2017,network_security,member_1,e3,c7_ABC_full,1,1,1,orig,1.0,1.0,0.02,LR,1,0,3026,5000,5000,100,0,0.5,49.0,0.98989898989899,"{""clf__base__C"": 95.41248660376695}",0.9442,0.9274489795918368,0.2520775623268698,0.91,0.3947939262472885,0.9980599267083424,0.9448979591836736,0.9707516511164692,0.6827727886818789,0.4624305665627342,0.941338775510204,0.2294661019414737,0.927284822941227,3.61,18.66,False,1f58d07,scikit-learn=1.9.1;imbalanced-learn=0.14.2;xgboost=3.4.1;lightgbm=4.7.0;numpy=2.5.3;pandas=3.0.6,2026-09-27T22:06:47Z
cicids2017,network_security,member_1,e3,c7_ABC_full,1,1,1,orig,1.0,1.0,0.02,LR,1,1,3027,5000,5000,100,0,0.5,49.0,0.9898989898872604,"{""clf__base__C"": 4.686201792798966}",0.948,0.9538775510204082,0.2727272727272727,0.96,0.4247787610619469,0.9991394148020654,0.9477551020408164,0.9727691663175534,0.6987739636897501,0.4967779913398872,0.973191836734694,0.2972703326524472,0.9538579023938438,3.52,20.12,False,1f58d07,scikit-learn=1.9.1;imbalanced-learn=0.14.2;xgboost=3.4.1;lightgbm=4.7.0;numpy=2.5.3;pandas=3.0.6,2026-09-27T22:07:07Z
cicids2017,network_security,member_1,e3,c7_ABC_full,1,1,1,orig,1.0,1.0,0.02,LR,2,0,4026,5000,5000,100,0,0.5,49.0,0.98989898989899,"{""clf__base__C"": 11.333229684537264}",0.9452,0.9622448979591836,0.2648648648648649,0.98,0.4170212765957446,0.9995680345572354,0.9444897959183672,0.9712486883525708,0.6941349824741577,0.4944345429081989,0.9670591836734692,0.2239632862408037,0.9620810776644556,3.7,21.77,False,1f58d07,scikit-learn=1.9.1;imbalanced-learn=0.14.2;xgboost=3.4.1;lightgbm=4.7.0;numpy=2.5.3;pandas=3.0.6,2026-09-27T22:07:29Z
cicids2017,network_security,member_1,e3,c7_ABC_full,1,1,1,orig,1.0,1.0,0.02,LR,2,1,4027,5000,5000,100,0,0.5,49.0,0.98989898989899,"{""clf__base__C"": 80.93579062656904}",0.947,0.9533673469387756,0.2689075630252101,0.96,0.4201312910284464,0.9991384880465216,0.946734693877551,0.9722309546264276,0.696181122827437,0.4929976207484303,0.9765,0.3283837678126577,0.9533442747100592,3.5700000000000003,20.16,False,1f58d07,scikit-learn=1.9.1;imbalanced-learn=0.14.2;xgboost=3.4.1;lightgbm=4.7.0;numpy=2.5.3;pandas=3.0.6,2026-09-27T22:07:49Z
cicids2017,network_security,member_1,e3,c7_ABC_full,1,1,1,orig,1.0,1.0,0.02,LR,3,0,5026,5000,5000,100,0,0.5,49.0,0.98989898989899,"{""clf__base__C"": 68.96511808116286}",0.945,0.9572448979591835,0.2628726287262872,0.97,0.4136460554371002,0.9993521917512416,0.9444897959183672,0.9711467841779456,0.692396419807523,0.4896957448898509,0.9681459183673472,0.2546060378535473,0.9571599145601618,3.69,18.67,False,1f58d07,scikit-learn=1.9.1;imbalanced-learn=0.14.2;xgboost=3.4.1;lightgbm=4.7.0;numpy=2.5.3;pandas=3.0.6,2026-09-27T22:08:08Z
cicids2017,network_security,member_1,e3,c7_ABC_full,1,1,1,orig,1.0,1.0,0.02,LR,3,1,5027,5000,5000,100,0,0.5,49.0,0.98989898989899,"{""clf__base__C"": 12.776241362116359}",0.9466,0.948265306122449,0.2661064425770308,0.95,0.4157549234135667,0.998923110058152,0.946530612244898,0.9720213769254952,0.693888150169531,0.4874495944064493,0.9728551020408164,0.2672160893588872,0.9482637194539572,3.5700000000000003,17.73,False,1f58d07,scikit-learn=1.9.1;imbalanced-learn=0.14.2;xgboost=3.4.1;lightgbm=4.7.0;numpy=2.5.3;pandas=3.0.6,2026-09-27T22:08:26Z
cicids2017,network_security,member_1,e3,c7_ABC_full,1,1,1,orig,1.0,1.0,0.02,LR,4,0,6026,5000,5000,100,0,0.5,49.0,0.98989898989899,"{""clf__base__C"": 73.66417088381552}",0.9438,0.9713265306122448,0.2624671916010498,1.0,0.4158004158004158,1.0,0.9426530612244898,0.9704800924466856,0.6931402541235507,0.4974087872502097,0.9730448979591836,0.2649147519336877,0.970903219288354,3.81,17.74,False,1f58d07,scikit-learn=1.9.1;imbalanced-learn=0.14.2;xgboost=3.4.1;lightgbm=4.7.0;numpy=2.5.3;pandas=3.0.6,2026-09-27T22:08:44Z
cicids2017,network_security,member_1,e3,c7_ABC_full,1,1,1,orig,1.0,1.0,0.02,LR,4,1,6027,5000,5000,100,0,0.5,49.0,0.989898989885354,"{""clf__base__C"": 89.78839453758782}",0.9478,0.9488775510204082,0.2706552706552707,0.95,0.4212860310421286,0.99892449989245,0.9477551020408164,0.9726672950047124,0.6969766630234205,0.4919518415619651,0.9586744897959184,0.2680268945836407,0.9488768871348776,3.51,16.94,False,1f58d07,scikit-learn=1.9.1;imbalanced-learn=0.14.2;xgboost=3.4.1;lightgbm=4.7.0;numpy=2.5.3;pandas=3.0.6,2026-09-27T22:09:01Z
cicids2017,network_security,member_1,e3,c7_ABC_full,1,1,1,orig,1.0,1.0,0.02,RF,0,0,2026,5000,5000,100,0,0.5,49.0,0.9292929292929294,"{""clf__base__max_depth"": 16, ""clf__base__max_features"": ""sqrt"", ""clf__base__min_samples_leaf"": 1, ""clf__base__n_estimators"": 400}",0.9958,0.968469387755102,0.8623853211009175,0.94,0.8995215311004785,0.998773257002658,0.996938775510204,0.9978551731181696,0.948688352109324,0.8982498893339605,0.9991102040816326,0.9491499382488104,0.9680508504100348,1.09,20.06,False,1f58d07,scikit-learn=1.9.1;imbalanced-learn=0.14.2;xgboost=3.4.1;lightgbm=4.7.0;numpy=2.5.3;pandas=3.0.6,2026-09-27T22:20:05Z
cicids2017,network_security,member_1,e3,c7_ABC_full,1,1,1,orig,1.0,1.0,0.02,RF,0,1,2027,5000,5000,100,0,0.5,49.0,0.9191919191919192,"{""clf__base__max_depth"": 16, ""clf__base__max_features"": ""sqrt"", ""clf__base__min_samples_leaf"": 2, ""clf__base__n_estimators"": 200}",0.9944,0.9824489795918367,0.7950819672131147,0.97,0.8738738738738738,0.9993849938499384,0.9948979591836736,0.9971364287175292,0.9355051512957016,0.8755452868747539,0.9989928571428572,0.94593683369852,0.982370103580195,1.22,11.12,False,1f58d07,scikit-learn=1.9.1;imbalanced-learn=0.14.2;xgboost=3.4.1;lightgbm=4.7.0;numpy=2.5.3;pandas=3.0.6,2026-09-27T22:20:16Z
cicids2017,network_security,member_1,e3,c7_ABC_full,1,1,1,orig,1.0,1.0,0.02,RF,1,0,3026,5000,5000,100,0,0.5,49.0,0.9696969696969696,"{""clf__base__max_depth"": null, ""clf__base__max_features"": ""log2"", ""clf__base__min_samples_leaf"": 1, ""clf__base__n_estimators"": 400}",0.9962,0.9294897959183672,0.945054945054945,0.86,0.900523560209424,0.9971480953350988,0.9989795918367348,0.9980630033642574,0.9492932817868408,0.8996294698716635,0.999226530612245,0.953243836338124,0.9268885849872096,0.91,16.96,False,1f58d07,scikit-learn=1.9.1;imbalanced-learn=0.14.2;xgboost=3.4.1;lightgbm=4.7.0;numpy=2.5.3;pandas=3.0.6,2026-09-27T22:20:33Z
cicids2017,network_security,member_1,e3,c7_ABC_full,1,1,1,orig,1.0,1.0,0.02,RF,1,1,3027,5000,5000,100,0,0.5,49.0,0.9494949494949496,"{""clf__base__max_depth"": null, ""clf__base__max_features"": ""log2"", ""clf__base__min_samples_leaf"": 1, ""clf__base__n_estimators"": 200}",0.9954,0.958469387755102,0.8598130841121495,0.92,0.8888888888888888,0.9983650112405478,0.996938775510204,0.9976513836413764,0.9432701362651328,0.88707202183497,0.99905306122449,0.9481144430721972,0.9576970676938444,1.0699999999999998,10.0,False,1f58d07,scikit-learn=1.9.1;imbalanced-learn=0.14.2;xgboost=3.4.1;lightgbm=4.7.0;numpy=2.5.3;pandas=3.0.6,2026-09-27T22:20:43Z
cicids2017,network_security,member_1,e3,c7_ABC_full,1,1,1,orig,1.0,1.0,0.02,RF,2,0,4026,5000,5000,100,0,0.5,49.0,0.9595959595959596,"{""clf__base__max_depth"": null, ""clf__base__max_features"": ""sqrt"", ""clf__base__min_samples_leaf"": 1, ""clf__base__n_estimators"": 200}",0.997,0.9788775510204082,0.897196261682243,0.96,0.927536231884058,0.999182505620274,0.9977551020408164,0.9984682936791586,0.9630022627816084,0.9265588690121332,0.9993520408163266,0.9594070568747148,0.9786955082962134,1.0699999999999998,11.64,False,1f58d07,scikit-learn=1.9.1;imbalanced-learn=0.14.2;xgboost=3.4.1;lightgbm=4.7.0;numpy=2.5.3;pandas=3.0.6,2026-09-27T22:20:55Z
cicids2017,network_security,member_1,e3,c7_ABC_full,1,1,1,orig,1.0,1.0,0.02,RF,2,1,4027,5000,5000,100,0,0.5,49.0,0.9494949494949496,"{""clf__base__max_depth"": null, ""clf__base__max_features"": ""log2"", ""clf__base__min_samples_leaf"": 1, ""clf__base__n_estimators"": 200}",0.9948,0.9728571428571428,0.8189655172413793,0.95,0.8796296296296297,0.9989762489762488,0.9957142857142856,0.9973426001635324,0.938486114896581,0.8795107806015714,0.9991867346938776,0.9568610316183528,0.9725885931001717,1.16,10.78,False,1f58d07,scikit-learn=1.9.1;imbalanced-learn=0.14.2;xgboost=3.4.1;lightgbm=4.7.0;numpy=2.5.3;pandas=3.0.6,2026-09-27T22:21:06Z
cicids2017,network_security,member_1,e3,c7_ABC_full,1,1,1,orig,1.0,1.0,0.02,RF,3,0,5026,5000,5000,100,0,0.5,49.0,0.9090909090909092,"{""clf__base__max_depth"": 16, ""clf__base__max_features"": ""sqrt"", ""clf__base__min_samples_leaf"": 2, ""clf__base__n_estimators"": 200}",0.9944,0.9824489795918367,0.7950819672131147,0.97,0.8738738738738738,0.9993849938499384,0.9948979591836736,0.9971364287175292,0.9355051512957016,0.8755452868747539,0.9993540816326532,0.9636034669304936,0.982370103580195,1.22,11.47,False,1f58d07,scikit-learn=1.9.1;imbalanced-learn=0.14.2;xgboost=3.4.1;lightgbm=4.7.0;numpy=2.5.3;pandas=3.0.6,2026-09-27T22:21:17Z
cicids2017,network_security,member_1,e3,c7_ABC_full,1,1,1,orig,1.0,1.0,0.02,RF,3,1,5027,5000,5000,100,0,0.5,49.0,0.9696969696969696,"{""clf__base__max_depth"": null, ""clf__base__max_features"": ""sqrt"", ""clf__base__min_samples_leaf"": 1, ""clf__base__n_estimators"": 400}",0.9972,0.9593877551020408,0.9387755102040816,0.92,0.9292929292929292,0.9983680130558956,0.9987755102040816,0.9985717200571312,0.9639323246750302,0.9279140686063748,0.9993561224489796,0.9537604988637728,0.9585788801072946,0.98,18.34,False,1f58d07,scikit-learn=1.9.1;imbalanced-learn=0.14.2;xgboost=3.4.1;lightgbm=4.7.0;numpy=2.5.3;pandas=3.0.6,2026-09-27T22:21:36Z
cicids2017,network_security,member_1,e3,c7_ABC_full,1,1,1,orig,1.0,1.0,0.02,RF,4,0,6026,5000,5000,100,0,0.5,49.0,0.9191919191919192,"{""clf__base__max_depth"": null, ""clf__base__max_features"": ""sqrt"", ""clf__base__min_samples_leaf"": 2, ""clf__base__n_estimators"": 200}",0.995,0.9827551020408164,0.8151260504201681,0.97,0.8858447488584474,0.9993853718500308,0.9955102040816326,0.9974440241284124,0.94164438649343,0.8868027342892671,0.9989602040816328,0.9513438159969824,0.9826723248159498,1.1900000000000002,11.51,False,1f58d07,scikit-learn=1.9.1;imbalanced-learn=0.14.2;xgboost=3.4.1;lightgbm=4.7.0;numpy=2.5.3;pandas=3.0.6,2026-09-27T22:21:47Z
cicids2017,network_security,member_1,e3,c7_ABC_full,1,1,1,orig,1.0,1.0,0.02,RF,4,1,6027,5000,5000,100,0,0.5,49.0,0.9595959595959596,"{""clf__base__max_depth"": null, ""clf__base__max_features"": ""sqrt"", ""clf__base__min_samples_leaf"": 1, ""clf__base__n_estimators"": 200}",0.9962,0.968673469387755,0.8785046728971962,0.94,0.9082125603864736,0.9987737584304108,0.9973469387755102,0.9980598386602676,0.9531361995233704,0.9068154454235516,0.999215306122449,0.9502255077625282,0.9682489981657504,1.0699999999999998,11.35,False,1f58d07,scikit-learn=1.9.1;imbalanced-learn=0.14.2;xgboost=3.4.1;lightgbm=4.7.0;numpy=2.5.3;pandas=3.0.6,2026-09-27T22:21:59Z
cicids2017,network_security,member_1,e3,c7_ABC_full,1,1,1,orig,1.0,1.0,0.02,XGB,0,0,2026,5000,5000,100,0,0.5,49.0,0.9898922443389891,"{""clf__base__colsample_bytree"": 0.6299297262516527, ""clf__base__learning_rate"": 0.24209961404115907, ""clf__base__max_depth"": 3, ""clf__base__min_child_weight"": 1, ""clf__base__n_estimators"": 400, ""clf__base__reg_lambda"": 0.013825769701893902, ""clf__base__subsample"": 0.7881804586451416}",0.9982,0.974591836734694,0.9595959595959596,0.95,0.9547738693467336,0.998979800040808,0.9991836734693876,0.9990817263544536,0.9769277978505936,0.953868156943472,0.9994357142857142,0.9652963291753922,0.9742815249176792,0.99,7.43,False,1f58d07,scikit-learn=1.9.1;imbalanced-learn=0.14.2;xgboost=3.4.1;lightgbm=4.7.0;numpy=2.5.3;pandas=3.0.6,2026-09-27T22:23:22Z
cicids2017,network_security,member_1,e3,c7_ABC_full,1,1,1,orig,1.0,1.0,0.02,XGB,0,1,2027,5000,5000,100,0,0.5,49.0,0.9797371625900269,"{""clf__base__colsample_bytree"": 0.9708534199704669, ""clf__base__learning_rate"": 0.0442673907270532, ""clf__base__max_depth"": 8, ""clf__base__min_child_weight"": 1, ""clf__base__n_estimators"": 200, ""clf__base__reg_lambda"": 0.04693946850954257, ""clf__base__subsample"": 0.9120151652522048}",0.9978,0.9890816326530611,0.9158878504672896,0.98,0.9468599033816424,0.9995912528101368,0.9981632653061224,0.9988767486980497,0.972868326039846,0.9463022926007147,0.9996091836734696,0.9767562053381056,0.9890399385262456,1.0699999999999998,6.96,False,1f58d07,scikit-learn=1.9.1;imbalanced-learn=0.14.2;xgboost=3.4.1;lightgbm=4.7.0;numpy=2.5.3;pandas=3.0.6,2026-09-27T22:23:29Z
cicids2017,network_security,member_1,e3,c7_ABC_full,1,1,1,orig,1.0,1.0,0.02,XGB,1,0,3026,5000,5000,100,0,0.5,49.0,0.9898396134376526,"{""clf__base__colsample_bytree"": 0.6427066924659094, ""clf__base__learning_rate"": 0.14362393914105898, ""clf__base__max_depth"": 6, ""clf__base__min_child_weight"": 1, ""clf__base__n_estimators"": 400, ""clf__base__reg_lambda"": 0.614643025252804, ""clf__base__subsample"": 0.9355678497997515}",0.9992,0.9897959183673468,0.98,0.98,0.98,0.999591836734694,0.999591836734694,0.999591836734694,0.9897959183673468,0.979591836734694,0.9997459183673468,0.9848426161249928,0.9897474425326898,1.0,8.03,False,1f58d07,scikit-learn=1.9.1;imbalanced-learn=0.14.2;xgboost=3.4.1;lightgbm=4.7.0;numpy=2.5.3;pandas=3.0.6,2026-09-27T22:23:37Z
cicids2017,network_security,member_1,e3,c7_ABC_full,1,1,1,orig,1.0,1.0,0.02,XGB,1,1,3027,5000,5000,100,0,0.5,49.0,0.9898886680603028,"{""clf__base__colsample_bytree"": 0.7104807071006849, ""clf__base__learning_rate"": 0.04849185141838699, ""clf__base__max_depth"": 6, ""clf__base__min_child_weight"": 1, ""clf__base__n_estimators"": 800, ""clf__base__reg_lambda"": 0.10018170767019599, ""clf__base__subsample"": 0.8054452821394007}",0.9976,0.9791836734693876,0.9230769230769232,0.96,0.9411764705882352,0.9991830065359476,0.9983673469387756,0.9987750102082482,0.9699757403982416,0.94014030970437,0.9994051020408165,0.9565589226825596,0.978995736998494,1.04,11.56,False,1f58d07,scikit-learn=1.9.1;imbalanced-learn=0.14.2;xgboost=3.4.1;lightgbm=4.7.0;numpy=2.5.3;pandas=3.0.6,2026-09-27T22:23:49Z
cicids2017,network_security,member_1,e3,c7_ABC_full,1,1,1,orig,1.0,1.0,0.02,XGB,2,0,4026,5000,5000,100,0,0.5,49.0,0.9898914694786072,"{""clf__base__colsample_bytree"": 0.659630670299126, ""clf__base__learning_rate"": 0.03834557874295529, ""clf__base__max_depth"": 4, ""clf__base__min_child_weight"": 1, ""clf__base__n_estimators"": 800, ""clf__base__reg_lambda"": 0.0752355555373566, ""clf__base__subsample"": 0.6669423150701586}",0.998,0.9940816326530612,0.9166666666666666,0.99,0.9519230769230768,0.999795584627964,0.9981632653061224,0.9989787581699346,0.9754509175465058,0.9516377098292724,0.9996857142857144,0.9784571865673096,0.9940732531624926,1.08,11.78,False,1f58d07,scikit-learn=1.9.1;imbalanced-learn=0.14.2;xgboost=3.4.1;lightgbm=4.7.0;numpy=2.5.3;pandas=3.0.6,2026-09-27T22:24:01Z
cicids2017,network_security,member_1,e3,c7_ABC_full,1,1,1,orig,1.0,1.0,0.02,XGB,2,1,4027,5000,5000,100,0,0.5,49.0,0.9797386527061462,"{""clf__base__colsample_bytree"": 0.6559882439510808, ""clf__base__learning_rate"": 0.08120637239751023, ""clf__base__max_depth"": 4, ""clf__base__min_child_weight"": 1, ""clf__base__n_estimators"": 800, ""clf__base__reg_lambda"": 0.12873875292508413, ""clf__base__subsample"": 0.9865367520977653}",0.9988,0.989591836734694,0.9607843137254902,0.98,0.9702970297029704,0.999591670069416,0.9991836734693876,0.9993876301285975,0.984842329915784,0.969734233552716,0.9997285714285716,0.9828269211113476,0.9895453501482384,1.02,10.76,False,1f58d07,scikit-learn=1.9.1;imbalanced-learn=0.14.2;xgboost=3.4.1;lightgbm=4.7.0;numpy=2.5.3;pandas=3.0.6,2026-09-27T22:24:12Z
cicids2017,network_security,member_1,e3,c7_ABC_full,1,1,1,orig,1.0,1.0,0.02,XGB,3,0,5026,5000,5000,100,0,0.5,49.0,0.9898812770843506,"{""clf__base__colsample_bytree"": 0.966186289625362, ""clf__base__learning_rate"": 0.29511899190869545, ""clf__base__max_depth"": 6, ""clf__base__min_child_weight"": 1, ""clf__base__n_estimators"": 200, ""clf__base__reg_lambda"": 1.784943962718507, ""clf__base__subsample"": 0.76926012218394}",0.9982,0.9794897959183672,0.9504950495049505,0.96,0.9552238805970148,0.9991835068381302,0.9989795918367348,0.999081538932544,0.9771527097647796,0.9543177428603048,0.99959693877551,0.9698267172831756,0.9792958736578364,1.01,6.15,False,1f58d07,scikit-learn=1.9.1;imbalanced-learn=0.14.2;xgboost=3.4.1;lightgbm=4.7.0;numpy=2.5.3;pandas=3.0.6,2026-09-27T22:24:18Z
cicids2017,network_security,member_1,e3,c7_ABC_full,1,1,1,orig,1.0,1.0,0.02,XGB,3,1,5027,5000,5000,100,0,0.5,49.0,0.9898913502693176,"{""clf__base__colsample_bytree"": 0.8618637240825485, ""clf__base__learning_rate"": 0.24920359397357883, ""clf__base__max_depth"": 6, ""clf__base__min_child_weight"": 1, ""clf__base__n_estimators"": 800, ""clf__base__reg_lambda"": 0.2723466933997092, ""clf__base__subsample"": 0.7486647947789067}",0.9968,0.9640816326530612,0.9117647058823528,0.93,0.9207920792079208,0.9985708452429564,0.9981632653061224,0.9983670136762604,0.9595795464420906,0.919206188869894,0.9987755102040816,0.9524094508965671,0.9634790276569044,1.02,10.82,False,1f58d07,scikit-learn=1.9.1;imbalanced-learn=0.14.2;xgboost=3.4.1;lightgbm=4.7.0;numpy=2.5.3;pandas=3.0.6,2026-09-27T22:24:29Z
cicids2017,network_security,member_1,e3,c7_ABC_full,1,1,1,orig,1.0,1.0,0.02,XGB,4,0,6026,5000,5000,100,0,0.5,49.0,0.989806056022644,"{""clf__base__colsample_bytree"": 0.6019883151666798, ""clf__base__learning_rate"": 0.05495868370296514, ""clf__base__max_depth"": 3, ""clf__base__min_child_weight"": 1, ""clf__base__n_estimators"": 200, ""clf__base__reg_lambda"": 0.012258452796480747, ""clf__base__subsample"": 0.8499805869873966}",0.9976,0.9840816326530611,0.9150943396226416,0.97,0.941747572815534,0.9993870044953004,0.9981632653061224,0.998774760057178,0.970261166436356,0.940939553947414,0.9993489795918368,0.9765260865727816,0.9839808775311332,1.06,6.04,False,1f58d07,scikit-learn=1.9.1;imbalanced-learn=0.14.2;xgboost=3.4.1;lightgbm=4.7.0;numpy=2.5.3;pandas=3.0.6,2026-09-27T22:24:35Z
cicids2017,network_security,member_1,e3,c7_ABC_full,1,1,1,orig,1.0,1.0,0.02,XGB,4,1,6027,5000,5000,100,0,0.5,49.0,0.9898198246955872,"{""clf__base__colsample_bytree"": 0.7400831131827571, ""clf__base__learning_rate"": 0.021664971667522914, ""clf__base__max_depth"": 8, ""clf__base__min_child_weight"": 1, ""clf__base__n_estimators"": 400, ""clf__base__reg_lambda"": 0.0421316488972222, ""clf__base__subsample"": 0.6098935341153626}",0.997,0.9739795918367348,0.9047619047619048,0.95,0.926829268292683,0.9989785495403471,0.9979591836734694,0.998468606431853,0.962648937362268,0.9255857946798088,0.9995183673469388,0.9726951158681344,0.973684355676826,1.05,8.91,False,1f58d07,scikit-learn=1.9.1;imbalanced-learn=0.14.2;xgboost=3.4.1;lightgbm=4.7.0;numpy=2.5.3;pandas=3.0.6,2026-09-27T22:24:44Z
cicids2017,network_security,member_1,e3,c0_none,0,0,0,none,0.0,0.0,0.01,LR,0,0,2026,5000,5000,50,10,0.01,0.0101010101010101,0.5,"{""clf__base__C"": 36.18894389380965}",0.9928,0.6498989898989899,0.9375,0.3,0.4545454545454545,0.9929775280898876,0.9997979797979798,0.996376082142138,0.7254607683437964,0.528162175064408,0.9747878787878788,0.4185046074782427,0.547667229199807,0.32,34.97,False,1f58d07,scikit-learn=1.9.1;imbalanced-learn=0.14.2;xgboost=3.4.1;lightgbm=4.7.0;numpy=2.5.3;pandas=3.0.6,2026-09-27T19:52:08Z
cicids2017,network_security,member_1,e3,c0_none,0,0,0,none,0.0,0.0,0.01,LR,0,1,2027,5000,5000,50,10,0.01,0.0101010101010101,0.5,"{""clf__base__C"": 23.707153252161383}",0.9924,0.7090909090909091,0.7,0.42,0.525,0.994164989939638,0.9981818181818182,0.9961693548387096,0.7605846774193549,0.5387830524535097,0.9168121212121212,0.309158864312966,0.647484643552543,0.6,12.19,False,1f58d07,scikit-learn=1.9.1;imbalanced-learn=0.14.2;xgboost=3.4.1;lightgbm=4.7.0;numpy=2.5.3;pandas=3.0.6,2026-09-27T19:52:21Z
cicids2017,network_security,member_1,e3,c0_none,0,0,0,none,0.0,0.0,0.01,LR,1,0,3026,5000,5000,50,10,0.01,0.0101010101010101,0.5,"{""clf__base__C"": 19.993032145051746}",0.9892,0.4995959595959596,0.0,0.0,0.0,0.989991993594876,0.9991919191919192,0.994570681681078,0.4972853408405389,-0.0028438139712594,0.974440404040404,0.3973477325458974,0.0,0.08,10.62,False,1f58d07,scikit-learn=1.9.1;imbalanced-learn=0.14.2;xgboost=3.4.1;lightgbm=4.7.0;numpy=2.5.3;pandas=3.0.6,2026-09-27T19:52:32Z
cicids2017,network_security,member_1,e3,c0_none,0,0,0,none,0.0,0.0,0.01,LR,1,1,3027,5000,5000,50,10,0.01,0.0101010101010101,0.5,"{""clf__base__C"": 4.686201792798966}",0.9906,0.6388888888888888,0.56,0.28,0.3733333333333333,0.9927638190954774,0.9977777777777778,0.995264483627204,0.6842989084802686,0.3918488296579425,0.9110262626262626,0.2248070692029871,0.528561990477728,0.5,10.55,False,1f58d07,scikit-learn=1.9.1;imbalanced-learn=0.14.2;xgboost=3.4.1;lightgbm=4.7.0;numpy=2.5.3;pandas=3.0.6,2026-09-27T19:52:43Z
cicids2017,network_security,member_1,e3,c0_none,0,0,0,none,0.0,0.0,0.01,LR,2,0,4026,5000,5000,50,10,0.01,0.0101010101010101,0.5,"{""clf__base__C"": 11.333229684537264}",0.993,0.6994949494949495,0.8,0.4,0.5333333333333333,0.9939698492462312,0.998989898989899,0.9964735516372796,0.7649034424853065,0.5628374098723175,0.9665535353535352,0.3845023026422313,0.6321360293449184,0.5,10.36,False,1f58d07,scikit-learn=1.9.1;imbalanced-learn=0.14.2;xgboost=3.4.1;lightgbm=4.7.0;numpy=2.5.3;pandas=3.0.6,2026-09-27T19:52:53Z
cicids2017,network_security,member_1,e3,c0_none,0,0,0,none,0.0,0.0,0.01,LR,2,1,4027,5000,5000,50,10,0.01,0.0101010101010101,0.5,"{""clf__base__C"": 80.93579062656904}",0.989,0.5093939393939394,0.1428571428571428,0.02,0.0350877192982456,0.9901862607650712,0.9987878787878788,0.9944684702805994,0.5147780947894225,0.0499960332504588,0.9759636363636364,0.4038865822787543,0.1413356203359845,0.1399999999999999,10.91,False,1f58d07,scikit-learn=1.9.1;imbalanced-learn=0.14.2;xgboost=3.4.1;lightgbm=4.7.0;numpy=2.5.3;pandas=3.0.6,2026-09-27T19:53:05Z
cicids2017,network_security,member_1,e3,c0_none,0,0,0,none,0.0,0.0,0.01,LR,3,0,5026,5000,5000,50,10,0.01,0.0101010101010101,0.5,"{""clf__base__C"": 5.661146596775842}",0.9924,0.6595959595959596,0.8,0.32,0.4571428571428571,0.9931726907630524,0.9991919191919192,0.996173212487412,0.7266580348151345,0.5031643006168832,0.9678626262626262,0.3352654406646116,0.5654568189892258,0.4,10.86,False,1f58d07,scikit-learn=1.9.1;imbalanced-learn=0.14.2;xgboost=3.4.1;lightgbm=4.7.0;numpy=2.5.3;pandas=3.0.6,2026-09-27T19:53:16Z
cicids2017,network_security,member_1,e3,c0_none,0,0,0,none,0.0,0.0,0.01,LR,3,1,5027,5000,5000,50,10,0.01,0.0101010101010101,0.5,"{""clf__base__C"": 0.059830143635325184}",0.989,0.4994949494949495,0.0,0.0,0.0,0.98998998998999,0.998989898989899,0.9944695827048768,0.4972347913524384,-0.0031797989279563,0.972820202020202,0.2791454640213271,0.0,0.1,10.31,False,1f58d07,scikit-learn=1.9.1;imbalanced-learn=0.14.2;xgboost=3.4.1;lightgbm=4.7.0;numpy=2.5.3;pandas=3.0.6,2026-09-27T19:53:26Z
cicids2017,network_security,member_1,e3,c0_none,0,0,0,none,0.0,0.0,0.01,LR,4,0,6026,5000,5000,50,10,0.01,0.0101010101010101,0.5,"{""clf__base__C"": 73.66417088381552}",0.9932,0.6797979797979798,0.9,0.36,0.5142857142857142,0.993574297188755,0.9995959595959596,0.996576032225579,0.7554308732556466,0.5668559842392735,0.9695151515151516,0.4579367661363603,0.5998787756326651,0.4,11.94,False,1f58d07,scikit-learn=1.9.1;imbalanced-learn=0.14.2;xgboost=3.4.1;lightgbm=4.7.0;numpy=2.5.3;pandas=3.0.6,2026-09-27T19:53:39Z
cicids2017,network_security,member_1,e3,c0_none,0,0,0,none,0.0,0.0,0.01,LR,4,1,6027,5000,5000,50,10,0.01,0.0101010101010101,0.5,"{""clf__base__C"": 27.845724467332477}",0.9924,0.7090909090909091,0.7,0.42,0.525,0.994164989939638,0.9981818181818182,0.9961693548387096,0.7605846774193549,0.5387830524535097,0.9788363636363636,0.3446086430507948,0.647484643552543,0.6,11.1,False,1f58d07,scikit-learn=1.9.1;imbalanced-learn=0.14.2;xgboost=3.4.1;lightgbm=4.7.0;numpy=2.5.3;pandas=3.0.6,2026-09-27T19:53:50Z
cicids2017,network_security,member_1,e3,c0_none,0,0,0,none,0.0,0.0,0.01,RF,0,0,2026,5000,5000,50,10,0.01,0.0101010101010101,0.5,"{""clf__base__max_depth"": 16, ""clf__base__max_features"": ""sqrt"", ""clf__base__min_samples_leaf"": 1, ""clf__base__n_estimators"": 400}",0.9972,0.86989898989899,0.9736842105263158,0.74,0.8409090909090909,0.9973800886739218,0.9997979797979798,0.998587570621469,0.91974833076528,0.8475797347756002,0.9993777777777776,0.9473291330278824,0.8601456301409112,0.76,123.23,False,1f58d07,scikit-learn=1.9.1;imbalanced-learn=0.14.2;xgboost=3.4.1;lightgbm=4.7.0;numpy=2.5.3;pandas=3.0.6,2026-09-27T19:55:54Z
cicids2017,network_security,member_1,e3,c0_none,0,0,0,none,0.0,0.0,0.01,RF,0,1,2027,5000,5000,50,10,0.01,0.0101010101010101,0.5,"{""clf__base__max_depth"": 16, ""clf__base__max_features"": ""sqrt"", ""clf__base__min_samples_leaf"": 2, ""clf__base__n_estimators"": 200}",0.9966,0.8794949494949496,0.8837209302325582,0.76,0.8172043010752689,0.9975791809562236,0.998989898989899,0.9982840415867568,0.9077441713310128,0.8178617746116762,0.9975111111111112,0.8624996314955923,0.8713393846443092,0.86,116.9,False,1f58d07,scikit-learn=1.9.1;imbalanced-learn=0.14.2;xgboost=3.4.1;lightgbm=4.7.0;numpy=2.5.3;pandas=3.0.6,2026-09-27T19:57:51Z
cicids2017,network_security,member_1,e3,c0_none,0,0,0,none,0.0,0.0,0.01,RF,1,0,3026,5000,5000,50,10,0.01,0.0101010101010101,0.5,"{""clf__base__max_depth"": null, ""clf__base__max_features"": ""log2"", ""clf__base__min_samples_leaf"": 1, ""clf__base__n_estimators"": 400}",0.9974,0.9194949494949496,0.8936170212765957,0.84,0.865979381443299,0.9983848172824552,0.998989898989899,0.9986872664849036,0.9323333239641012,0.8650898984680507,0.9982060606060608,0.8991961937168479,0.9160521356077476,0.94,150.81,False,1f58d07,scikit-learn=1.9.1;imbalanced-learn=0.14.2;xgboost=3.4.1;lightgbm=4.7.0;numpy=2.5.3;pandas=3.0.6,2026-09-27T20:00:22Z
cicids2017,network_security,member_1,e3,c0_none,0,0,0,none,0.0,0.0,0.01,RF,1,1,3027,5000,5000,50,10,0.01,0.0101010101010101,0.5,"{""clf__base__max_depth"": 8, ""clf__base__max_features"": ""sqrt"", ""clf__base__min_samples_leaf"": 5, ""clf__base__n_estimators"": 400}",0.994,0.7098989898989899,0.9545454545454546,0.42,0.5833333333333334,0.9941743672157493,0.9997979797979798,0.9969782433521354,0.7901557883427344,0.6310868914576288,0.9984040404040404,0.9130056463101236,0.6480086045070323,0.44,152.05,False,1f58d07,scikit-learn=1.9.1;imbalanced-learn=0.14.2;xgboost=3.4.1;lightgbm=4.7.0;numpy=2.5.3;pandas=3.0.6,2026-09-27T20:02:54Z
cicids2017,network_security,member_1,e3,c0_none,0,0,0,none,0.0,0.0,0.01,RF,2,0,4026,5000,5000,50,10,0.01,0.0101010101010101,0.5,"{""clf__base__max_depth"": null, ""clf__base__max_features"": ""sqrt"", ""clf__base__min_samples_leaf"": 1, ""clf__base__n_estimators"": 200}",0.998,0.9197979797979798,0.9545454545454546,0.84,0.8936170212765957,0.9983857949959644,0.9995959595959596,0.9989905108015344,0.9463037660390652,0.8944703611007492,0.999420202020202,0.9587948347756192,0.916329965711373,0.88,114.0,False,1f58d07,scikit-learn=1.9.1;imbalanced-learn=0.14.2;xgboost=3.4.1;lightgbm=4.7.0;numpy=2.5.3;pandas=3.0.6,2026-09-27T20:04:48Z
cicids2017,network_security,member_1,e3,c0_none,0,0,0,none,0.0,0.0,0.01,RF,2,1,4027,5000,5000,50,10,0.01,0.0101010101010101,0.5,"{""clf__base__max_depth"": null, ""clf__base__max_features"": ""log2"", ""clf__base__min_samples_leaf"": 1, ""clf__base__n_estimators"": 200}",0.9964,0.8793939393939394,0.8636363636363636,0.76,0.8085106382978723,0.9975786924939468,0.9987878787878788,0.998182919442762,0.9033467788703172,0.8083808172026982,0.9978343434343434,0.8764008370166034,0.8712512771174501,0.88,103.98,False,1f58d07,scikit-learn=1.9.1;imbalanced-learn=0.14.2;xgboost=3.4.1;lightgbm=4.7.0;numpy=2.5.3;pandas=3.0.6,2026-09-27T20:06:33Z
cicids2017,network_security,member_1,e3,c0_none,0,0,0,none,0.0,0.0,0.01,RF,3,0,5026,5000,5000,50,10,0.01,0.0101010101010101,0.5,"{""clf__base__max_depth"": 16, ""clf__base__max_features"": ""sqrt"", ""clf__base__min_samples_leaf"": 2, ""clf__base__n_estimators"": 200}",0.9952,0.7797979797979798,0.9333333333333332,0.56,0.7,0.9955734406438632,0.9995959595959596,0.9975806451612904,0.8487903225806451,0.7209802199498655,0.9991919191919192,0.9339628424107,0.7481802840049566,0.6,96.79,False,1f58d07,scikit-learn=1.9.1;imbalanced-learn=0.14.2;xgboost=3.4.1;lightgbm=4.7.0;numpy=2.5.3;pandas=3.0.6,2026-09-27T20:08:10Z
cicids2017,network_security,member_1,e3,c0_none,0,0,0,none,0.0,0.0,0.01,RF,3,1,5027,5000,5000,50,10,0.01,0.0101010101010101,0.5,"{""clf__base__max_depth"": null, ""clf__base__max_features"": ""sqrt"", ""clf__base__min_samples_leaf"": 1, ""clf__base__n_estimators"": 400}",0.9978,0.9196969696969696,0.9333333333333332,0.84,0.8842105263157894,0.9983854692230072,0.9993939393939394,0.998889449772842,0.9415499880443156,0.8843523709953915,0.9986747474747476,0.9202488754361304,0.9162373650375262,0.8999999999999999,148.68,False,1f58d07,scikit-learn=1.9.1;imbalanced-learn=0.14.2;xgboost=3.4.1;lightgbm=4.7.0;numpy=2.5.3;pandas=3.0.6,2026-09-27T20:11:48Z
cicids2017,network_security,member_1,e3,c0_none,0,0,0,none,0.0,0.0,0.01,RF,4,0,6026,5000,5000,50,10,0.01,0.0101010101010101,0.5,"{""clf__base__max_depth"": 16, ""clf__base__max_features"": ""sqrt"", ""clf__base__min_samples_leaf"": 2, ""clf__base__n_estimators"": 400}",0.9956,0.78,1.0,0.56,0.717948717948718,0.995575221238938,1.0,0.9977827050997784,0.8578657115242481,0.7466740412615168,0.9988484848484848,0.9253319767158416,0.7483314773547883,0.5599999999999999,128.09,False,1f58d07,scikit-learn=1.9.1;imbalanced-learn=0.14.2;xgboost=3.4.1;lightgbm=4.7.0;numpy=2.5.3;pandas=3.0.6,2026-09-27T20:13:57Z
cicids2017,network_security,member_1,e3,c0_none,0,0,0,none,0.0,0.0,0.01,RF,4,1,6027,5000,5000,50,10,0.01,0.0101010101010101,0.5,"{""clf__base__max_depth"": null, ""clf__base__max_features"": ""sqrt"", ""clf__base__min_samples_leaf"": 1, ""clf__base__n_estimators"": 200}",0.998,0.9494949494949496,0.9,0.9,0.9,0.998989898989899,0.998989898989899,0.998989898989899,0.9494949494949496,0.898989898989899,0.998020202020202,0.8721361040774656,0.9482040440173776,1.0,103.57,False,1f58d07,scikit-learn=1.9.1;imbalanced-learn=0.14.2;xgboost=3.4.1;lightgbm=4.7.0;numpy=2.5.3;pandas=3.0.6,2026-09-27T20:15:41Z
cicids2017,network_security,member_1,e3,c0_none,0,0,0,none,0.0,0.0,0.01,XGB,0,0,2026,5000,5000,50,10,0.01,0.0101010101010101,0.5,"{""clf__base__colsample_bytree"": 0.8730309932691698, ""clf__base__learning_rate"": 0.199046962929904, ""clf__base__max_depth"": 8, ""clf__base__min_child_weight"": 3, ""clf__base__n_estimators"": 800, ""clf__base__reg_lambda"": 0.012097667712699732, ""clf__base__subsample"": 0.893015156710232}",0.9986,0.93,1.0,0.86,0.9247311827956988,0.998587855557797,1.0,0.9992934288886646,0.9620123058421816,0.9267068337827802,0.998769696969697,0.9759755533284604,0.9273618495495703,0.86,56.21,False,1f58d07,scikit-learn=1.9.1;imbalanced-learn=0.14.2;xgboost=3.4.1;lightgbm=4.7.0;numpy=2.5.3;pandas=3.0.6,2026-09-27T20:16:37Z
cicids2017,network_security,member_1,e3,c0_none,0,0,0,none,0.0,0.0,0.01,XGB,0,1,2027,5000,5000,50,10,0.01,0.0101010101010101,0.5,"{""clf__base__colsample_bytree"": 0.9708534199704669, ""clf__base__learning_rate"": 0.0442673907270532, ""clf__base__max_depth"": 8, ""clf__base__min_child_weight"": 1, ""clf__base__n_estimators"": 200, ""clf__base__reg_lambda"": 0.04693946850954257, ""clf__base__subsample"": 0.9120151652522048}",0.9978,0.9295959595959596,0.9148936170212766,0.86,0.8865979381443299,0.998586715122148,0.9991919191919192,0.998889225487226,0.942743581815778,0.8859203800107439,0.9988323232323232,0.93329837870498,0.9269870821673032,0.94,60.36,False,1f58d07,scikit-learn=1.9.1;imbalanced-learn=0.14.2;xgboost=3.4.1;lightgbm=4.7.0;numpy=2.5.3;pandas=3.0.6,2026-09-27T20:17:38Z
cicids2017,network_security,member_1,e3,c0_none,0,0,0,none,0.0,0.0,0.01,XGB,1,0,3026,5000,5000,50,10,0.01,0.0101010101010101,0.5,"{""clf__base__colsample_bytree"": 0.9004849706440361, ""clf__base__learning_rate"": 0.031081573984993328, ""clf__base__max_depth"": 6, ""clf__base__min_child_weight"": 1, ""clf__base__n_estimators"": 200, ""clf__base__reg_lambda"": 0.010196749758732969, ""clf__base__subsample"": 0.6641108817929743}",0.998,0.9494949494949496,0.9,0.9,0.9,0.998989898989899,0.998989898989899,0.998989898989899,0.9494949494949496,0.898989898989899,0.998359595959596,0.9300120318551242,0.9482040440173776,1.0,82.18,False,1f58d07,scikit-learn=1.9.1;imbalanced-learn=0.14.2;xgboost=3.4.1;lightgbm=4.7.0;numpy=2.5.3;pandas=3.0.6,2026-09-27T20:19:00Z
cicids2017,network_security,member_1,e3,c0_none,0,0,0,none,0.0,0.0,0.01,XGB,1,1,3027,5000,5000,50,10,0.01,0.0101010101010101,0.5,"{""clf__base__colsample_bytree"": 0.8482827391756707, ""clf__base__learning_rate"": 0.08131230450991951, ""clf__base__max_depth"": 3, ""clf__base__min_child_weight"": 1, ""clf__base__n_estimators"": 800, ""clf__base__reg_lambda"": 4.380651853338851, ""clf__base__subsample"": 0.8913932215447226}",0.9982,0.91,1.0,0.82,0.9010989010989012,0.998185117967332,1.0,0.9990917347865576,0.9500953179427294,0.9047164178532476,0.9996646464646466,0.9743121292913764,0.9055385138137416,0.8200000000000001,104.68,False,1f58d07,scikit-learn=1.9.1;imbalanced-learn=0.14.2;xgboost=3.4.1;lightgbm=4.7.0;numpy=2.5.3;pandas=3.0.6,2026-09-27T20:20:45Z
cicids2017,network_security,member_1,e3,c0_none,0,0,0,none,0.0,0.0,0.01,XGB,2,0,4026,5000,5000,50,10,0.01,0.0101010101010101,0.5,"{""clf__base__colsample_bytree"": 0.7922323852494468, ""clf__base__learning_rate"": 0.032129810572726354, ""clf__base__max_depth"": 3, ""clf__base__min_child_weight"": 1, ""clf__base__n_estimators"": 200, ""clf__base__reg_lambda"": 0.0716576625462937, ""clf__base__subsample"": 0.982130570718626}",0.9984,0.93979797979798,0.9565217391304348,0.88,0.9166666666666666,0.998788857488898,0.9995959595959596,0.9991922455573504,0.9579294561120086,0.9166718829251668,0.9998060606060608,0.9831570949233572,0.9378936210703454,0.92,82.7,False,1f58d07,scikit-learn=1.9.1;imbalanced-learn=0.14.2;xgboost=3.4.1;lightgbm=4.7.0;numpy=2.5.3;pandas=3.0.6,2026-09-27T20:22:08Z
cicids2017,network_security,member_1,e3,c0_none,0,0,0,none,0.0,0.0,0.01,XGB,2,1,4027,5000,5000,50,10,0.01,0.0101010101010101,0.5,"{""clf__base__colsample_bytree"": 0.7962534959268627, ""clf__base__learning_rate"": 0.14932277327771687, ""clf__base__max_depth"": 3, ""clf__base__min_child_weight"": 1, ""clf__base__n_estimators"": 200, ""clf__base__reg_lambda"": 0.019567811559382847, ""clf__base__subsample"": 0.9688357828106124}",0.9988,0.95979797979798,0.9583333333333334,0.92,0.9387755102040816,0.9991922455573504,0.9995959595959596,0.9993940618056958,0.9690847860048888,0.9383691456765058,0.9991636363636364,0.955159221068995,0.9589725141151246,0.96,90.08,False,1f58d07,scikit-learn=1.9.1;imbalanced-learn=0.14.2;xgboost=3.4.1;lightgbm=4.7.0;numpy=2.5.3;pandas=3.0.6,2026-09-27T20:23:39Z
cicids2017,network_security,member_1,e3,c0_none,0,0,0,none,0.0,0.0,0.01,XGB,3,0,5026,5000,5000,50,10,0.01,0.0101010101010101,0.5,"{""clf__base__colsample_bytree"": 0.7542890799948759, ""clf__base__learning_rate"": 0.19191750289230153, ""clf__base__max_depth"": 8, ""clf__base__min_child_weight"": 3, ""clf__base__n_estimators"": 400, ""clf__base__reg_lambda"": 0.7269417058364168, ""clf__base__subsample"": 0.9589918836811703}",0.999,0.95989898989899,0.9787234042553192,0.92,0.9484536082474226,0.9991924086412276,0.9997979797979798,0.9994951024941936,0.9739743553708082,0.9484118246388236,0.9998161616161616,0.982537984212988,0.9590694142835238,0.94,71.17,False,1f58d07,scikit-learn=1.9.1;imbalanced-learn=0.14.2;xgboost=3.4.1;lightgbm=4.7.0;numpy=2.5.3;pandas=3.0.6,2026-09-27T20:24:50Z
cicids2017,network_security,member_1,e3,c0_none,0,0,0,none,0.0,0.0,0.01,XGB,3,1,5027,5000,5000,50,10,0.01,0.0101010101010101,0.5,"{""clf__base__colsample_bytree"": 0.7569788188513907, ""clf__base__learning_rate"": 0.22391260675549185, ""clf__base__max_depth"": 4, ""clf__base__min_child_weight"": 1, ""clf__base__n_estimators"": 800, ""clf__base__reg_lambda"": 0.013517068075739864, ""clf__base__subsample"": 0.6656234019226878}",0.9988,0.9696969696969696,0.94,0.94,0.94,0.9993939393939394,0.9993939393939394,0.9993939393939394,0.9696969696969696,0.9393939393939394,0.9984868686868688,0.9608753583261902,0.9692421281755672,1.0,91.59,False,1f58d07,scikit-learn=1.9.1;imbalanced-learn=0.14.2;xgboost=3.4.1;lightgbm=4.7.0;numpy=2.5.3;pandas=3.0.6,2026-09-27T20:26:22Z
cicids2017,network_security,member_1,e3,c0_none,0,0,0,none,0.0,0.0,0.01,XGB,4,0,6026,5000,5000,50,10,0.01,0.0101010101010101,0.5,"{""clf__base__colsample_bytree"": 0.6019883151666798, ""clf__base__learning_rate"": 0.05495868370296514, ""clf__base__max_depth"": 3, ""clf__base__min_child_weight"": 1, ""clf__base__n_estimators"": 200, ""clf__base__reg_lambda"": 0.012258452796480747, ""clf__base__subsample"": 0.8499805869873966}",0.9992,0.9698989898989898,0.9791666666666666,0.94,0.9591836734693876,0.999394184168013,0.9997979797979798,0.9995960412037972,0.9793898573365925,0.9589835820929492,0.9999313131313132,0.9938673890608876,0.9694380336102464,0.96,61.6,False,1f58d07,scikit-learn=1.9.1;imbalanced-learn=0.14.2;xgboost=3.4.1;lightgbm=4.7.0;numpy=2.5.3;pandas=3.0.6,2026-09-27T20:27:24Z
cicids2017,network_security,member_1,e3,c0_none,0,0,0,none,0.0,0.0,0.01,XGB,4,1,6027,5000,5000,50,10,0.01,0.0101010101010101,0.5,"{""clf__base__colsample_bytree"": 0.9962576164977475, ""clf__base__learning_rate"": 0.03423548596985521, ""clf__base__max_depth"": 8, ""clf__base__min_child_weight"": 3, ""clf__base__n_estimators"": 200, ""clf__base__reg_lambda"": 0.05550509218069603, ""clf__base__subsample"": 0.9491643683623555}",0.9984,0.9694949494949494,0.903846153846154,0.94,0.9215686274509804,0.9993936944219888,0.998989898989899,0.9991917559102848,0.9603801916806326,0.9209414171862156,0.9984242424242424,0.9270401011571168,0.9690461831360284,1.04,56.41,False,1f58d07,scikit-learn=1.9.1;imbalanced-learn=0.14.2;xgboost=3.4.1;lightgbm=4.7.0;numpy=2.5.3;pandas=3.0.6,2026-09-27T20:28:21Z
cicids2017,network_security,member_1,e3,c1_A_smotetomek,1,0,0,none,0.0,1.0,0.01,LR,0,0,2026,5000,5000,50,10,0.5,1.0,0.5,"{""clf__base__C"": 86.64678862932995}",0.9448,0.9721212121212122,0.1533742331288343,1.0,0.2659574468085106,1.0,0.9442424242424242,0.9713216957605983,0.6186395712845545,0.3805554594351437,0.9921131313131312,0.4466382943326856,0.971721371712295,6.52,60.68,False,1f58d07,scikit-learn=1.9.1;imbalanced-learn=0.14.2;xgboost=3.4.1;lightgbm=4.7.0;numpy=2.5.3;pandas=3.0.6,2026-09-27T20:29:22Z
cicids2017,network_security,member_1,e3,c1_A_smotetomek,1,0,0,none,0.0,1.0,0.01,LR,0,1,2027,5000,5000,50,10,0.5,1.0,0.5,"{""clf__base__C"": 33.09421283700199}",0.9564,0.9383838383838384,0.1769230769230769,0.92,0.2967741935483871,0.99915611814346,0.9567676767676768,0.9775025799793602,0.6371383867638736,0.3929128997444727,0.9243272727272728,0.2681907604816869,0.9382037425987292,5.199999999999999,47.13,False,1f58d07,scikit-learn=1.9.1;imbalanced-learn=0.14.2;xgboost=3.4.1;lightgbm=4.7.0;numpy=2.5.3;pandas=3.0.6,2026-09-27T20:30:10Z
cicids2017,network_security,member_1,e3,c1_A_smotetomek,1,0,0,none,0.0,1.0,0.01,LR,1,0,3026,5000,5000,50,10,0.5,1.0,0.5,"{""clf__base__C"": 95.41248660376695}",0.9602,0.9798989898989898,0.2008032128514056,1.0,0.334448160535117,1.0,0.9597979797979798,0.979486650860736,0.6569674056979266,0.4390108404489835,0.9877171717171718,0.300114317504674,0.9796927986863944,4.98,43.5,False,1f58d07,scikit-learn=1.9.1;imbalanced-learn=0.14.2;xgboost=3.4.1;lightgbm=4.7.0;numpy=2.5.3;pandas=3.0.6,2026-09-27T20:30:54Z
cicids2017,network_security,member_1,e3,c1_A_smotetomek,1,0,0,none,0.0,1.0,0.01,LR,1,1,3027,5000,5000,50,10,0.5,1.0,0.5,"{""clf__base__C"": 0.6780583147430557}",0.936,0.928080808080808,0.1270718232044199,0.92,0.2233009708737864,0.9991375592927986,0.9361616161616162,0.966624947851481,0.5949629593626338,0.3287181602734753,0.915741414141414,0.1758339143250824,0.9280456275791008,7.24,42.42,False,1f58d07,scikit-learn=1.9.1;imbalanced-learn=0.14.2;xgboost=3.4.1;lightgbm=4.7.0;numpy=2.5.3;pandas=3.0.6,2026-09-27T20:31:36Z
cicids2017,network_security,member_1,e3,c1_A_smotetomek,1,0,0,none,0.0,1.0,0.01,LR,2,0,4026,5000,5000,50,10,0.5,1.0,0.5,"{""clf__base__C"": 11.333229684537264}",0.9402,0.9598989898989898,0.1412103746397694,0.98,0.2468513853904282,0.999785084891468,0.9397979797979796,0.9688638966989482,0.6078576410446882,0.3601212835108748,0.975850505050505,0.2724383094311758,0.9596885016514578,6.94,35.65,False,1f58d07,scikit-learn=1.9.1;imbalanced-learn=0.14.2;xgboost=3.4.1;lightgbm=4.7.0;numpy=2.5.3;pandas=3.0.6,2026-09-27T20:32:12Z
cicids2017,network_security,member_1,e3,c1_A_smotetomek,1,0,0,none,0.0,1.0,0.01,LR,2,1,4027,5000,5000,50,10,0.5,1.0,0.5,"{""clf__base__C"": 80.93579062656904}",0.9434,0.9516161616161616,0.1458966565349544,0.96,0.2532981530343008,0.9995718261614216,0.9432323232323232,0.9705851782558984,0.6119416656450997,0.3624801175001584,0.9544808080808082,0.3108616238894855,0.9515792296509158,6.579999999999999,43.18,False,1f58d07,scikit-learn=1.9.1;imbalanced-learn=0.14.2;xgboost=3.4.1;lightgbm=4.7.0;numpy=2.5.3;pandas=3.0.6,2026-09-27T20:32:56Z
cicids2017,network_security,member_1,e3,c1_A_smotetomek,1,0,0,none,0.0,1.0,0.01,LR,3,0,5026,5000,5000,50,10,0.5,1.0,0.5,"{""clf__base__C"": 68.96511808116286}",0.9608,0.9703030303030302,0.2008196721311475,0.98,0.3333333333333333,0.9997897392767032,0.9606060606060606,0.9798063053781166,0.656569819355725,0.4343897192439513,0.9760505050505052,0.2357873027260433,0.9702545745287364,4.88,45.91,False,1f58d07,scikit-learn=1.9.1;imbalanced-learn=0.14.2;xgboost=3.4.1;lightgbm=4.7.0;numpy=2.5.3;pandas=3.0.6,2026-09-27T20:33:42Z
cicids2017,network_security,member_1,e3,c1_A_smotetomek,1,0,0,none,0.0,1.0,0.01,LR,3,1,5027,5000,5000,50,10,0.5,1.0,0.5,"{""clf__base__C"": 1.191772378201077}",0.9344,0.9470707070707072,0.1283422459893048,0.96,0.2264150943396226,0.9995676610462604,0.9341414141414142,0.9657477025898078,0.5960813984647152,0.33818566669727,0.961660606060606,0.1478396297579561,0.9469824483989964,7.48,39.99,False,1f58d07,scikit-learn=1.9.1;imbalanced-learn=0.14.2;xgboost=3.4.1;lightgbm=4.7.0;numpy=2.5.3;pandas=3.0.6,2026-09-27T20:34:22Z
cicids2017,network_security,member_1,e3,c1_A_smotetomek,1,0,0,none,0.0,1.0,0.01,LR,4,0,6026,5000,5000,50,10,0.5,1.0,0.5,"{""clf__base__C"": 73.66417088381552}",0.9562,0.9481818181818182,0.1787072243346007,0.94,0.3003194888178914,0.999366687777074,0.9563636363636364,0.9773923815422731,0.6388559351800822,0.3995234403660434,0.9464686868686868,0.3283794047587428,0.9481465172544896,5.26,51.27,False,1f58d07,scikit-learn=1.9.1;imbalanced-learn=0.14.2;xgboost=3.4.1;lightgbm=4.7.0;numpy=2.5.3;pandas=3.0.6,2026-09-27T20:35:14Z
cicids2017,network_security,member_1,e3,c1_A_smotetomek,1,0,0,none,0.0,1.0,0.01,LR,4,1,6027,5000,5000,50,10,0.5,1.0,0.5,"{""clf__base__C"": 89.78839453758782}",0.961,0.9803030303030302,0.2040816326530612,1.0,0.3389830508474576,1.0,0.9606060606060606,0.9799072642967542,0.6594451575721059,0.4427663641074266,0.9876828282828284,0.2838901898870444,0.9801051273236258,4.9,54.2,False,1f58d07,scikit-learn=1.9.1;imbalanced-learn=0.14.2;xgboost=3.4.1;lightgbm=4.7.0;numpy=2.5.3;pandas=3.0.6,2026-09-27T20:36:08Z
cicids2017,network_security,member_1,e3,c1_A_smotetomek,1,0,0,none,0.0,1.0,0.01,RF,0,0,2026,5000,5000,50,10,0.5,1.0,0.5,"{""clf__base__max_depth"": 16, ""clf__base__max_features"": ""log2"", ""clf__base__min_samples_leaf"": 2, ""clf__base__n_estimators"": 400}",0.9928,0.9864646464646464,0.5833333333333334,0.98,0.7313432835820896,0.9997965825874696,0.9929292929292928,0.9963511048043788,0.8638471941932342,0.7532225280637488,0.9987919191919192,0.8995938982826599,0.9864434636970874,1.68,96.58,False,1f58d07,scikit-learn=1.9.1;imbalanced-learn=0.14.2;xgboost=3.4.1;lightgbm=4.7.0;numpy=2.5.3;pandas=3.0.6,2026-09-27T21:36:34Z
cicids2017,network_security,member_1,e3,c1_A_smotetomek,1,0,0,none,0.0,1.0,0.01,RF,0,1,2027,5000,5000,50,10,0.5,1.0,0.5,"{""clf__base__max_depth"": 16, ""clf__base__max_features"": ""sqrt"", ""clf__base__min_samples_leaf"": 2, ""clf__base__n_estimators"": 200}",0.9958,0.9483838383838384,0.7377049180327869,0.9,0.8108108108108109,0.998987649321725,0.9967676767676767,0.9978764283547376,0.9043436195827742,0.8127989186253394,0.9970767676767676,0.8978289269720101,0.9471488315417536,1.22,73.27,False,1f58d07,scikit-learn=1.9.1;imbalanced-learn=0.14.2;xgboost=3.4.1;lightgbm=4.7.0;numpy=2.5.3;pandas=3.0.6,2026-09-27T21:37:48Z
cicids2017,network_security,member_1,e3,c1_A_smotetomek,1,0,0,none,0.0,1.0,0.01,RF,1,0,3026,5000,5000,50,10,0.5,1.0,0.5,"{""clf__base__max_depth"": null, ""clf__base__max_features"": ""log2"", ""clf__base__min_samples_leaf"": 1, ""clf__base__n_estimators"": 400}",0.9944,0.9773737373737372,0.6486486486486487,0.96,0.7741935483870968,0.9995939910678034,0.9947474747474748,0.9971648440664236,0.8856791962267603,0.7867070759138498,0.9981939393939394,0.8981318561534187,0.977219307912802,1.48,89.5,False,1f58d07,scikit-learn=1.9.1;imbalanced-learn=0.14.2;xgboost=3.4.1;lightgbm=4.7.0;numpy=2.5.3;pandas=3.0.6,2026-09-27T21:39:17Z
cicids2017,network_security,member_1,e3,c1_A_smotetomek,1,0,0,none,0.0,1.0,0.01,RF,1,1,3027,5000,5000,50,10,0.5,1.0,0.5,"{""clf__base__max_depth"": null, ""clf__base__max_features"": ""log2"", ""clf__base__min_samples_leaf"": 1, ""clf__base__n_estimators"": 200}",0.9964,0.8991919191919192,0.8333333333333334,0.8,0.8163265306122449,0.9979806138933764,0.9983838383838384,0.9981821854170876,0.907254358014666,0.8146825271778451,0.9976626262626264,0.9131374742716166,0.8937041292883628,0.96,82.75,False,1f58d07,scikit-learn=1.9.1;imbalanced-learn=0.14.2;xgboost=3.4.1;lightgbm=4.7.0;numpy=2.5.3;pandas=3.0.6,2026-09-27T21:40:40Z
cicids2017,network_security,member_1,e3,c1_A_smotetomek,1,0,0,none,0.0,1.0,0.01,RF,2,0,4026,5000,5000,50,10,0.5,1.0,0.5,"{""clf__base__max_depth"": null, ""clf__base__max_features"": ""sqrt"", ""clf__base__min_samples_leaf"": 1, ""clf__base__n_estimators"": 200}",0.9968,0.938989898989899,0.8148148148148148,0.88,0.8461538461538461,0.9987868985038416,0.997979797979798,0.9983831851253032,0.9222685156395748,0.8451780095906017,0.99889898989899,0.9410302602819214,0.9371351141762976,1.08,73.32,False,1f58d07,scikit-learn=1.9.1;imbalanced-learn=0.14.2;xgboost=3.4.1;lightgbm=4.7.0;numpy=2.5.3;pandas=3.0.6,2026-09-27T21:41:53Z
cicids2017,network_security,member_1,e3,c1_A_smotetomek,1,0,0,none,0.0,1.0,0.01,RF,2,1,4027,5000,5000,50,10,0.5,1.0,0.5,"{""clf__base__max_depth"": 16, ""clf__base__max_features"": ""sqrt"", ""clf__base__min_samples_leaf"": 2, ""clf__base__n_estimators"": 400}",0.996,0.9385858585858586,0.7586206896551724,0.88,0.8148148148148148,0.998785916632942,0.9971717171717172,0.9979781641730692,0.906396489493942,0.8150924201800358,0.9973858585858586,0.883598567250936,0.9367556304133492,1.16,81.27,False,1f58d07,scikit-learn=1.9.1;imbalanced-learn=0.14.2;xgboost=3.4.1;lightgbm=4.7.0;numpy=2.5.3;pandas=3.0.6,2026-09-27T21:43:15Z
cicids2017,network_security,member_1,e3,c1_A_smotetomek,1,0,0,none,0.0,1.0,0.01,RF,3,0,5026,5000,5000,50,10,0.5,1.0,0.5,"{""clf__base__max_depth"": 16, ""clf__base__max_features"": ""sqrt"", ""clf__base__min_samples_leaf"": 2, ""clf__base__n_estimators"": 200}",0.9974,0.9887878787878788,0.8032786885245902,0.98,0.8828828828828829,0.999797529864345,0.9975757575757576,0.9986854080291232,0.9407841454560032,0.8860405422906098,0.999559595959596,0.9622503218644908,0.9887488267625112,1.22,72.37,False,1f58d07,scikit-learn=1.9.1;imbalanced-learn=0.14.2;xgboost=3.4.1;lightgbm=4.7.0;numpy=2.5.3;pandas=3.0.6,2026-09-27T21:44:27Z
cicids2017,network_security,member_1,e3,c1_A_smotetomek,1,0,0,none,0.0,1.0,0.01,RF,3,1,5027,5000,5000,50,10,0.5,1.0,0.5,"{""clf__base__max_depth"": null, ""clf__base__max_features"": ""sqrt"", ""clf__base__min_samples_leaf"": 2, ""clf__base__n_estimators"": 400}",0.994,0.9771717171717172,0.631578947368421,0.96,0.7619047619047619,0.9995938261575954,0.9943434343434344,0.9969617176422928,0.8794332397735274,0.7761157080944112,0.998662626262626,0.9299350990771358,0.9770208272957628,1.52,71.54,False,1f58d07,scikit-learn=1.9.1;imbalanced-learn=0.14.2;xgboost=3.4.1;lightgbm=4.7.0;numpy=2.5.3;pandas=3.0.6,2026-09-27T21:45:39Z
cicids2017,network_security,member_1,e3,c1_A_smotetomek,1,0,0,none,0.0,1.0,0.01,RF,4,0,6026,5000,5000,50,10,0.5,1.0,0.5,"{""clf__base__max_depth"": 16, ""clf__base__max_features"": ""sqrt"", ""clf__base__min_samples_leaf"": 2, ""clf__base__n_estimators"": 400}",0.995,0.9677777777777776,0.6811594202898551,0.94,0.7899159663865546,0.9993916041370918,0.9955555555555556,0.9974698917113652,0.8936929290489599,0.7979306309082607,0.9991272727272728,0.9303732232352756,0.967379047851576,1.38,66.65,False,1f58d07,scikit-learn=1.9.1;imbalanced-learn=0.14.2;xgboost=3.4.1;lightgbm=4.7.0;numpy=2.5.3;pandas=3.0.6,2026-09-27T21:46:46Z
cicids2017,network_security,member_1,e3,c1_A_smotetomek,1,0,0,none,0.0,1.0,0.01,RF,4,1,6027,5000,5000,50,10,0.5,1.0,0.5,"{""clf__base__max_depth"": null, ""clf__base__max_features"": ""sqrt"", ""clf__base__min_samples_leaf"": 1, ""clf__base__n_estimators"": 200}",0.9978,0.9691919191919192,0.8545454545454545,0.94,0.8952380952380953,0.9993933265925176,0.9983838383838384,0.9988883274381,0.9470632113380976,0.8951661025692756,0.998230303030303,0.876589252604895,0.9687521912650356,1.1,49.0,False,1f58d07,scikit-learn=1.9.1;imbalanced-learn=0.14.2;xgboost=3.4.1;lightgbm=4.7.0;numpy=2.5.3;pandas=3.0.6,2026-09-27T21:47:35Z
cicids2017,network_security,member_1,e3,c1_A_smotetomek,1,0,0,none,0.0,1.0,0.01,XGB,0,0,2026,5000,5000,50,10,0.5,1.0,0.5,"{""clf__base__colsample_bytree"": 0.8730309932691698, ""clf__base__learning_rate"": 0.199046962929904, ""clf__base__max_depth"": 8, ""clf__base__min_child_weight"": 3, ""clf__base__n_estimators"": 800, ""clf__base__reg_lambda"": 0.012097667712699732, ""clf__base__subsample"": 0.893015156710232}",0.9968,0.9884848484848484,0.765625,0.98,0.8596491228070176,0.9997974068071313,0.996969696969697,0.9983815496661946,0.929015336236606,0.8647511184336099,0.9997454545454546,0.9816438701805954,0.9884484321553164,1.28,33.29,False,1f58d07,scikit-learn=1.9.1;imbalanced-learn=0.14.2;xgboost=3.4.1;lightgbm=4.7.0;numpy=2.5.3;pandas=3.0.6,2026-09-27T21:48:08Z
cicids2017,network_security,member_1,e3,c1_A_smotetomek,1,0,0,none,0.0,1.0,0.01,XGB,0,1,2027,5000,5000,50,10,0.5,1.0,0.5,"{""clf__base__colsample_bytree"": 0.8747685538575937, ""clf__base__learning_rate"": 0.13595931129996275, ""clf__base__max_depth"": 8, ""clf__base__min_child_weight"": 3, ""clf__base__n_estimators"": 400, ""clf__base__reg_lambda"": 0.1965471606749867, ""clf__base__subsample"": 0.6688106351596295}",0.9974,0.9392929292929292,0.8627450980392157,0.88,0.8712871287128713,0.9987876338654272,0.9985858585858586,0.9986867360339428,0.934986932373407,0.8700175141686868,0.9991555555555556,0.9418758365926478,0.9374196261843228,1.02,34.36,False,1f58d07,scikit-learn=1.9.1;imbalanced-learn=0.14.2;xgboost=3.4.1;lightgbm=4.7.0;numpy=2.5.3;pandas=3.0.6,2026-09-27T21:48:43Z
cicids2017,network_security,member_1,e3,c1_A_smotetomek,1,0,0,none,0.0,1.0,0.01,XGB,1,0,3026,5000,5000,50,10,0.5,1.0,0.5,"{""clf__base__colsample_bytree"": 0.9309234777238906, ""clf__base__learning_rate"": 0.04043516810958894, ""clf__base__max_depth"": 6, ""clf__base__min_child_weight"": 1, ""clf__base__n_estimators"": 800, ""clf__base__reg_lambda"": 0.07885568670293347, ""clf__base__subsample"": 0.6164565020946385}",0.9972,0.9787878787878788,0.8,0.96,0.8727272727272727,0.9995951417004048,0.9975757575757576,0.9985844287158746,0.9356558507215736,0.8750273844672865,0.999359595959596,0.9617452764538044,0.97860754507245,1.2,114.82,False,1f58d07,scikit-learn=1.9.1;imbalanced-learn=0.14.2;xgboost=3.4.1;lightgbm=4.7.0;numpy=2.5.3;pandas=3.0.6,2026-09-27T21:51:19Z
cicids2017,network_security,member_1,e3,c1_A_smotetomek,1,0,0,none,0.0,1.0,0.01,XGB,1,1,3027,5000,5000,50,10,0.5,1.0,0.5,"{""clf__base__colsample_bytree"": 0.8738352782317484, ""clf__base__learning_rate"": 0.01849946205195965, ""clf__base__max_depth"": 6, ""clf__base__min_child_weight"": 3, ""clf__base__n_estimators"": 800, ""clf__base__reg_lambda"": 0.7473652417625635, ""clf__base__subsample"": 0.7318780094224386}",0.9978,0.9394949494949496,0.8979591836734694,0.88,0.8888888888888888,0.9987881236113916,0.998989898989899,0.9988890011109988,0.943888944999944,0.8878242084161616,0.9993979797979796,0.9611566816309692,0.9376092528932888,0.98,108.32,False,1f58d07,scikit-learn=1.9.1;imbalanced-learn=0.14.2;xgboost=3.4.1;lightgbm=4.7.0;numpy=2.5.3;pandas=3.0.6,2026-09-27T21:53:08Z
cicids2017,network_security,member_1,e3,c1_A_smotetomek,1,0,0,none,0.0,1.0,0.01,XGB,2,0,4026,5000,5000,50,10,0.5,1.0,0.5,"{""clf__base__colsample_bytree"": 0.659630670299126, ""clf__base__learning_rate"": 0.03834557874295529, ""clf__base__max_depth"": 4, ""clf__base__min_child_weight"": 1, ""clf__base__n_estimators"": 800, ""clf__base__reg_lambda"": 0.0752355555373566, ""clf__base__subsample"": 0.6669423150701586}",0.9974,0.9392929292929292,0.8627450980392157,0.88,0.8712871287128713,0.9987876338654272,0.9985858585858586,0.9986867360339428,0.934986932373407,0.8700175141686868,0.9995474747474749,0.969058842144202,0.9374196261843228,1.02,107.42,False,1f58d07,scikit-learn=1.9.1;imbalanced-learn=0.14.2;xgboost=3.4.1;lightgbm=4.7.0;numpy=2.5.3;pandas=3.0.6,2026-09-27T21:54:55Z
cicids2017,network_security,member_1,e3,c1_A_smotetomek,1,0,0,none,0.0,1.0,0.01,XGB,2,1,4027,5000,5000,50,10,0.5,1.0,0.5,"{""clf__base__colsample_bytree"": 0.622119288546256, ""clf__base__learning_rate"": 0.11484598443286205, ""clf__base__max_depth"": 4, ""clf__base__min_child_weight"": 5, ""clf__base__n_estimators"": 400, ""clf__base__reg_lambda"": 0.1512724105705654, ""clf__base__subsample"": 0.6247766555301236}",0.997,0.9687878787878788,0.7966101694915254,0.94,0.8623853211009175,0.9993928354584092,0.9975757575757576,0.9984834698210494,0.9304343954609836,0.8638941604146393,0.9995050505050505,0.9609587749361664,0.9683600632622208,1.18,108.96,False,1f58d07,scikit-learn=1.9.1;imbalanced-learn=0.14.2;xgboost=3.4.1;lightgbm=4.7.0;numpy=2.5.3;pandas=3.0.6,2026-09-27T21:56:44Z
cicids2017,network_security,member_1,e3,c1_A_smotetomek,1,0,0,none,0.0,1.0,0.01,XGB,3,0,5026,5000,5000,50,10,0.5,1.0,0.5,"{""clf__base__colsample_bytree"": 0.7808019843847107, ""clf__base__learning_rate"": 0.1307315008906521, ""clf__base__max_depth"": 3, ""clf__base__min_child_weight"": 3, ""clf__base__n_estimators"": 800, ""clf__base__reg_lambda"": 0.4515036359386654, ""clf__base__subsample"": 0.7381495117993713}",0.9986,0.9794949494949494,0.9056603773584906,0.96,0.9320388349514565,0.9995957145744896,0.998989898989899,0.9992927149641304,0.9656657749577936,0.93173571798166,0.999779797979798,0.9785229255805528,0.9793009256762208,1.06,90.24,False,1f58d07,scikit-learn=1.9.1;imbalanced-learn=0.14.2;xgboost=3.4.1;lightgbm=4.7.0;numpy=2.5.3;pandas=3.0.6,2026-09-27T21:58:15Z
cicids2017,network_security,member_1,e3,c1_A_smotetomek,1,0,0,none,0.0,1.0,0.01,XGB,3,1,5027,5000,5000,50,10,0.5,1.0,0.5,"{""clf__base__colsample_bytree"": 0.8405279927109883, ""clf__base__learning_rate"": 0.03965143905411441, ""clf__base__max_depth"": 8, ""clf__base__min_child_weight"": 1, ""clf__base__n_estimators"": 400, ""clf__base__reg_lambda"": 0.025783651592417578, ""clf__base__subsample"": 0.6276769187790308}",0.9964,0.9684848484848484,0.7580645161290323,0.94,0.8392857142857143,0.9993924665856622,0.996969696969697,0.9981796116504854,0.9187326629681,0.8424453926289633,0.999480808080808,0.9703003003549104,0.968065863023542,1.24,110.13,False,1f58d07,scikit-learn=1.9.1;imbalanced-learn=0.14.2;xgboost=3.4.1;lightgbm=4.7.0;numpy=2.5.3;pandas=3.0.6,2026-09-27T22:00:05Z
cicids2017,network_security,member_1,e3,c1_A_smotetomek,1,0,0,none,0.0,1.0,0.01,XGB,4,0,6026,5000,5000,50,10,0.5,1.0,0.5,"{""clf__base__colsample_bytree"": 0.6430964645008799, ""clf__base__learning_rate"": 0.11900147712804574, ""clf__base__max_depth"": 6, ""clf__base__min_child_weight"": 3, ""clf__base__n_estimators"": 800, ""clf__base__reg_lambda"": 5.320668227960565, ""clf__base__subsample"": 0.8406463455818014}",0.9978,0.9691919191919192,0.8545454545454545,0.94,0.8952380952380953,0.9993933265925176,0.9983838383838384,0.9988883274381,0.9470632113380976,0.8951661025692756,0.9994666666666668,0.9725674133362208,0.9687521912650356,1.1,78.7,False,1f58d07,scikit-learn=1.9.1;imbalanced-learn=0.14.2;xgboost=3.4.1;lightgbm=4.7.0;numpy=2.5.3;pandas=3.0.6,2026-09-27T22:01:24Z
cicids2017,network_security,member_1,e3,c1_A_smotetomek,1,0,0,none,0.0,1.0,0.01,XGB,4,1,6027,5000,5000,50,10,0.5,1.0,0.5,"{""clf__base__colsample_bytree"": 0.845628157608431, ""clf__base__learning_rate"": 0.024139440612952298, ""clf__base__max_depth"": 4, ""clf__base__min_child_weight"": 5, ""clf__base__n_estimators"": 400, ""clf__base__reg_lambda"": 1.1629742668675835, ""clf__base__subsample"": 0.8451265204139611}",0.9972,0.9688888888888888,0.8103448275862069,0.94,0.8703703703703703,0.999392958316471,0.9977777777777778,0.9985847149211484,0.9344775426457594,0.8714092617401489,0.9988868686868686,0.9435972203317646,0.9684581101478325,1.16,75.64,False,1f58d07,scikit-learn=1.9.1;imbalanced-learn=0.14.2;xgboost=3.4.1;lightgbm=4.7.0;numpy=2.5.3;pandas=3.0.6,2026-09-27T22:02:40Z
cicids2017,network_security,member_1,e3,c2_B_weights,0,1,0,orig,1.0,0.0,0.01,LR,0,0,2026,5000,5000,50,10,0.01,1.0,0.5,"{""clf__base__C"": 86.64678862932995}",0.942,0.9707070707070706,0.1470588235294117,1.0,0.2564102564102564,1.0,0.9414141414141414,0.9698231009365244,0.6131166786733904,0.3720796367584699,0.9906909090909092,0.3974489181721684,0.970264985153098,6.800000000000001,15.85,False,1f58d07,scikit-learn=1.9.1;imbalanced-learn=0.14.2;xgboost=3.4.1;lightgbm=4.7.0;numpy=2.5.3;pandas=3.0.6,2026-09-27T21:49:40Z
cicids2017,network_security,member_1,e3,c2_B_weights,0,1,0,orig,1.0,0.0,0.01,LR,0,1,2027,5000,5000,50,10,0.01,1.0,0.5,"{""clf__base__C"": 33.09421283700199}",0.941,0.9306060606060608,0.1364985163204747,0.92,0.2377260981912144,0.9991421831438988,0.9412121212121212,0.9693123894725892,0.6035192438319018,0.3417827007155409,0.9227737373737372,0.2631259713015231,0.9305456203298964,6.74,25.12,False,1f58d07,scikit-learn=1.9.1;imbalanced-learn=0.14.2;xgboost=3.4.1;lightgbm=4.7.0;numpy=2.5.3;pandas=3.0.6,2026-09-27T21:50:06Z
cicids2017,network_security,member_1,e3,c2_B_weights,0,1,0,orig,1.0,0.0,0.01,LR,1,0,3026,5000,5000,50,10,0.01,1.0,0.5,"{""clf__base__C"": 95.41248660376695}",0.9416,0.9705050505050504,0.1461988304093567,1.0,0.2551020408163265,1.0,0.941010101010101,0.969608659450458,0.6123553501333923,0.3709104692120019,0.986080808080808,0.2750386008839581,0.9700567514378224,6.84,21.66,False,1f58d07,scikit-learn=1.9.1;imbalanced-learn=0.14.2;xgboost=3.4.1;lightgbm=4.7.0;numpy=2.5.3;pandas=3.0.6,2026-09-27T21:50:27Z
cicids2017,network_security,member_1,e3,c2_B_weights,0,1,0,orig,1.0,0.0,0.01,LR,1,1,3027,5000,5000,50,10,0.01,1.0,0.5,"{""clf__base__C"": 2.427560843432097}",0.937,0.9285858585858586,0.1288515406162464,0.92,0.226044226044226,0.9991384880465216,0.9371717171717172,0.9671635567601377,0.5966038914021818,0.331224142613008,0.915539393939394,0.1769289455578219,0.9285461646024822,7.140000000000001,27.1,False,1f58d07,scikit-learn=1.9.1;imbalanced-learn=0.14.2;xgboost=3.4.1;lightgbm=4.7.0;numpy=2.5.3;pandas=3.0.6,2026-09-27T21:50:55Z
cicids2017,network_security,member_1,e3,c2_B_weights,0,1,0,orig,1.0,0.0,0.01,LR,2,0,4026,5000,5000,50,10,0.01,1.0,0.5,"{""clf__base__C"": 11.333229684537264}",0.938,0.9587878787878787,0.1368715083798882,0.98,0.2401960784313725,0.9997845756139596,0.9375757575757576,0.9676814011676396,0.6039387397995061,0.3541077657973505,0.9747272727272728,0.2560505956301248,0.9585532027092928,7.159999999999999,12.8,False,1f58d07,scikit-learn=1.9.1;imbalanced-learn=0.14.2;xgboost=3.4.1;lightgbm=4.7.0;numpy=2.5.3;pandas=3.0.6,2026-09-27T21:51:08Z
cicids2017,network_security,member_1,e3,c2_B_weights,0,1,0,orig,1.0,0.0,0.01,LR,2,1,4027,5000,5000,50,10,0.01,1.0,0.5,"{""clf__base__C"": 80.93579062656904}",0.9402,0.95,0.1391304347826087,0.96,0.2430379746835443,0.9995703544575724,0.94,0.9688703800104111,0.6059541773469778,0.3533138977116001,0.9556686868686868,0.2965106583980559,0.9499473669630332,6.9,13.85,False,1f58d07,scikit-learn=1.9.1;imbalanced-learn=0.14.2;xgboost=3.4.1;lightgbm=4.7.0;numpy=2.5.3;pandas=3.0.6,2026-09-27T21:51:22Z
cicids2017,network_security,member_1,e3,c2_B_weights,0,1,0,orig,1.0,0.0,0.01,LR,3,0,5026,5000,5000,50,10,0.01,1.0,0.5,"{""clf__base__C"": 68.96511808116286}",0.9598,0.9697979797979798,0.1967871485943775,0.98,0.3277591973244147,0.9997895179962112,0.9595959595959596,0.9792804865477786,0.6535198419360966,0.4297704523107182,0.97610101010101,0.2367802742226781,0.9697443170259056,4.98,17.7,False,1f58d07,scikit-learn=1.9.1;imbalanced-learn=0.14.2;xgboost=3.4.1;lightgbm=4.7.0;numpy=2.5.3;pandas=3.0.6,2026-09-27T21:51:39Z
cicids2017,network_security,member_1,e3,c2_B_weights,0,1,0,orig,1.0,0.0,0.01,LR,3,1,5027,5000,5000,50,10,0.01,1.0,0.5,"{""clf__base__C"": 14.586511895863424}",0.9354,0.9475757575757576,0.1300813008130081,0.96,0.2291169451073985,0.999568127834161,0.9351515151515152,0.966287443899384,0.5977021945033913,0.340669755763616,0.9700484848484848,0.356073112477793,0.9474943031730876,7.38,20.11,False,1f58d07,scikit-learn=1.9.1;imbalanced-learn=0.14.2;xgboost=3.4.1;lightgbm=4.7.0;numpy=2.5.3;pandas=3.0.6,2026-09-27T21:52:00Z
cicids2017,network_security,member_1,e3,c2_B_weights,0,1,0,orig,1.0,0.0,0.01,LR,4,0,6026,5000,5000,50,10,0.01,1.0,0.5,"{""clf__base__C"": 73.66417088381552}",0.9428,0.9414141414141414,0.1424242424242424,0.94,0.2473684210526315,0.999357601713062,0.9428282828282828,0.9702702702702702,0.6088193456614509,0.3537923430431526,0.9480282828282828,0.3206484849867716,0.9414130792901624,6.6000000000000005,17.44,False,1f58d07,scikit-learn=1.9.1;imbalanced-learn=0.14.2;xgboost=3.4.1;lightgbm=4.7.0;numpy=2.5.3;pandas=3.0.6,2026-09-27T21:52:17Z
cicids2017,network_security,member_1,e3,c2_B_weights,0,1,0,orig,1.0,0.0,0.01,LR,4,1,6027,5000,5000,50,10,0.01,1.0,0.5,"{""clf__base__C"": 89.78839453758782}",0.9504,0.974949494949495,0.1677852348993288,1.0,0.2873563218390804,1.0,0.94989898989899,0.9743058433485288,0.6308310825938046,0.3992230268294118,0.9874020202020202,0.2799251201248649,0.9746276160149526,5.96,20.47,False,1f58d07,scikit-learn=1.9.1;imbalanced-learn=0.14.2;xgboost=3.4.1;lightgbm=4.7.0;numpy=2.5.3;pandas=3.0.6,2026-09-27T21:52:38Z
cicids2017,network_security,member_1,e3,c2_B_weights,0,1,0,orig,1.0,0.0,0.01,RF,0,0,2026,5000,5000,50,10,0.01,1.0,0.5,"{""clf__base__max_depth"": 16, ""clf__base__max_features"": ""sqrt"", ""clf__base__min_samples_leaf"": 1, ""clf__base__n_estimators"": 400}",0.9968,0.9983838383838384,0.7575757575757576,1.0,0.8620689655172413,1.0,0.9967676767676767,0.9983812221772562,0.9302250938472488,0.868980453091035,0.999559595959596,0.960508085969194,0.9983825302796904,1.32,53.74,False,1f58d07,scikit-learn=1.9.1;imbalanced-learn=0.14.2;xgboost=3.4.1;lightgbm=4.7.0;numpy=2.5.3;pandas=3.0.6,2026-09-27T21:50:18Z
cicids2017,network_security,member_1,e3,c2_B_weights,0,1,0,orig,1.0,0.0,0.01,RF,0,1,2027,5000,5000,50,10,0.01,1.0,0.5,"{""clf__base__max_depth"": 16, ""clf__base__max_features"": ""sqrt"", ""clf__base__min_samples_leaf"": 2, ""clf__base__n_estimators"": 200}",0.9962,0.9485858585858586,0.7627118644067796,0.9,0.8256880733944955,0.9989880590973488,0.9971717171717172,0.9980790617733292,0.9118835675839124,0.8266653666023299,0.9970666666666668,0.8974015282926425,0.9473407757795216,1.18,29.29,False,1f58d07,scikit-learn=1.9.1;imbalanced-learn=0.14.2;xgboost=3.4.1;lightgbm=4.7.0;numpy=2.5.3;pandas=3.0.6,2026-09-27T21:50:48Z
cicids2017,network_security,member_1,e3,c2_B_weights,0,1,0,orig,1.0,0.0,0.01,RF,1,0,3026,5000,5000,50,10,0.01,1.0,0.5,"{""clf__base__max_depth"": null, ""clf__base__max_features"": ""log2"", ""clf__base__min_samples_leaf"": 1, ""clf__base__n_estimators"": 400}",0.9964,0.9585858585858588,0.7666666666666667,0.92,0.8363636363636363,0.9991902834008096,0.9971717171717172,0.9981799797775532,0.9172718080705948,0.838106397780903,0.9985676767676768,0.8709445446654726,0.9578089474409704,1.2,40.35,False,1f58d07,scikit-learn=1.9.1;imbalanced-learn=0.14.2;xgboost=3.4.1;lightgbm=4.7.0;numpy=2.5.3;pandas=3.0.6,2026-09-27T21:51:28Z
cicids2017,network_security,member_1,e3,c2_B_weights,0,1,0,orig,1.0,0.0,0.01,RF,1,1,3027,5000,5000,50,10,0.01,1.0,0.5,"{""clf__base__max_depth"": null, ""clf__base__max_features"": ""log2"", ""clf__base__min_samples_leaf"": 1, ""clf__base__n_estimators"": 200}",0.9968,0.8894949494949496,0.8863636363636364,0.78,0.8297872340425532,0.9977804681194512,0.998989898989899,0.9983848172824552,0.914086025662504,0.829903203177211,0.998119191919192,0.9196563890758278,0.8827299254087408,0.88,44.84,False,1f58d07,scikit-learn=1.9.1;imbalanced-learn=0.14.2;xgboost=3.4.1;lightgbm=4.7.0;numpy=2.5.3;pandas=3.0.6,2026-09-27T21:52:13Z
cicids2017,network_security,member_1,e3,c2_B_weights,0,1,0,orig,1.0,0.0,0.01,RF,2,0,4026,5000,5000,50,10,0.01,1.0,0.5,"{""clf__base__max_depth"": null, ""clf__base__max_features"": ""sqrt"", ""clf__base__min_samples_leaf"": 1, ""clf__base__n_estimators"": 200}",0.998,0.9692929292929292,0.8703703703703703,0.94,0.903846153846154,0.9993934492519208,0.9985858585858586,0.9989894907033144,0.951417822274734,0.9035197958025624,0.9995535353535354,0.963344484581762,0.9688501984675996,1.08,34.02,False,1f58d07,scikit-learn=1.9.1;imbalanced-learn=0.14.2;xgboost=3.4.1;lightgbm=4.7.0;numpy=2.5.3;pandas=3.0.6,2026-09-27T21:52:47Z
cicids2017,network_security,member_1,e3,c2_B_weights,0,1,0,orig,1.0,0.0,0.01,RF,2,1,4027,5000,5000,50,10,0.01,1.0,0.5,"{""clf__base__max_depth"": 16, ""clf__base__max_features"": ""sqrt"", ""clf__base__min_samples_leaf"": 2, ""clf__base__n_estimators"": 400}",0.9958,0.9483838383838384,0.7377049180327869,0.9,0.8108108108108109,0.998987649321725,0.9967676767676767,0.9978764283547376,0.9043436195827742,0.8127989186253394,0.9981333333333332,0.8969854362189612,0.9471488315417536,1.22,36.96,False,1f58d07,scikit-learn=1.9.1;imbalanced-learn=0.14.2;xgboost=3.4.1;lightgbm=4.7.0;numpy=2.5.3;pandas=3.0.6,2026-09-27T21:53:24Z
cicids2017,network_security,member_1,e3,c2_B_weights,0,1,0,orig,1.0,0.0,0.01,RF,3,0,5026,5000,5000,50,10,0.01,1.0,0.5,"{""clf__base__max_depth"": 16, ""clf__base__max_features"": ""sqrt"", ""clf__base__min_samples_leaf"": 2, ""clf__base__n_estimators"": 400}",0.9976,0.9888888888888888,0.8166666666666667,0.98,0.8909090909090909,0.9997975708502024,0.9977777777777778,0.9987866531850352,0.9448478720470632,0.8934878778104781,0.9994949494949495,0.9405739822288322,0.9888489380194642,1.2,41.84,False,1f58d07,scikit-learn=1.9.1;imbalanced-learn=0.14.2;xgboost=3.4.1;lightgbm=4.7.0;numpy=2.5.3;pandas=3.0.6,2026-09-27T21:54:06Z
cicids2017,network_security,member_1,e3,c2_B_weights,0,1,0,orig,1.0,0.0,0.01,RF,3,1,5027,5000,5000,50,10,0.01,1.0,0.5,"{""clf__base__max_depth"": null, ""clf__base__max_features"": ""log2"", ""clf__base__min_samples_leaf"": 1, ""clf__base__n_estimators"": 400}",0.9966,0.9586868686868688,0.7796610169491526,0.92,0.8440366972477065,0.999190447277879,0.9973737373737374,0.9982812657971892,0.921158981522448,0.8452797635084845,0.9988969696969696,0.9328209397110232,0.9579059653138392,1.18,46.18,False,1f58d07,scikit-learn=1.9.1;imbalanced-learn=0.14.2;xgboost=3.4.1;lightgbm=4.7.0;numpy=2.5.3;pandas=3.0.6,2026-09-27T21:54:52Z
cicids2017,network_security,member_1,e3,c2_B_weights,0,1,0,orig,1.0,0.0,0.01,RF,4,0,6026,5000,5000,50,10,0.01,1.0,0.5,"{""clf__base__max_depth"": null, ""clf__base__max_features"": ""sqrt"", ""clf__base__min_samples_leaf"": 2, ""clf__base__n_estimators"": 400}",0.9956,0.9581818181818182,0.71875,0.92,0.8070175438596491,0.9991896272285252,0.9963636363636365,0.9977746307910176,0.9023960873253334,0.8111065081089442,0.9993212121212122,0.9485865476620104,0.9574207776388318,1.28,46.09,False,1f58d07,scikit-learn=1.9.1;imbalanced-learn=0.14.2;xgboost=3.4.1;lightgbm=4.7.0;numpy=2.5.3;pandas=3.0.6,2026-09-27T21:55:39Z
cicids2017,network_security,member_1,e3,c2_B_weights,0,1,0,orig,1.0,0.0,0.01,RF,4,1,6027,5000,5000,50,10,0.01,1.0,0.5,"{""clf__base__max_depth"": null, ""clf__base__max_features"": ""sqrt"", ""clf__base__min_samples_leaf"": 1, ""clf__base__n_estimators"": 200}",0.998,0.9692929292929292,0.8703703703703703,0.94,0.903846153846154,0.9993934492519208,0.9985858585858586,0.9989894907033144,0.951417822274734,0.9035197958025624,0.9986787878787878,0.8770837248734347,0.9688501984675996,1.08,33.44,False,1f58d07,scikit-learn=1.9.1;imbalanced-learn=0.14.2;xgboost=3.4.1;lightgbm=4.7.0;numpy=2.5.3;pandas=3.0.6,2026-09-27T21:56:12Z
cicids2017,network_security,member_1,e3,c2_B_weights,0,1,0,orig,1.0,0.0,0.01,XGB,0,0,2026,5000,5000,50,10,0.01,1.0,0.5,"{""clf__base__colsample_bytree"": 0.8730309932691698, ""clf__base__learning_rate"": 0.199046962929904, ""clf__base__max_depth"": 8, ""clf__base__min_child_weight"": 3, ""clf__base__n_estimators"": 800, ""clf__base__reg_lambda"": 0.012097667712699732, ""clf__base__subsample"": 0.893015156710232}",0.9992,0.9797979797979798,0.96,0.96,0.96,0.9995959595959596,0.9995959595959596,0.9995959595959596,0.9797979797979798,0.9595959595959596,0.999761616161616,0.9880143755615456,0.9795979385503631,1.0,35.95,False,1f58d07,scikit-learn=1.9.1;imbalanced-learn=0.14.2;xgboost=3.4.1;lightgbm=4.7.0;numpy=2.5.3;pandas=3.0.6,2026-09-27T22:03:16Z
cicids2017,network_security,member_1,e3,c2_B_weights,0,1,0,orig,1.0,0.0,0.01,XGB,0,1,2027,5000,5000,50,10,0.01,1.0,0.5,"{""clf__base__colsample_bytree"": 0.9206269033670733, ""clf__base__learning_rate"": 0.21639357680112015, ""clf__base__max_depth"": 3, ""clf__base__min_child_weight"": 1, ""clf__base__n_estimators"": 200, ""clf__base__reg_lambda"": 0.39950328397895196, ""clf__base__subsample"": 0.643985800858856}",0.9984,0.9694949494949494,0.903846153846154,0.94,0.9215686274509804,0.9993936944219888,0.998989898989899,0.9991917559102848,0.9603801916806326,0.9209414171862156,0.9993272727272728,0.9258432409505474,0.9690461831360284,1.04,35.75,False,1f58d07,scikit-learn=1.9.1;imbalanced-learn=0.14.2;xgboost=3.4.1;lightgbm=4.7.0;numpy=2.5.3;pandas=3.0.6,2026-09-27T22:03:52Z
cicids2017,network_security,member_1,e3,c2_B_weights,0,1,0,orig,1.0,0.0,0.01,XGB,1,0,3026,5000,5000,50,10,0.01,1.0,0.5,"{""clf__base__colsample_bytree"": 0.6750002232167834, ""clf__base__learning_rate"": 0.055707861774863386, ""clf__base__max_depth"": 4, ""clf__base__min_child_weight"": 1, ""clf__base__n_estimators"": 800, ""clf__base__reg_lambda"": 0.08372426491886341, ""clf__base__subsample"": 0.7362258226856279}",0.9976,0.9591919191919192,0.8518518518518519,0.92,0.8846153846153846,0.9991912656692276,0.9983838383838384,0.9987873888439772,0.941701386729681,0.8840725337319089,0.9993717171717172,0.9576004442426708,0.9583909073614646,1.08,53.39,False,1f58d07,scikit-learn=1.9.1;imbalanced-learn=0.14.2;xgboost=3.4.1;lightgbm=4.7.0;numpy=2.5.3;pandas=3.0.6,2026-09-27T22:04:45Z
cicids2017,network_security,member_1,e3,c2_B_weights,0,1,0,orig,1.0,0.0,0.01,XGB,1,1,3027,5000,5000,50,10,0.01,1.0,0.5,"{""clf__base__colsample_bytree"": 0.8482827391756707, ""clf__base__learning_rate"": 0.08131230450991951, ""clf__base__max_depth"": 3, ""clf__base__min_child_weight"": 1, ""clf__base__n_estimators"": 800, ""clf__base__reg_lambda"": 4.380651853338851, ""clf__base__subsample"": 0.8913932215447226}",0.998,0.9395959595959597,0.9166666666666666,0.88,0.8979591836734694,0.9987883683360258,0.9991919191919192,0.998990103009493,0.9484746433414812,0.8971402728436189,0.9993656565656566,0.9592606694924206,0.9377040518675862,0.96,52.78,False,1f58d07,scikit-learn=1.9.1;imbalanced-learn=0.14.2;xgboost=3.4.1;lightgbm=4.7.0;numpy=2.5.3;pandas=3.0.6,2026-09-27T22:05:38Z
cicids2017,network_security,member_1,e3,c2_B_weights,0,1,0,orig,1.0,0.0,0.01,XGB,2,0,4026,5000,5000,50,10,0.01,1.0,0.5,"{""clf__base__colsample_bytree"": 0.659630670299126, ""clf__base__learning_rate"": 0.03834557874295529, ""clf__base__max_depth"": 4, ""clf__base__min_child_weight"": 1, ""clf__base__n_estimators"": 800, ""clf__base__reg_lambda"": 0.0752355555373566, ""clf__base__subsample"": 0.6669423150701586}",0.9988,0.9696969696969696,0.94,0.94,0.94,0.9993939393939394,0.9993939393939394,0.9993939393939394,0.9696969696969696,0.9393939393939394,0.9997818181818182,0.983536609491268,0.9692421281755672,1.0,60.4,False,1f58d07,scikit-learn=1.9.1;imbalanced-learn=0.14.2;xgboost=3.4.1;lightgbm=4.7.0;numpy=2.5.3;pandas=3.0.6,2026-09-27T22:06:39Z
cicids2017,network_security,member_1,e3,c2_B_weights,0,1,0,orig,1.0,0.0,0.01,XGB,2,1,4027,5000,5000,50,10,0.01,1.0,0.5,"{""clf__base__colsample_bytree"": 0.6559882439510808, ""clf__base__learning_rate"": 0.08120637239751023, ""clf__base__max_depth"": 4, ""clf__base__min_child_weight"": 1, ""clf__base__n_estimators"": 800, ""clf__base__reg_lambda"": 0.12873875292508413, ""clf__base__subsample"": 0.9865367520977653}",0.9986,0.9794949494949494,0.9056603773584906,0.96,0.9320388349514565,0.9995957145744896,0.998989898989899,0.9992927149641304,0.9656657749577936,0.93173571798166,0.9996323232323232,0.9682077512167834,0.9793009256762208,1.06,60.63,False,1f58d07,scikit-learn=1.9.1;imbalanced-learn=0.14.2;xgboost=3.4.1;lightgbm=4.7.0;numpy=2.5.3;pandas=3.0.6,2026-09-27T22:07:40Z
cicids2017,network_security,member_1,e3,c2_B_weights,0,1,0,orig,1.0,0.0,0.01,XGB,3,0,5026,5000,5000,50,10,0.01,1.0,0.5,"{""clf__base__colsample_bytree"": 0.7808019843847107, ""clf__base__learning_rate"": 0.1307315008906521, ""clf__base__max_depth"": 3, ""clf__base__min_child_weight"": 3, ""clf__base__n_estimators"": 800, ""clf__base__reg_lambda"": 0.4515036359386654, ""clf__base__subsample"": 0.7381495117993713}",0.9988,0.9696969696969696,0.94,0.94,0.94,0.9993939393939394,0.9993939393939394,0.9993939393939394,0.9696969696969696,0.9393939393939394,0.999719191919192,0.9782270614764084,0.9692421281755672,1.0,41.71,False,1f58d07,scikit-learn=1.9.1;imbalanced-learn=0.14.2;xgboost=3.4.1;lightgbm=4.7.0;numpy=2.5.3;pandas=3.0.6,2026-09-27T22:08:21Z
cicids2017,network_security,member_1,e3,c2_B_weights,0,1,0,orig,1.0,0.0,0.01,XGB,3,1,5027,5000,5000,50,10,0.01,1.0,0.5,"{""clf__base__colsample_bytree"": 0.8618637240825485, ""clf__base__learning_rate"": 0.24920359397357883, ""clf__base__max_depth"": 6, ""clf__base__min_child_weight"": 1, ""clf__base__n_estimators"": 800, ""clf__base__reg_lambda"": 0.2723466933997092, ""clf__base__subsample"": 0.7486647947789067}",0.9984,0.9694949494949494,0.903846153846154,0.94,0.9215686274509804,0.9993936944219888,0.998989898989899,0.9991917559102848,0.9603801916806326,0.9209414171862156,0.9993757575757576,0.9656018000405756,0.9690461831360284,1.04,48.71,False,1f58d07,scikit-learn=1.9.1;imbalanced-learn=0.14.2;xgboost=3.4.1;lightgbm=4.7.0;numpy=2.5.3;pandas=3.0.6,2026-09-27T22:09:10Z
cicids2017,network_security,member_1,e3,c2_B_weights,0,1,0,orig,1.0,0.0,0.01,XGB,4,0,6026,5000,5000,50,10,0.01,1.0,0.5,"{""clf__base__colsample_bytree"": 0.708267051973608, ""clf__base__learning_rate"": 0.28455392508376126, ""clf__base__max_depth"": 6, ""clf__base__min_child_weight"": 3, ""clf__base__n_estimators"": 800, ""clf__base__reg_lambda"": 9.393317723633603, ""clf__base__subsample"": 0.7134007472138406}",0.9988,0.9696969696969696,0.94,0.94,0.94,0.9993939393939394,0.9993939393939394,0.9993939393939394,0.9696969696969696,0.9393939393939394,0.9998666666666668,0.9885904835052302,0.9692421281755672,1.0,37.3,False,1f58d07,scikit-learn=1.9.1;imbalanced-learn=0.14.2;xgboost=3.4.1;lightgbm=4.7.0;numpy=2.5.3;pandas=3.0.6,2026-09-27T22:09:48Z
cicids2017,network_security,member_1,e3,c2_B_weights,0,1,0,orig,1.0,0.0,0.01,XGB,4,1,6027,5000,5000,50,10,0.01,1.0,0.5,"{""clf__base__colsample_bytree"": 0.9962576164977475, ""clf__base__learning_rate"": 0.03423548596985521, ""clf__base__max_depth"": 8, ""clf__base__min_child_weight"": 3, ""clf__base__n_estimators"": 200, ""clf__base__reg_lambda"": 0.05550509218069603, ""clf__base__subsample"": 0.9491643683623555}",0.9974,0.968989898989899,0.8245614035087719,0.94,0.8785046728971962,0.999393081124823,0.997979797979798,0.9986859395532196,0.938595306225208,0.879120390527468,0.9983616161616162,0.928072474414995,0.9685561471081632,1.14,34.11,False,1f58d07,scikit-learn=1.9.1;imbalanced-learn=0.14.2;xgboost=3.4.1;lightgbm=4.7.0;numpy=2.5.3;pandas=3.0.6,2026-09-27T22:10:22Z
cicids2017,network_security,member_1,e3,c4_AB_smotetomek_weights,1,1,0,orig,1.0,1.0,0.01,LR,0,0,2026,5000,5000,50,10,0.5,99.0,0.5,"{""clf__base__C"": 86.64678862932995}",0.9274,0.9633333333333334,0.1210653753026634,1.0,0.2159827213822894,1.0,0.9266666666666666,0.9619377162629758,0.5889602188226326,0.3349436486641717,0.9710262626262626,0.1453389558039138,0.9626352718795768,8.26,23.05,False,1f58d07,scikit-learn=1.9.1;imbalanced-learn=0.14.2;xgboost=3.4.1;lightgbm=4.7.0;numpy=2.5.3;pandas=3.0.6,2026-09-27T21:53:08Z
cicids2017,network_security,member_1,e3,c4_AB_smotetomek_weights,1,1,0,orig,1.0,1.0,0.01,LR,0,1,2027,5000,5000,50,10,0.5,99.0,0.5,"{""clf__base__C"": 33.09421283700199}",0.927,0.9235353535353537,0.113022113022113,0.92,0.2013129102844639,0.9991291095144784,0.927070707070707,0.9617520695797968,0.5815324899321304,0.3082207250866087,0.909212121212121,0.115144209554879,0.9235285867286678,8.14,26.44,False,1f58d07,scikit-learn=1.9.1;imbalanced-learn=0.14.2;xgboost=3.4.1;lightgbm=4.7.0;numpy=2.5.3;pandas=3.0.6,2026-09-27T21:53:35Z
cicids2017,network_security,member_1,e3,c4_AB_smotetomek_weights,1,1,0,orig,1.0,1.0,0.01,LR,1,0,3026,5000,5000,50,10,0.5,99.0,0.5,"{""clf__base__C"": 95.41248660376695}",0.9312,0.9652525252525253,0.1269035532994923,1.0,0.2252252252252252,1.0,0.9305050505050504,0.9640016743407284,0.5946134497829768,0.3436341037676769,0.9681777777777778,0.1367179036955051,0.9646268970462364,7.879999999999999,28.25,False,1f58d07,scikit-learn=1.9.1;imbalanced-learn=0.14.2;xgboost=3.4.1;lightgbm=4.7.0;numpy=2.5.3;pandas=3.0.6,2026-09-27T21:54:03Z
cicids2017,network_security,member_1,e3,c4_AB_smotetomek_weights,1,1,0,orig,1.0,1.0,0.01,LR,1,1,3027,5000,5000,50,10,0.5,99.0,0.5,"{""clf__base__C"": 4.686201792798966}",0.9024,0.9210101010101012,0.0883458646616541,0.94,0.1615120274914089,0.9993285586392122,0.902020202020202,0.9481843278827776,0.5548481776870933,0.2717050526210364,0.9098949494949494,0.1156543193120011,0.9208143080442386,10.64,27.56,False,1f58d07,scikit-learn=1.9.1;imbalanced-learn=0.14.2;xgboost=3.4.1;lightgbm=4.7.0;numpy=2.5.3;pandas=3.0.6,2026-09-27T21:54:31Z
cicids2017,network_security,member_1,e3,c4_AB_smotetomek_weights,1,1,0,orig,1.0,1.0,0.01,LR,2,0,4026,5000,5000,50,10,0.5,99.0,0.5,"{""clf__base__C"": 11.333229684537264}",0.924,0.9418181818181818,0.1126760563380281,0.96,0.2016806722689075,0.9995627459554,0.9236363636363636,0.9601007979840404,0.5808907351264739,0.3149258438386181,0.9574262626262626,0.1169214471113025,0.9416426652881172,8.52,19.74,False,1f58d07,scikit-learn=1.9.1;imbalanced-learn=0.14.2;xgboost=3.4.1;lightgbm=4.7.0;numpy=2.5.3;pandas=3.0.6,2026-09-27T21:54:51Z
cicids2017,network_security,member_1,e3,c4_AB_smotetomek_weights,1,1,0,orig,1.0,1.0,0.01,LR,2,1,4027,5000,5000,50,10,0.5,99.0,0.5,"{""clf__base__C"": 80.93579062656904}",0.9288,0.964040404040404,0.1231527093596059,1.0,0.219298245614035,1.0,0.928080808080808,0.962699077954736,0.5909986617843855,0.3380764203842142,0.9705616161616162,0.1793049889113579,0.9633695075519092,8.12,26.89,False,1f58d07,scikit-learn=1.9.1;imbalanced-learn=0.14.2;xgboost=3.4.1;lightgbm=4.7.0;numpy=2.5.3;pandas=3.0.6,2026-09-27T21:55:18Z
cicids2017,network_security,member_1,e3,c4_AB_smotetomek_weights,1,1,0,orig,1.0,1.0,0.01,LR,3,0,5026,5000,5000,50,10,0.5,99.0,0.5,"{""clf__base__C"": 68.96511808116286}",0.9284,0.953939393939394,0.1206896551724138,0.98,0.2149122807017544,0.999782324771441,0.927878787878788,0.9624895222129086,0.5887009014573314,0.3307173341764604,0.9498727272727272,0.1147860137390751,0.9535833535256434,8.12,23.88,False,1f58d07,scikit-learn=1.9.1;imbalanced-learn=0.14.2;xgboost=3.4.1;lightgbm=4.7.0;numpy=2.5.3;pandas=3.0.6,2026-09-27T21:55:42Z
cicids2017,network_security,member_1,e3,c4_AB_smotetomek_weights,1,1,0,orig,1.0,1.0,0.01,LR,3,1,5027,5000,5000,50,10,0.5,99.0,0.5,"{""clf__base__C"": 14.586511895863424}",0.9162,0.937878787878788,0.1032258064516129,0.96,0.1864077669902912,0.9995589856670342,0.9157575757575758,0.9558249868212968,0.5711163769057941,0.3000242663028655,0.9393656565656566,0.1341592151976613,0.9376178713779258,9.3,29.04,False,1f58d07,scikit-learn=1.9.1;imbalanced-learn=0.14.2;xgboost=3.4.1;lightgbm=4.7.0;numpy=2.5.3;pandas=3.0.6,2026-09-27T21:56:11Z
cicids2017,network_security,member_1,e3,c4_AB_smotetomek_weights,1,1,0,orig,1.0,1.0,0.01,LR,4,0,6026,5000,5000,50,10,0.5,99.0,0.5,"{""clf__base__C"": 73.66417088381552}",0.9226,0.9510101010101012,0.1126436781609195,0.98,0.2020618556701031,0.9997809419496166,0.922020202020202,0.9593273778244876,0.5806946167472954,0.3184482352661894,0.9662020202020202,0.166314363830961,0.9505681448374956,8.7,26.28,False,1f58d07,scikit-learn=1.9.1;imbalanced-learn=0.14.2;xgboost=3.4.1;lightgbm=4.7.0;numpy=2.5.3;pandas=3.0.6,2026-09-27T21:56:38Z
cicids2017,network_security,member_1,e3,c4_AB_smotetomek_weights,1,1,0,orig,1.0,1.0,0.01,LR,4,1,6027,5000,5000,50,10,0.5,99.0,0.5,"{""clf__base__C"": 89.78839453758782}",0.9332,0.9662626262626264,0.1302083333333333,1.0,0.2304147465437788,1.0,0.9325252525252524,0.9650846748902364,0.5977497107170076,0.3484573990067636,0.9715434343434344,0.1474534185358254,0.9656734709648248,7.679999999999999,29.78,False,1f58d07,scikit-learn=1.9.1;imbalanced-learn=0.14.2;xgboost=3.4.1;lightgbm=4.7.0;numpy=2.5.3;pandas=3.0.6,2026-09-27T21:57:08Z
cicids2017,network_security,member_1,e3,c4_AB_smotetomek_weights,1,1,0,orig,1.0,1.0,0.01,RF,0,0,2026,5000,5000,50,10,0.5,99.0,0.5,"{""clf__base__max_depth"": 16, ""clf__base__max_features"": ""sqrt"", ""clf__base__min_samples_leaf"": 1, ""clf__base__n_estimators"": 200}",0.9738,0.9867676767676768,0.2762430939226519,1.0,0.4329004329004329,1.0,0.9735353535353536,0.9865902344149862,0.7097453336577095,0.5185869436301774,0.9990181818181818,0.9065434379049156,0.986678951602472,3.62,87.5,False,1f58d07,scikit-learn=1.9.1;imbalanced-learn=0.14.2;xgboost=3.4.1;lightgbm=4.7.0;numpy=2.5.3;pandas=3.0.6,2026-09-27T21:57:40Z
cicids2017,network_security,member_1,e3,c4_AB_smotetomek_weights,1,1,0,orig,1.0,1.0,0.01,RF,0,1,2027,5000,5000,50,10,0.5,99.0,0.5,"{""clf__base__max_depth"": null, ""clf__base__max_features"": ""log2"", ""clf__base__min_samples_leaf"": 2, ""clf__base__n_estimators"": 200}",0.9678,0.954040404040404,0.2292682926829268,0.94,0.3686274509803922,0.9993743482794578,0.968080808080808,0.9834787070292458,0.6760530790048189,0.4556599545350154,0.994420202020202,0.8902834424013731,0.95393708366745,4.1,81.13,False,1f58d07,scikit-learn=1.9.1;imbalanced-learn=0.14.2;xgboost=3.4.1;lightgbm=4.7.0;numpy=2.5.3;pandas=3.0.6,2026-09-27T21:59:01Z
cicids2017,network_security,member_1,e3,c4_AB_smotetomek_weights,1,1,0,orig,1.0,1.0,0.01,RF,1,0,3026,5000,5000,50,10,0.5,99.0,0.5,"{""clf__base__max_depth"": null, ""clf__base__max_features"": ""log2"", ""clf__base__min_samples_leaf"": 1, ""clf__base__n_estimators"": 400}",0.9752,0.9874747474747474,0.2873563218390804,1.0,0.4464285714285714,1.0,0.9749494949494948,0.987315875613748,0.7168722235211598,0.5292994434604631,0.9984080808080807,0.8438186347688414,0.9873953083489384,3.4799999999999995,109.38,False,1f58d07,scikit-learn=1.9.1;imbalanced-learn=0.14.2;xgboost=3.4.1;lightgbm=4.7.0;numpy=2.5.3;pandas=3.0.6,2026-09-27T22:00:51Z
cicids2017,network_security,member_1,e3,c4_AB_smotetomek_weights,1,1,0,orig,1.0,1.0,0.01,RF,1,1,3027,5000,5000,50,10,0.5,99.0,0.5,"{""clf__base__max_depth"": null, ""clf__base__max_features"": ""log2"", ""clf__base__min_samples_leaf"": 1, ""clf__base__n_estimators"": 200}",0.9708,0.9555555555555556,0.2473684210526315,0.94,0.3916666666666666,0.9993762993762992,0.9711111111111111,0.9850409836065572,0.688353825136612,0.4741432867718405,0.9944101010101012,0.9140936784248852,0.955428932178864,3.8,95.07,False,1f58d07,scikit-learn=1.9.1;imbalanced-learn=0.14.2;xgboost=3.4.1;lightgbm=4.7.0;numpy=2.5.3;pandas=3.0.6,2026-09-27T22:02:26Z
cicids2017,network_security,member_1,e3,c4_AB_smotetomek_weights,1,1,0,orig,1.0,1.0,0.01,RF,2,0,4026,5000,5000,50,10,0.5,99.0,0.5,"{""clf__base__max_depth"": null, ""clf__base__max_features"": ""sqrt"", ""clf__base__min_samples_leaf"": 1, ""clf__base__n_estimators"": 200}",0.9808,0.9903030303030302,0.3424657534246575,1.0,0.5102040816326531,1.0,0.9806060606060606,0.9902080783353732,0.7502060799840131,0.5795032298082902,0.9993252525252526,0.9435193538304916,0.9902555531811272,2.92,77.03,False,1f58d07,scikit-learn=1.9.1;imbalanced-learn=0.14.2;xgboost=3.4.1;lightgbm=4.7.0;numpy=2.5.3;pandas=3.0.6,2026-09-27T22:03:43Z
cicids2017,network_security,member_1,e3,c4_AB_smotetomek_weights,1,1,0,orig,1.0,1.0,0.01,RF,2,1,4027,5000,5000,50,10,0.5,99.0,0.5,"{""clf__base__max_depth"": 16, ""clf__base__max_features"": ""log2"", ""clf__base__min_samples_leaf"": 1, ""clf__base__n_estimators"": 400}",0.9756,0.9876767676767676,0.2906976744186046,1.0,0.4504504504504504,1.0,0.9753535353535352,0.9875230108406629,0.7189867306455566,0.5324781727575667,0.9987272727272728,0.8817787246924925,0.9875998862664652,3.44,85.26,False,1f58d07,scikit-learn=1.9.1;imbalanced-learn=0.14.2;xgboost=3.4.1;lightgbm=4.7.0;numpy=2.5.3;pandas=3.0.6,2026-09-27T22:05:09Z
cicids2017,network_security,member_1,e3,c4_AB_smotetomek_weights,1,1,0,orig,1.0,1.0,0.01,RF,3,0,5026,5000,5000,50,10,0.5,99.0,0.5,"{""clf__base__max_depth"": 8, ""clf__base__max_features"": ""log2"", ""clf__base__min_samples_leaf"": 1, ""clf__base__n_estimators"": 200}",0.965,0.9823232323232324,0.2222222222222222,1.0,0.3636363636363636,1.0,0.9646464646464646,0.9820051413881749,0.6728207525122692,0.4629966317723571,0.9993535353535354,0.935757811293725,0.982164173978294,4.5,82.09,False,1f58d07,scikit-learn=1.9.1;imbalanced-learn=0.14.2;xgboost=3.4.1;lightgbm=4.7.0;numpy=2.5.3;pandas=3.0.6,2026-09-27T22:06:31Z
cicids2017,network_security,member_1,e3,c4_AB_smotetomek_weights,1,1,0,orig,1.0,1.0,0.01,RF,3,1,5027,5000,5000,50,10,0.5,99.0,0.5,"{""clf__base__max_depth"": null, ""clf__base__max_features"": ""log2"", ""clf__base__min_samples_leaf"": 1, ""clf__base__n_estimators"": 400}",0.9712,0.9854545454545456,0.2577319587628865,1.0,0.4098360655737705,1.0,0.9709090909090908,0.985239852398524,0.6975379589861472,0.5002342469090791,0.9990767676767676,0.919131191317407,0.9853471930792166,3.88,104.36,False,1f58d07,scikit-learn=1.9.1;imbalanced-learn=0.14.2;xgboost=3.4.1;lightgbm=4.7.0;numpy=2.5.3;pandas=3.0.6,2026-09-27T22:08:15Z
cicids2017,network_security,member_1,e3,c4_AB_smotetomek_weights,1,1,0,orig,1.0,1.0,0.01,RF,4,0,6026,5000,5000,50,10,0.5,99.0,0.5,"{""clf__base__max_depth"": 8, ""clf__base__max_features"": ""sqrt"", ""clf__base__min_samples_leaf"": 1, ""clf__base__n_estimators"": 200}",0.9618,0.9807070707070706,0.2074688796680498,1.0,0.3436426116838488,1.0,0.9614141414141414,0.9803275311566588,0.6619850714202538,0.4466133840540517,0.9988262626262624,0.9033401352625128,0.9805172825677992,4.82,81.82,False,1f58d07,scikit-learn=1.9.1;imbalanced-learn=0.14.2;xgboost=3.4.1;lightgbm=4.7.0;numpy=2.5.3;pandas=3.0.6,2026-09-27T22:09:37Z
cicids2017,network_security,member_1,e3,c4_AB_smotetomek_weights,1,1,0,orig,1.0,1.0,0.01,RF,4,1,6027,5000,5000,50,10,0.5,99.0,0.5,"{""clf__base__max_depth"": null, ""clf__base__max_features"": ""sqrt"", ""clf__base__min_samples_leaf"": 1, ""clf__base__n_estimators"": 200}",0.978,0.9888888888888888,0.3125,1.0,0.4761904761904761,1.0,0.9777777777777776,0.9887640449438202,0.7324772605671481,0.5527707983925666,0.9990181818181818,0.893191057994084,0.9888264649460884,3.2,63.08,False,1f58d07,scikit-learn=1.9.1;imbalanced-learn=0.14.2;xgboost=3.4.1;lightgbm=4.7.0;numpy=2.5.3;pandas=3.0.6,2026-09-27T22:10:40Z
cicids2017,network_security,member_1,e3,c4_AB_smotetomek_weights,1,1,0,orig,1.0,1.0,0.01,XGB,0,0,2026,5000,5000,50,10,0.5,99.0,0.5,"{""clf__base__colsample_bytree"": 0.6299297262516527, ""clf__base__learning_rate"": 0.24209961404115907, ""clf__base__max_depth"": 3, ""clf__base__min_child_weight"": 1, ""clf__base__n_estimators"": 400, ""clf__base__reg_lambda"": 0.013825769701893902, ""clf__base__subsample"": 0.7881804586451416}",0.9728,0.9862626262626264,0.2688172043010752,1.0,0.423728813559322,1.0,0.9725252525252526,0.9860712822613684,0.7049000479103451,0.5113037448484371,0.9982464646464646,0.712407199809949,0.9861669496212356,3.72,44.73,False,1f58d07,scikit-learn=1.9.1;imbalanced-learn=0.14.2;xgboost=3.4.1;lightgbm=4.7.0;numpy=2.5.3;pandas=3.0.6,2026-09-27T22:11:07Z
cicids2017,network_security,member_1,e3,c4_AB_smotetomek_weights,1,1,0,orig,1.0,1.0,0.01,XGB,0,1,2027,5000,5000,50,10,0.5,99.0,0.5,"{""clf__base__colsample_bytree"": 0.9708534199704669, ""clf__base__learning_rate"": 0.0442673907270532, ""clf__base__max_depth"": 8, ""clf__base__min_child_weight"": 1, ""clf__base__n_estimators"": 200, ""clf__base__reg_lambda"": 0.04693946850954257, ""clf__base__subsample"": 0.9120151652522048}",0.9762,0.9582828282828282,0.2883435582822086,0.94,0.4413145539906103,0.9993797808559024,0.9765656565656564,0.9878410135894554,0.7145777837900329,0.513534157818529,0.9978848484848486,0.919897024875546,0.9581084057515188,3.26,34.61,False,1f58d07,scikit-learn=1.9.1;imbalanced-learn=0.14.2;xgboost=3.4.1;lightgbm=4.7.0;numpy=2.5.3;pandas=3.0.6,2026-09-27T22:11:42Z
cicids2017,network_security,member_1,e3,c4_AB_smotetomek_weights,1,1,0,orig,1.0,1.0,0.01,XGB,1,0,3026,5000,5000,50,10,0.5,99.0,0.5,"{""clf__base__colsample_bytree"": 0.6427066924659094, ""clf__base__learning_rate"": 0.14362393914105898, ""clf__base__max_depth"": 6, ""clf__base__min_child_weight"": 1, ""clf__base__n_estimators"": 400, ""clf__base__reg_lambda"": 0.614643025252804, ""clf__base__subsample"": 0.9355678497997515}",0.9804,0.9802020202020202,0.3356164383561644,0.98,0.5,0.99979398434281,0.9804040404040404,0.9900040799673604,0.7450020399836801,0.567564555935025,0.9989737373737376,0.9438835025419116,0.9802019993837798,2.92,48.56,False,1f58d07,scikit-learn=1.9.1;imbalanced-learn=0.14.2;xgboost=3.4.1;lightgbm=4.7.0;numpy=2.5.3;pandas=3.0.6,2026-09-27T22:12:30Z
cicids2017,network_security,member_1,e3,c4_AB_smotetomek_weights,1,1,0,orig,1.0,1.0,0.01,XGB,1,1,3027,5000,5000,50,10,0.5,99.0,0.5,"{""clf__base__colsample_bytree"": 0.7104807071006849, ""clf__base__learning_rate"": 0.04849185141838699, ""clf__base__max_depth"": 6, ""clf__base__min_child_weight"": 1, ""clf__base__n_estimators"": 800, ""clf__base__reg_lambda"": 0.10018170767019599, ""clf__base__subsample"": 0.8054452821394007}",0.979,0.9695959595959596,0.3178807947019867,0.96,0.4776119402985074,0.9995875438234688,0.9791919191919192,0.9892846208796816,0.7334482805890945,0.5460436778705459,0.9984,0.9375668495510118,0.9695484734783724,3.02,48.29,False,1f58d07,scikit-learn=1.9.1;imbalanced-learn=0.14.2;xgboost=3.4.1;lightgbm=4.7.0;numpy=2.5.3;pandas=3.0.6,2026-09-27T22:13:19Z
cicids2017,network_security,member_1,e3,c4_AB_smotetomek_weights,1,1,0,orig,1.0,1.0,0.01,XGB,2,0,4026,5000,5000,50,10,0.5,99.0,0.5,"{""clf__base__colsample_bytree"": 0.659630670299126, ""clf__base__learning_rate"": 0.03834557874295529, ""clf__base__max_depth"": 4, ""clf__base__min_child_weight"": 1, ""clf__base__n_estimators"": 800, ""clf__base__reg_lambda"": 0.0752355555373566, ""clf__base__subsample"": 0.6669423150701586}",0.9786,0.9891919191919192,0.3184713375796178,1.0,0.4830917874396135,1.0,0.9783838383838384,0.9890738282446646,0.7360828078421391,0.5581999728380338,0.9997555555555556,0.9809320764203118,0.9891328719559564,3.14,52.74,False,1f58d07,scikit-learn=1.9.1;imbalanced-learn=0.14.2;xgboost=3.4.1;lightgbm=4.7.0;numpy=2.5.3;pandas=3.0.6,2026-09-27T22:14:11Z
cicids2017,network_security,member_1,e3,c4_AB_smotetomek_weights,1,1,0,orig,1.0,1.0,0.01,XGB,2,1,4027,5000,5000,50,10,0.5,99.0,0.5,"{""clf__base__colsample_bytree"": 0.6559882439510808, ""clf__base__learning_rate"": 0.08120637239751023, ""clf__base__max_depth"": 4, ""clf__base__min_child_weight"": 1, ""clf__base__n_estimators"": 800, ""clf__base__reg_lambda"": 0.12873875292508413, ""clf__base__subsample"": 0.9865367520977653}",0.9834,0.9916161616161616,0.3759398496240601,1.0,0.546448087431694,1.0,0.9832323232323232,0.9915452785983498,0.7689966830150219,0.6079771473842376,0.9994767676767676,0.958595800394412,0.9915807194738728,2.66,57.62,False,1f58d07,scikit-learn=1.9.1;imbalanced-learn=0.14.2;xgboost=3.4.1;lightgbm=4.7.0;numpy=2.5.3;pandas=3.0.6,2026-09-27T22:15:09Z
cicids2017,network_security,member_1,e3,c4_AB_smotetomek_weights,1,1,0,orig,1.0,1.0,0.01,XGB,3,0,5026,5000,5000,50,10,0.5,99.0,0.5,"{""clf__base__colsample_bytree"": 0.966186289625362, ""clf__base__learning_rate"": 0.29511899190869545, ""clf__base__max_depth"": 6, ""clf__base__min_child_weight"": 1, ""clf__base__n_estimators"": 200, ""clf__base__reg_lambda"": 1.784943962718507, ""clf__base__subsample"": 0.76926012218394}",0.978,0.9888888888888888,0.3125,1.0,0.4761904761904761,1.0,0.9777777777777776,0.9887640449438202,0.7324772605671481,0.5527707983925666,0.9994222222222222,0.9412512125011016,0.9888264649460884,3.2,40.64,False,1f58d07,scikit-learn=1.9.1;imbalanced-learn=0.14.2;xgboost=3.4.1;lightgbm=4.7.0;numpy=2.5.3;pandas=3.0.6,2026-09-27T22:15:50Z
cicids2017,network_security,member_1,e3,c4_AB_smotetomek_weights,1,1,0,orig,1.0,1.0,0.01,XGB,3,1,5027,5000,5000,50,10,0.5,99.0,0.5,"{""clf__base__colsample_bytree"": 0.8618637240825485, ""clf__base__learning_rate"": 0.24920359397357883, ""clf__base__max_depth"": 6, ""clf__base__min_child_weight"": 1, ""clf__base__n_estimators"": 800, ""clf__base__reg_lambda"": 0.2723466933997092, ""clf__base__subsample"": 0.7486647947789067}",0.9794,0.9895959595959596,0.326797385620915,1.0,0.4926108374384236,1.0,0.9791919191919192,0.9894865775237316,0.7410487074810777,0.5656830907964684,0.9997858585858588,0.9815359629998476,0.989541267048484,3.06,59.78,False,1f58d07,scikit-learn=1.9.1;imbalanced-learn=0.14.2;xgboost=3.4.1;lightgbm=4.7.0;numpy=2.5.3;pandas=3.0.6,2026-09-27T22:16:50Z
cicids2017,network_security,member_1,e3,c4_AB_smotetomek_weights,1,1,0,orig,1.0,1.0,0.01,XGB,4,0,6026,5000,5000,50,10,0.5,99.0,0.5,"{""clf__base__colsample_bytree"": 0.8054931707609041, ""clf__base__learning_rate"": 0.0741136801321364, ""clf__base__max_depth"": 3, ""clf__base__min_child_weight"": 1, ""clf__base__n_estimators"": 200, ""clf__base__reg_lambda"": 0.6105355904706413, ""clf__base__subsample"": 0.8743098875360427}",0.9774,0.9885858585858586,0.3067484662576687,1.0,0.4694835680751174,1.0,0.9771717171717172,0.9884540717278022,0.7289688199014598,0.5474905711633732,0.9996444444444444,0.9727058493910776,0.988519962960646,3.26,40.91,False,1f58d07,scikit-learn=1.9.1;imbalanced-learn=0.14.2;xgboost=3.4.1;lightgbm=4.7.0;numpy=2.5.3;pandas=3.0.6,2026-09-27T22:17:31Z
cicids2017,network_security,member_1,e3,c4_AB_smotetomek_weights,1,1,0,orig,1.0,1.0,0.01,XGB,4,1,6027,5000,5000,50,10,0.5,99.0,0.5,"{""clf__base__colsample_bytree"": 0.7400831131827571, ""clf__base__learning_rate"": 0.021664971667522914, ""clf__base__max_depth"": 8, ""clf__base__min_child_weight"": 1, ""clf__base__n_estimators"": 400, ""clf__base__reg_lambda"": 0.0421316488972222, ""clf__base__subsample"": 0.6098935341153626}",0.9754,0.9875757575757576,0.2890173410404624,1.0,0.4484304932735426,1.0,0.9751515151515152,0.9874194538201904,0.7179249735468665,0.5308820000910458,0.9992505050505052,0.9614139334163192,0.987497602605452,3.46,39.95,False,1f58d07,scikit-learn=1.9.1;imbalanced-learn=0.14.2;xgboost=3.4.1;lightgbm=4.7.0;numpy=2.5.3;pandas=3.0.6,2026-09-27T22:18:11Z
cicids2017,network_security,member_1,e3,c8_A_Brecalc,1,1,0,recalc,1.0,1.0,0.01,LR,0,0,2026,5000,5000,50,0,0.5,1.0,0.5,"{""clf__base__C"": 86.64678862932995}",0.9448,0.9721212121212122,0.1533742331288343,1.0,0.2659574468085106,1.0,0.9442424242424242,0.9713216957605983,0.6186395712845545,0.3805554594351437,0.9921131313131312,0.4466382943326856,0.971721371712295,6.52,13.16,False,1f58d07,scikit-learn=1.9.1;imbalanced-learn=0.14.2;xgboost=3.4.1;lightgbm=4.7.0;numpy=2.5.3;pandas=3.0.6,2026-09-27T21:57:21Z
cicids2017,network_security,member_1,e3,c8_A_Brecalc,1,1,0,recalc,1.0,1.0,0.01,LR,0,1,2027,5000,5000,50,0,0.5,1.0,0.5,"{""clf__base__C"": 33.09421283700199}",0.9564,0.9383838383838384,0.1769230769230769,0.92,0.2967741935483871,0.99915611814346,0.9567676767676768,0.9775025799793602,0.6371383867638736,0.3929128997444727,0.9243272727272728,0.2681907604816869,0.9382037425987292,5.199999999999999,7.87,False,1f58d07,scikit-learn=1.9.1;imbalanced-learn=0.14.2;xgboost=3.4.1;lightgbm=4.7.0;numpy=2.5.3;pandas=3.0.6,2026-09-27T21:57:29Z
cicids2017,network_security,member_1,e3,c8_A_Brecalc,1,1,0,recalc,1.0,1.0,0.01,LR,1,0,3026,5000,5000,50,0,0.5,1.0,0.5,"{""clf__base__C"": 95.41248660376695}",0.9602,0.9798989898989898,0.2008032128514056,1.0,0.334448160535117,1.0,0.9597979797979798,0.979486650860736,0.6569674056979266,0.4390108404489835,0.9877171717171718,0.300114317504674,0.9796927986863944,4.98,8.0,False,1f58d07,scikit-learn=1.9.1;imbalanced-learn=0.14.2;xgboost=3.4.1;lightgbm=4.7.0;numpy=2.5.3;pandas=3.0.6,2026-09-27T21:57:37Z
cicids2017,network_security,member_1,e3,c8_A_Brecalc,1,1,0,recalc,1.0,1.0,0.01,LR,1,1,3027,5000,5000,50,0,0.5,1.0,0.5,"{""clf__base__C"": 0.6780583147430557}",0.936,0.928080808080808,0.1270718232044199,0.92,0.2233009708737864,0.9991375592927986,0.9361616161616162,0.966624947851481,0.5949629593626338,0.3287181602734753,0.915741414141414,0.1758339143250824,0.9280456275791008,7.24,5.49,False,1f58d07,scikit-learn=1.9.1;imbalanced-learn=0.14.2;xgboost=3.4.1;lightgbm=4.7.0;numpy=2.5.3;pandas=3.0.6,2026-09-27T21:57:43Z
cicids2017,network_security,member_1,e3,c8_A_Brecalc,1,1,0,recalc,1.0,1.0,0.01,LR,2,0,4026,5000,5000,50,0,0.5,1.0,0.5,"{""clf__base__C"": 11.333229684537264}",0.9402,0.9598989898989898,0.1412103746397694,0.98,0.2468513853904282,0.999785084891468,0.9397979797979796,0.9688638966989482,0.6078576410446882,0.3601212835108748,0.975850505050505,0.2724383094311758,0.9596885016514578,6.94,9.24,False,1f58d07,scikit-learn=1.9.1;imbalanced-learn=0.14.2;xgboost=3.4.1;lightgbm=4.7.0;numpy=2.5.3;pandas=3.0.6,2026-09-27T21:57:52Z
cicids2017,network_security,member_1,e3,c8_A_Brecalc,1,1,0,recalc,1.0,1.0,0.01,LR,2,1,4027,5000,5000,50,0,0.5,1.0,0.5,"{""clf__base__C"": 80.93579062656904}",0.9434,0.9516161616161616,0.1458966565349544,0.96,0.2532981530343008,0.9995718261614216,0.9432323232323232,0.9705851782558984,0.6119416656450997,0.3624801175001584,0.9544808080808082,0.3108616238894855,0.9515792296509158,6.579999999999999,9.31,False,1f58d07,scikit-learn=1.9.1;imbalanced-learn=0.14.2;xgboost=3.4.1;lightgbm=4.7.0;numpy=2.5.3;pandas=3.0.6,2026-09-27T21:58:02Z
cicids2017,network_security,member_1,e3,c8_A_Brecalc,1,1,0,recalc,1.0,1.0,0.01,LR,3,0,5026,5000,5000,50,0,0.5,1.0,0.5,"{""clf__base__C"": 68.96511808116286}",0.9608,0.9703030303030302,0.2008196721311475,0.98,0.3333333333333333,0.9997897392767032,0.9606060606060606,0.9798063053781166,0.656569819355725,0.4343897192439513,0.9760505050505052,0.2357873027260433,0.9702545745287364,4.88,8.24,False,1f58d07,scikit-learn=1.9.1;imbalanced-learn=0.14.2;xgboost=3.4.1;lightgbm=4.7.0;numpy=2.5.3;pandas=3.0.6,2026-09-27T21:58:10Z
cicids2017,network_security,member_1,e3,c8_A_Brecalc,1,1,0,recalc,1.0,1.0,0.01,LR,3,1,5027,5000,5000,50,0,0.5,1.0,0.5,"{""clf__base__C"": 1.191772378201077}",0.9344,0.9470707070707072,0.1283422459893048,0.96,0.2264150943396226,0.9995676610462604,0.9341414141414142,0.9657477025898078,0.5960813984647152,0.33818566669727,0.961660606060606,0.1478396297579561,0.9469824483989964,7.48,8.24,False,1f58d07,scikit-learn=1.9.1;imbalanced-learn=0.14.2;xgboost=3.4.1;lightgbm=4.7.0;numpy=2.5.3;pandas=3.0.6,2026-09-27T21:58:19Z
cicids2017,network_security,member_1,e3,c8_A_Brecalc,1,1,0,recalc,1.0,1.0,0.01,LR,4,0,6026,5000,5000,50,0,0.5,1.0,0.5,"{""clf__base__C"": 73.66417088381552}",0.9562,0.9481818181818182,0.1787072243346007,0.94,0.3003194888178914,0.999366687777074,0.9563636363636364,0.9773923815422731,0.6388559351800822,0.3995234403660434,0.9464686868686868,0.3283794047587428,0.9481465172544896,5.26,10.7,False,1f58d07,scikit-learn=1.9.1;imbalanced-learn=0.14.2;xgboost=3.4.1;lightgbm=4.7.0;numpy=2.5.3;pandas=3.0.6,2026-09-27T21:58:29Z
cicids2017,network_security,member_1,e3,c8_A_Brecalc,1,1,0,recalc,1.0,1.0,0.01,LR,4,1,6027,5000,5000,50,0,0.5,1.0,0.5,"{""clf__base__C"": 89.78839453758782}",0.961,0.9803030303030302,0.2040816326530612,1.0,0.3389830508474576,1.0,0.9606060606060606,0.9799072642967542,0.6594451575721059,0.4427663641074266,0.9876828282828284,0.2838901898870444,0.9801051273236258,4.9,11.97,False,1f58d07,scikit-learn=1.9.1;imbalanced-learn=0.14.2;xgboost=3.4.1;lightgbm=4.7.0;numpy=2.5.3;pandas=3.0.6,2026-09-27T21:58:41Z
cicids2017,network_security,member_1,e3,c8_A_Brecalc,1,1,0,recalc,1.0,1.0,0.01,RF,0,0,2026,5000,5000,50,0,0.5,1.0,0.5,"{""clf__base__max_depth"": 16, ""clf__base__max_features"": ""log2"", ""clf__base__min_samples_leaf"": 2, ""clf__base__n_estimators"": 400}",0.9928,0.9864646464646464,0.5833333333333334,0.98,0.7313432835820896,0.9997965825874696,0.9929292929292928,0.9963511048043788,0.8638471941932342,0.7532225280637488,0.9987919191919192,0.8995938982826599,0.9864434636970874,1.68,21.61,False,1f58d07,scikit-learn=1.9.1;imbalanced-learn=0.14.2;xgboost=3.4.1;lightgbm=4.7.0;numpy=2.5.3;pandas=3.0.6,2026-09-27T22:11:02Z
cicids2017,network_security,member_1,e3,c8_A_Brecalc,1,1,0,recalc,1.0,1.0,0.01,RF,0,1,2027,5000,5000,50,0,0.5,1.0,0.5,"{""clf__base__max_depth"": 16, ""clf__base__max_features"": ""sqrt"", ""clf__base__min_samples_leaf"": 2, ""clf__base__n_estimators"": 200}",0.9958,0.9483838383838384,0.7377049180327869,0.9,0.8108108108108109,0.998987649321725,0.9967676767676767,0.9978764283547376,0.9043436195827742,0.8127989186253394,0.9970767676767676,0.8978289269720101,0.9471488315417536,1.22,10.07,False,1f58d07,scikit-learn=1.9.1;imbalanced-learn=0.14.2;xgboost=3.4.1;lightgbm=4.7.0;numpy=2.5.3;pandas=3.0.6,2026-09-27T22:11:12Z
cicids2017,network_security,member_1,e3,c8_A_Brecalc,1,1,0,recalc,1.0,1.0,0.01,RF,1,0,3026,5000,5000,50,0,0.5,1.0,0.5,"{""clf__base__max_depth"": null, ""clf__base__max_features"": ""log2"", ""clf__base__min_samples_leaf"": 1, ""clf__base__n_estimators"": 400}",0.9944,0.9773737373737372,0.6486486486486487,0.96,0.7741935483870968,0.9995939910678034,0.9947474747474748,0.9971648440664236,0.8856791962267603,0.7867070759138498,0.9981939393939394,0.8981318561534187,0.977219307912802,1.48,17.6,False,1f58d07,scikit-learn=1.9.1;imbalanced-learn=0.14.2;xgboost=3.4.1;lightgbm=4.7.0;numpy=2.5.3;pandas=3.0.6,2026-09-27T22:11:30Z
cicids2017,network_security,member_1,e3,c8_A_Brecalc,1,1,0,recalc,1.0,1.0,0.01,RF,1,1,3027,5000,5000,50,0,0.5,1.0,0.5,"{""clf__base__max_depth"": null, ""clf__base__max_features"": ""log2"", ""clf__base__min_samples_leaf"": 1, ""clf__base__n_estimators"": 200}",0.9964,0.8991919191919192,0.8333333333333334,0.8,0.8163265306122449,0.9979806138933764,0.9983838383838384,0.9981821854170876,0.907254358014666,0.8146825271778451,0.9976626262626264,0.9131374742716166,0.8937041292883628,0.96,9.29,False,1f58d07,scikit-learn=1.9.1;imbalanced-learn=0.14.2;xgboost=3.4.1;lightgbm=4.7.0;numpy=2.5.3;pandas=3.0.6,2026-09-27T22:11:39Z
cicids2017,network_security,member_1,e3,c8_A_Brecalc,1,1,0,recalc,1.0,1.0,0.01,RF,2,0,4026,5000,5000,50,0,0.5,1.0,0.5,"{""clf__base__max_depth"": null, ""clf__base__max_features"": ""sqrt"", ""clf__base__min_samples_leaf"": 1, ""clf__base__n_estimators"": 200}",0.9968,0.938989898989899,0.8148148148148148,0.88,0.8461538461538461,0.9987868985038416,0.997979797979798,0.9983831851253032,0.9222685156395748,0.8451780095906017,0.99889898989899,0.9410302602819214,0.9371351141762976,1.08,10.2,False,1f58d07,scikit-learn=1.9.1;imbalanced-learn=0.14.2;xgboost=3.4.1;lightgbm=4.7.0;numpy=2.5.3;pandas=3.0.6,2026-09-27T22:11:50Z
cicids2017,network_security,member_1,e3,c8_A_Brecalc,1,1,0,recalc,1.0,1.0,0.01,RF,2,1,4027,5000,5000,50,0,0.5,1.0,0.5,"{""clf__base__max_depth"": 16, ""clf__base__max_features"": ""sqrt"", ""clf__base__min_samples_leaf"": 2, ""clf__base__n_estimators"": 400}",0.996,0.9385858585858586,0.7586206896551724,0.88,0.8148148148148148,0.998785916632942,0.9971717171717172,0.9979781641730692,0.906396489493942,0.8150924201800358,0.9973858585858586,0.883598567250936,0.9367556304133492,1.16,19.83,False,1f58d07,scikit-learn=1.9.1;imbalanced-learn=0.14.2;xgboost=3.4.1;lightgbm=4.7.0;numpy=2.5.3;pandas=3.0.6,2026-09-27T22:12:10Z
cicids2017,network_security,member_1,e3,c8_A_Brecalc,1,1,0,recalc,1.0,1.0,0.01,RF,3,0,5026,5000,5000,50,0,0.5,1.0,0.5,"{""clf__base__max_depth"": 16, ""clf__base__max_features"": ""sqrt"", ""clf__base__min_samples_leaf"": 2, ""clf__base__n_estimators"": 200}",0.9974,0.9887878787878788,0.8032786885245902,0.98,0.8828828828828829,0.999797529864345,0.9975757575757576,0.9986854080291232,0.9407841454560032,0.8860405422906098,0.999559595959596,0.9622503218644908,0.9887488267625112,1.22,11.68,False,1f58d07,scikit-learn=1.9.1;imbalanced-learn=0.14.2;xgboost=3.4.1;lightgbm=4.7.0;numpy=2.5.3;pandas=3.0.6,2026-09-27T22:12:21Z
cicids2017,network_security,member_1,e3,c8_A_Brecalc,1,1,0,recalc,1.0,1.0,0.01,RF,3,1,5027,5000,5000,50,0,0.5,1.0,0.5,"{""clf__base__max_depth"": null, ""clf__base__max_features"": ""sqrt"", ""clf__base__min_samples_leaf"": 2, ""clf__base__n_estimators"": 400}",0.994,0.9771717171717172,0.631578947368421,0.96,0.7619047619047619,0.9995938261575954,0.9943434343434344,0.9969617176422928,0.8794332397735274,0.7761157080944112,0.998662626262626,0.9299350990771358,0.9770208272957628,1.52,16.31,False,1f58d07,scikit-learn=1.9.1;imbalanced-learn=0.14.2;xgboost=3.4.1;lightgbm=4.7.0;numpy=2.5.3;pandas=3.0.6,2026-09-27T22:12:38Z
cicids2017,network_security,member_1,e3,c8_A_Brecalc,1,1,0,recalc,1.0,1.0,0.01,RF,4,0,6026,5000,5000,50,0,0.5,1.0,0.5,"{""clf__base__max_depth"": 16, ""clf__base__max_features"": ""sqrt"", ""clf__base__min_samples_leaf"": 2, ""clf__base__n_estimators"": 400}",0.995,0.9677777777777776,0.6811594202898551,0.94,0.7899159663865546,0.9993916041370918,0.9955555555555556,0.9974698917113652,0.8936929290489599,0.7979306309082607,0.9991272727272728,0.9303732232352756,0.967379047851576,1.38,18.66,False,1f58d07,scikit-learn=1.9.1;imbalanced-learn=0.14.2;xgboost=3.4.1;lightgbm=4.7.0;numpy=2.5.3;pandas=3.0.6,2026-09-27T22:12:57Z
cicids2017,network_security,member_1,e3,c8_A_Brecalc,1,1,0,recalc,1.0,1.0,0.01,RF,4,1,6027,5000,5000,50,0,0.5,1.0,0.5,"{""clf__base__max_depth"": null, ""clf__base__max_features"": ""sqrt"", ""clf__base__min_samples_leaf"": 1, ""clf__base__n_estimators"": 200}",0.9978,0.9691919191919192,0.8545454545454545,0.94,0.8952380952380953,0.9993933265925176,0.9983838383838384,0.9988883274381,0.9470632113380976,0.8951661025692756,0.998230303030303,0.876589252604895,0.9687521912650356,1.1,11.61,False,1f58d07,scikit-learn=1.9.1;imbalanced-learn=0.14.2;xgboost=3.4.1;lightgbm=4.7.0;numpy=2.5.3;pandas=3.0.6,2026-09-27T22:13:08Z
cicids2017,network_security,member_1,e3,c8_A_Brecalc,1,1,0,recalc,1.0,1.0,0.01,XGB,0,0,2026,5000,5000,50,0,0.5,1.0,0.5,"{""clf__base__colsample_bytree"": 0.8730309932691698, ""clf__base__learning_rate"": 0.199046962929904, ""clf__base__max_depth"": 8, ""clf__base__min_child_weight"": 3, ""clf__base__n_estimators"": 800, ""clf__base__reg_lambda"": 0.012097667712699732, ""clf__base__subsample"": 0.893015156710232}",0.9968,0.9884848484848484,0.765625,0.98,0.8596491228070176,0.9997974068071313,0.996969696969697,0.9983815496661946,0.929015336236606,0.8647511184336099,0.9997454545454546,0.9816438701805954,0.9884484321553164,1.28,8.85,False,1f58d07,scikit-learn=1.9.1;imbalanced-learn=0.14.2;xgboost=3.4.1;lightgbm=4.7.0;numpy=2.5.3;pandas=3.0.6,2026-09-27T22:18:20Z
cicids2017,network_security,member_1,e3,c8_A_Brecalc,1,1,0,recalc,1.0,1.0,0.01,XGB,0,1,2027,5000,5000,50,0,0.5,1.0,0.5,"{""clf__base__colsample_bytree"": 0.8747685538575937, ""clf__base__learning_rate"": 0.13595931129996275, ""clf__base__max_depth"": 8, ""clf__base__min_child_weight"": 3, ""clf__base__n_estimators"": 400, ""clf__base__reg_lambda"": 0.1965471606749867, ""clf__base__subsample"": 0.6688106351596295}",0.9974,0.9392929292929292,0.8627450980392157,0.88,0.8712871287128713,0.9987876338654272,0.9985858585858586,0.9986867360339428,0.934986932373407,0.8700175141686868,0.9991555555555556,0.9418758365926478,0.9374196261843228,1.02,6.43,False,1f58d07,scikit-learn=1.9.1;imbalanced-learn=0.14.2;xgboost=3.4.1;lightgbm=4.7.0;numpy=2.5.3;pandas=3.0.6,2026-09-27T22:18:26Z
cicids2017,network_security,member_1,e3,c8_A_Brecalc,1,1,0,recalc,1.0,1.0,0.01,XGB,1,0,3026,5000,5000,50,0,0.5,1.0,0.5,"{""clf__base__colsample_bytree"": 0.9309234777238906, ""clf__base__learning_rate"": 0.04043516810958894, ""clf__base__max_depth"": 6, ""clf__base__min_child_weight"": 1, ""clf__base__n_estimators"": 800, ""clf__base__reg_lambda"": 0.07885568670293347, ""clf__base__subsample"": 0.6164565020946385}",0.9972,0.9787878787878788,0.8,0.96,0.8727272727272727,0.9995951417004048,0.9975757575757576,0.9985844287158746,0.9356558507215736,0.8750273844672865,0.999359595959596,0.9617452764538044,0.97860754507245,1.2,9.93,False,1f58d07,scikit-learn=1.9.1;imbalanced-learn=0.14.2;xgboost=3.4.1;lightgbm=4.7.0;numpy=2.5.3;pandas=3.0.6,2026-09-27T22:18:36Z
cicids2017,network_security,member_1,e3,c8_A_Brecalc,1,1,0,recalc,1.0,1.0,0.01,XGB,1,1,3027,5000,5000,50,0,0.5,1.0,0.5,"{""clf__base__colsample_bytree"": 0.8738352782317484, ""clf__base__learning_rate"": 0.01849946205195965, ""clf__base__max_depth"": 6, ""clf__base__min_child_weight"": 3, ""clf__base__n_estimators"": 800, ""clf__base__reg_lambda"": 0.7473652417625635, ""clf__base__subsample"": 0.7318780094224386}",0.9978,0.9394949494949496,0.8979591836734694,0.88,0.8888888888888888,0.9987881236113916,0.998989898989899,0.9988890011109988,0.943888944999944,0.8878242084161616,0.9993979797979796,0.9611566816309692,0.9376092528932888,0.98,11.2,False,1f58d07,scikit-learn=1.9.1;imbalanced-learn=0.14.2;xgboost=3.4.1;lightgbm=4.7.0;numpy=2.5.3;pandas=3.0.6,2026-09-27T22:18:48Z
cicids2017,network_security,member_1,e3,c8_A_Brecalc,1,1,0,recalc,1.0,1.0,0.01,XGB,2,0,4026,5000,5000,50,0,0.5,1.0,0.5,"{""clf__base__colsample_bytree"": 0.659630670299126, ""clf__base__learning_rate"": 0.03834557874295529, ""clf__base__max_depth"": 4, ""clf__base__min_child_weight"": 1, ""clf__base__n_estimators"": 800, ""clf__base__reg_lambda"": 0.0752355555373566, ""clf__base__subsample"": 0.6669423150701586}",0.9974,0.9392929292929292,0.8627450980392157,0.88,0.8712871287128713,0.9987876338654272,0.9985858585858586,0.9986867360339428,0.934986932373407,0.8700175141686868,0.9995474747474749,0.969058842144202,0.9374196261843228,1.02,10.16,False,1f58d07,scikit-learn=1.9.1;imbalanced-learn=0.14.2;xgboost=3.4.1;lightgbm=4.7.0;numpy=2.5.3;pandas=3.0.6,2026-09-27T22:18:58Z
cicids2017,network_security,member_1,e3,c8_A_Brecalc,1,1,0,recalc,1.0,1.0,0.01,XGB,2,1,4027,5000,5000,50,0,0.5,1.0,0.5,"{""clf__base__colsample_bytree"": 0.622119288546256, ""clf__base__learning_rate"": 0.11484598443286205, ""clf__base__max_depth"": 4, ""clf__base__min_child_weight"": 5, ""clf__base__n_estimators"": 400, ""clf__base__reg_lambda"": 0.1512724105705654, ""clf__base__subsample"": 0.6247766555301236}",0.997,0.9687878787878788,0.7966101694915254,0.94,0.8623853211009175,0.9993928354584092,0.9975757575757576,0.9984834698210494,0.9304343954609836,0.8638941604146393,0.9995050505050505,0.9609587749361664,0.9683600632622208,1.18,6.42,False,1f58d07,scikit-learn=1.9.1;imbalanced-learn=0.14.2;xgboost=3.4.1;lightgbm=4.7.0;numpy=2.5.3;pandas=3.0.6,2026-09-27T22:19:04Z
cicids2017,network_security,member_1,e3,c8_A_Brecalc,1,1,0,recalc,1.0,1.0,0.01,XGB,3,0,5026,5000,5000,50,0,0.5,1.0,0.5,"{""clf__base__colsample_bytree"": 0.7808019843847107, ""clf__base__learning_rate"": 0.1307315008906521, ""clf__base__max_depth"": 3, ""clf__base__min_child_weight"": 3, ""clf__base__n_estimators"": 800, ""clf__base__reg_lambda"": 0.4515036359386654, ""clf__base__subsample"": 0.7381495117993713}",0.9986,0.9794949494949494,0.9056603773584906,0.96,0.9320388349514565,0.9995957145744896,0.998989898989899,0.9992927149641304,0.9656657749577936,0.93173571798166,0.999779797979798,0.9785229255805528,0.9793009256762208,1.06,7.32,False,1f58d07,scikit-learn=1.9.1;imbalanced-learn=0.14.2;xgboost=3.4.1;lightgbm=4.7.0;numpy=2.5.3;pandas=3.0.6,2026-09-27T22:19:12Z
cicids2017,network_security,member_1,e3,c8_A_Brecalc,1,1,0,recalc,1.0,1.0,0.01,XGB,3,1,5027,5000,5000,50,0,0.5,1.0,0.5,"{""clf__base__colsample_bytree"": 0.8405279927109883, ""clf__base__learning_rate"": 0.03965143905411441, ""clf__base__max_depth"": 8, ""clf__base__min_child_weight"": 1, ""clf__base__n_estimators"": 400, ""clf__base__reg_lambda"": 0.025783651592417578, ""clf__base__subsample"": 0.6276769187790308}",0.9964,0.9684848484848484,0.7580645161290323,0.94,0.8392857142857143,0.9993924665856622,0.996969696969697,0.9981796116504854,0.9187326629681,0.8424453926289633,0.999480808080808,0.9703003003549104,0.968065863023542,1.24,6.79,False,1f58d07,scikit-learn=1.9.1;imbalanced-learn=0.14.2;xgboost=3.4.1;lightgbm=4.7.0;numpy=2.5.3;pandas=3.0.6,2026-09-27T22:19:19Z
cicids2017,network_security,member_1,e3,c8_A_Brecalc,1,1,0,recalc,1.0,1.0,0.01,XGB,4,0,6026,5000,5000,50,0,0.5,1.0,0.5,"{""clf__base__colsample_bytree"": 0.6430964645008799, ""clf__base__learning_rate"": 0.11900147712804574, ""clf__base__max_depth"": 6, ""clf__base__min_child_weight"": 3, ""clf__base__n_estimators"": 800, ""clf__base__reg_lambda"": 5.320668227960565, ""clf__base__subsample"": 0.8406463455818014}",0.9978,0.9691919191919192,0.8545454545454545,0.94,0.8952380952380953,0.9993933265925176,0.9983838383838384,0.9988883274381,0.9470632113380976,0.8951661025692756,0.9994666666666668,0.9725674133362208,0.9687521912650356,1.1,8.24,False,1f58d07,scikit-learn=1.9.1;imbalanced-learn=0.14.2;xgboost=3.4.1;lightgbm=4.7.0;numpy=2.5.3;pandas=3.0.6,2026-09-27T22:19:27Z
cicids2017,network_security,member_1,e3,c8_A_Brecalc,1,1,0,recalc,1.0,1.0,0.01,XGB,4,1,6027,5000,5000,50,0,0.5,1.0,0.5,"{""clf__base__colsample_bytree"": 0.845628157608431, ""clf__base__learning_rate"": 0.024139440612952298, ""clf__base__max_depth"": 4, ""clf__base__min_child_weight"": 5, ""clf__base__n_estimators"": 400, ""clf__base__reg_lambda"": 1.1629742668675835, ""clf__base__subsample"": 0.8451265204139611}",0.9972,0.9688888888888888,0.8103448275862069,0.94,0.8703703703703703,0.999392958316471,0.9977777777777778,0.9985847149211484,0.9344775426457594,0.8714092617401489,0.9988868686868686,0.9435972203317646,0.9684581101478325,1.16,6.83,False,1f58d07,scikit-learn=1.9.1;imbalanced-learn=0.14.2;xgboost=3.4.1;lightgbm=4.7.0;numpy=2.5.3;pandas=3.0.6,2026-09-27T22:19:34Z
cicids2017,network_security,member_1,e3,c3_C_threshold,0,0,1,none,0.0,0.0,0.01,LR,0,0,2026,5000,5000,50,0,0.01,0.0101010101010101,0.4141414141409211,"{""clf__base__C"": 36.18894389380965}",0.9934,0.6897979797979799,0.9047619047619048,0.38,0.5352112676056338,0.9937738501707172,0.9995959595959596,0.996676402457448,0.7659438350315408,0.5840210117152709,0.9747878787878788,0.4185046074782427,0.6163168540989811,0.42,8.23,False,1f58d07,scikit-learn=1.9.1;imbalanced-learn=0.14.2;xgboost=3.4.1;lightgbm=4.7.0;numpy=2.5.3;pandas=3.0.6,2026-09-27T21:58:50Z
cicids2017,network_security,member_1,e3,c3_C_threshold,0,0,1,none,0.0,0.0,0.01,LR,0,1,2027,5000,5000,50,0,0.01,0.0101010101010101,0.4141414141414142,"{""clf__base__C"": 23.707153252161383}",0.9922,0.708989898989899,0.6774193548387096,0.42,0.5185185185185185,0.994163815657074,0.997979797979798,0.9960681520314548,0.7572933352749867,0.5298190237528847,0.9168121212121212,0.309158864312966,0.6474191186175422,0.62,7.88,False,1f58d07,scikit-learn=1.9.1;imbalanced-learn=0.14.2;xgboost=3.4.1;lightgbm=4.7.0;numpy=2.5.3;pandas=3.0.6,2026-09-27T21:58:58Z
cicids2017,network_security,member_1,e3,c3_C_threshold,0,0,1,none,0.0,0.0,0.01,LR,1,0,3026,5000,5000,50,0,0.01,0.0101010101010101,0.3232323088113626,"{""clf__base__C"": 19.993032145051746}",0.9922,0.7188888888888889,0.6666666666666666,0.44,0.5301204819277109,0.994362794443326,0.9977777777777778,0.996067359080367,0.763093920504039,0.5379442429568092,0.974440404040404,0.3973477325458974,0.6625875204244509,0.66,7.86,False,1f58d07,scikit-learn=1.9.1;imbalanced-learn=0.14.2;xgboost=3.4.1;lightgbm=4.7.0;numpy=2.5.3;pandas=3.0.6,2026-09-27T21:59:06Z
cicids2017,network_security,member_1,e3,c3_C_threshold,0,0,1,none,0.0,0.0,0.01,LR,1,1,3027,5000,5000,50,0,0.01,0.0101010101010101,0.3737373737373721,"{""clf__base__C"": 4.686201792798966}",0.9902,0.6782828282828283,0.5142857142857142,0.36,0.4235294117647059,0.9935548841893252,0.9965656565656564,0.99505799293999,0.7092937023523479,0.4255332142453141,0.9110262626262626,0.2248070692029871,0.5989688108438004,0.7,8.63,False,1f58d07,scikit-learn=1.9.1;imbalanced-learn=0.14.2;xgboost=3.4.1;lightgbm=4.7.0;numpy=2.5.3;pandas=3.0.6,2026-09-27T21:59:15Z
cicids2017,network_security,member_1,e3,c3_C_threshold,0,0,1,none,0.0,0.0,0.01,LR,2,0,4026,5000,5000,50,0,0.01,0.0101010101010101,0.4343412396156545,"{""clf__base__C"": 11.333229684537264}",0.992,0.698989898989899,0.6666666666666666,0.4,0.5,0.993963782696177,0.997979797979798,0.995967741935484,0.747983870967742,0.512754885668316,0.9665535353535352,0.3845023026422313,0.6318163650871345,0.6,7.52,False,1f58d07,scikit-learn=1.9.1;imbalanced-learn=0.14.2;xgboost=3.4.1;lightgbm=4.7.0;numpy=2.5.3;pandas=3.0.6,2026-09-27T21:59:23Z
cicids2017,network_security,member_1,e3,c3_C_threshold,0,0,1,none,0.0,0.0,0.01,LR,2,1,4027,5000,5000,50,0,0.01,0.0101010101010101,0.4444444444444436,"{""clf__base__C"": 80.93579062656904}",0.9924,0.6892929292929293,0.7307692307692307,0.38,0.5,0.9937675914756736,0.9985858585858586,0.9961708988311164,0.7480854494155582,0.5237359973561648,0.9759636363636364,0.4038865822787543,0.6160053784364438,0.52,9.6,False,1f58d07,scikit-learn=1.9.1;imbalanced-learn=0.14.2;xgboost=3.4.1;lightgbm=4.7.0;numpy=2.5.3;pandas=3.0.6,2026-09-27T21:59:32Z
cicids2017,network_security,member_1,e3,c3_C_threshold,0,0,1,none,0.0,0.0,0.01,LR,3,0,5026,5000,5000,50,0,0.01,0.0101010101010101,0.5252525252511415,"{""clf__base__C"": 5.661146596775842}",0.9924,0.6595959595959596,0.8,0.32,0.4571428571428571,0.9931726907630524,0.9991919191919192,0.996173212487412,0.7266580348151345,0.5031643006168832,0.9678626262626262,0.3352654406646116,0.5654568189892258,0.4,10.2,False,1f58d07,scikit-learn=1.9.1;imbalanced-learn=0.14.2;xgboost=3.4.1;lightgbm=4.7.0;numpy=2.5.3;pandas=3.0.6,2026-09-27T21:59:43Z
cicids2017,network_security,member_1,e3,c3_C_threshold,0,0,1,none,0.0,0.0,0.01,LR,3,1,5027,5000,5000,50,0,0.01,0.0101010101010101,0.0606356328704449,"{""clf__base__C"": 0.059830143635325184}",0.951,0.8762626262626263,0.1454545454545454,0.8,0.2461538461538461,0.997883597883598,0.9525252525252526,0.9746770025839794,0.6104154243689128,0.328428945910736,0.972820202020202,0.2791454640213271,0.8729376850727674,5.5,7.64,False,1f58d07,scikit-learn=1.9.1;imbalanced-learn=0.14.2;xgboost=3.4.1;lightgbm=4.7.0;numpy=2.5.3;pandas=3.0.6,2026-09-27T21:59:51Z
cicids2017,network_security,member_1,e3,c3_C_threshold,0,0,1,none,0.0,0.0,0.01,LR,4,0,6026,5000,5000,50,0,0.01,0.0101010101010101,0.4545454545454546,"{""clf__base__C"": 73.66417088381552}",0.993,0.6796969696969697,0.8571428571428571,0.36,0.5070422535211268,0.9935730066278368,0.9993939393939394,0.9964749723033538,0.7517586129122402,0.5529395315814086,0.9695151515151516,0.4579367661363603,0.5998181542616213,0.42,8.49,False,1f58d07,scikit-learn=1.9.1;imbalanced-learn=0.14.2;xgboost=3.4.1;lightgbm=4.7.0;numpy=2.5.3;pandas=3.0.6,2026-09-27T21:59:59Z
cicids2017,network_security,member_1,e3,c3_C_threshold,0,0,1,none,0.0,0.0,0.01,LR,4,1,6027,5000,5000,50,0,0.01,0.0101010101010101,0.4208446089602872,"{""clf__base__C"": 27.845724467332477}",0.992,0.7187878787878788,0.6470588235294118,0.44,0.5238095238095238,0.9943616592831253,0.9975757575757576,0.9959661153691004,0.7598878195893122,0.5297830251067923,0.9788363636363636,0.3446086430507948,0.6625204399362584,0.6799999999999999,8.36,False,1f58d07,scikit-learn=1.9.1;imbalanced-learn=0.14.2;xgboost=3.4.1;lightgbm=4.7.0;numpy=2.5.3;pandas=3.0.6,2026-09-27T22:00:08Z
cicids2017,network_security,member_1,e3,c3_C_threshold,0,0,1,none,0.0,0.0,0.01,RF,0,0,2026,5000,5000,50,0,0.01,0.0101010101010101,0.3316666666666666,"{""clf__base__max_depth"": 16, ""clf__base__max_features"": ""sqrt"", ""clf__base__min_samples_leaf"": 1, ""clf__base__n_estimators"": 400}",0.9974,0.9095959595959596,0.9111111111111112,0.82,0.8631578947368421,0.998183652875883,0.9991919191919192,0.9986875315497225,0.9309227131432822,0.8630683187452016,0.9993777777777776,0.9473291330278824,0.9051725657228976,0.8999999999999999,10.35,False,1f58d07,scikit-learn=1.9.1;imbalanced-learn=0.14.2;xgboost=3.4.1;lightgbm=4.7.0;numpy=2.5.3;pandas=3.0.6,2026-09-27T22:13:19Z
cicids2017,network_security,member_1,e3,c3_C_threshold,0,0,1,none,0.0,0.0,0.01,RF,0,1,2027,5000,5000,50,0,0.01,0.0101010101010101,0.2921969696969697,"{""clf__base__max_depth"": 16, ""clf__base__max_features"": ""sqrt"", ""clf__base__min_samples_leaf"": 2, ""clf__base__n_estimators"": 200}",0.9926,0.9071717171717172,0.5942028985507246,0.82,0.6890756302521008,0.9981748124112756,0.9943434343434344,0.9962554397328206,0.8426655349924608,0.6945494219803927,0.9975111111111112,0.8624996314955923,0.902973762720499,1.38,6.59,False,1f58d07,scikit-learn=1.9.1;imbalanced-learn=0.14.2;xgboost=3.4.1;lightgbm=4.7.0;numpy=2.5.3;pandas=3.0.6,2026-09-27T22:13:25Z
cicids2017,network_security,member_1,e3,c3_C_threshold,0,0,1,none,0.0,0.0,0.01,RF,1,0,3026,5000,5000,50,0,0.01,0.0101010101010101,0.3609090909090909,"{""clf__base__max_depth"": null, ""clf__base__max_features"": ""log2"", ""clf__base__min_samples_leaf"": 1, ""clf__base__n_estimators"": 400}",0.9968,0.938989898989899,0.8148148148148148,0.88,0.8461538461538461,0.9987868985038416,0.997979797979798,0.9983831851253032,0.9222685156395748,0.8451780095906017,0.9982060606060608,0.8991961937168479,0.9371351141762976,1.08,13.87,False,1f58d07,scikit-learn=1.9.1;imbalanced-learn=0.14.2;xgboost=3.4.1;lightgbm=4.7.0;numpy=2.5.3;pandas=3.0.6,2026-09-27T22:13:39Z
cicids2017,network_security,member_1,e3,c3_C_threshold,0,0,1,none,0.0,0.0,0.01,RF,1,1,3027,5000,5000,50,0,0.01,0.0101010101010101,0.1680885581950554,"{""clf__base__max_depth"": 8, ""clf__base__max_features"": ""sqrt"", ""clf__base__min_samples_leaf"": 5, ""clf__base__n_estimators"": 400}",0.9968,0.9191919191919192,0.84,0.84,0.84,0.9983838383838384,0.9983838383838384,0.9983838383838384,0.9191919191919192,0.8383838383838383,0.9984040404040404,0.9130056463101236,0.9157742212152644,1.0,12.96,False,1f58d07,scikit-learn=1.9.1;imbalanced-learn=0.14.2;xgboost=3.4.1;lightgbm=4.7.0;numpy=2.5.3;pandas=3.0.6,2026-09-27T22:13:52Z
cicids2017,network_security,member_1,e3,c3_C_threshold,0,0,1,none,0.0,0.0,0.01,RF,2,0,4026,5000,5000,50,0,0.01,0.0101010101010101,0.3232323232323232,"{""clf__base__max_depth"": null, ""clf__base__max_features"": ""sqrt"", ""clf__base__min_samples_leaf"": 1, ""clf__base__n_estimators"": 200}",0.9984,0.9595959595959596,0.92,0.92,0.92,0.9991919191919192,0.9991919191919192,0.9991919191919192,0.9595959595959596,0.9191919191919192,0.999420202020202,0.9587948347756192,0.958778684398316,1.0,8.2,False,1f58d07,scikit-learn=1.9.1;imbalanced-learn=0.14.2;xgboost=3.4.1;lightgbm=4.7.0;numpy=2.5.3;pandas=3.0.6,2026-09-27T22:14:01Z
cicids2017,network_security,member_1,e3,c3_C_threshold,0,0,1,none,0.0,0.0,0.01,RF,2,1,4027,5000,5000,50,0,0.01,0.0101010101010101,0.4747474747474748,"{""clf__base__max_depth"": null, ""clf__base__max_features"": ""log2"", ""clf__base__min_samples_leaf"": 1, ""clf__base__n_estimators"": 200}",0.9968,0.8993939393939394,0.8695652173913043,0.8,0.8333333333333334,0.9979814291481632,0.9987878787878788,0.9983844911147012,0.9158589122240172,0.8324576539012654,0.9978343434343434,0.8764008370166034,0.8938849495490474,0.92,6.54,False,1f58d07,scikit-learn=1.9.1;imbalanced-learn=0.14.2;xgboost=3.4.1;lightgbm=4.7.0;numpy=2.5.3;pandas=3.0.6,2026-09-27T22:14:07Z
cicids2017,network_security,member_1,e3,c3_C_threshold,0,0,1,none,0.0,0.0,0.01,RF,3,0,5026,5000,5000,50,0,0.01,0.0101010101010101,0.2929292929292929,"{""clf__base__max_depth"": 16, ""clf__base__max_features"": ""sqrt"", ""clf__base__min_samples_leaf"": 2, ""clf__base__n_estimators"": 200}",0.9976,0.9096969696969696,0.9318181818181818,0.82,0.8723404255319149,0.99818401937046,0.9993939393939394,0.9987886129618412,0.935564519246878,0.8729479751262365,0.9991919191919192,0.9339628424107,0.9052640666142836,0.88,6.5,False,1f58d07,scikit-learn=1.9.1;imbalanced-learn=0.14.2;xgboost=3.4.1;lightgbm=4.7.0;numpy=2.5.3;pandas=3.0.6,2026-09-27T22:14:14Z
cicids2017,network_security,member_1,e3,c3_C_threshold,0,0,1,none,0.0,0.0,0.01,RF,3,1,5027,5000,5000,50,0,0.01,0.0101010101010101,0.402020202020202,"{""clf__base__max_depth"": null, ""clf__base__max_features"": ""sqrt"", ""clf__base__min_samples_leaf"": 1, ""clf__base__n_estimators"": 400}",0.9976,0.9492929292929292,0.8653846153846154,0.9,0.8823529411764706,0.9989894907033144,0.9985858585858586,0.9987876338654272,0.940570287520949,0.8813139895964471,0.9986747474747476,0.9202488754361304,0.9480122745657212,1.04,14.0,False,1f58d07,scikit-learn=1.9.1;imbalanced-learn=0.14.2;xgboost=3.4.1;lightgbm=4.7.0;numpy=2.5.3;pandas=3.0.6,2026-09-27T22:14:28Z
cicids2017,network_security,member_1,e3,c3_C_threshold,0,0,1,none,0.0,0.0,0.01,RF,4,0,6026,5000,5000,50,0,0.01,0.0101010101010101,0.3417171717171717,"{""clf__base__max_depth"": 16, ""clf__base__max_features"": ""sqrt"", ""clf__base__min_samples_leaf"": 2, ""clf__base__n_estimators"": 400}",0.9966,0.8596969696969696,0.9230769230769232,0.72,0.8089887640449438,0.9971779883088088,0.9993939393939394,0.9982847341337908,0.9036367490893672,0.8136496825713153,0.9988484848484848,0.9253319767158416,0.8482709687143821,0.7799999999999999,14.19,False,1f58d07,scikit-learn=1.9.1;imbalanced-learn=0.14.2;xgboost=3.4.1;lightgbm=4.7.0;numpy=2.5.3;pandas=3.0.6,2026-09-27T22:14:42Z
cicids2017,network_security,member_1,e3,c3_C_threshold,0,0,1,none,0.0,0.0,0.01,RF,4,1,6027,5000,5000,50,0,0.01,0.0101010101010101,0.4646464646464647,"{""clf__base__max_depth"": null, ""clf__base__max_features"": ""sqrt"", ""clf__base__min_samples_leaf"": 1, ""clf__base__n_estimators"": 200}",0.9982,0.9594949494949496,0.9019607843137256,0.92,0.9108910891089108,0.9991917559102848,0.998989898989899,0.999090817254268,0.9549909531815894,0.9100275171196496,0.998020202020202,0.8721361040774656,0.9586817548439666,1.02,8.29,False,1f58d07,scikit-learn=1.9.1;imbalanced-learn=0.14.2;xgboost=3.4.1;lightgbm=4.7.0;numpy=2.5.3;pandas=3.0.6,2026-09-27T22:14:51Z
cicids2017,network_security,member_1,e3,c3_C_threshold,0,0,1,none,0.0,0.0,0.01,XGB,0,0,2026,5000,5000,50,0,0.01,0.0101010101010101,0.1690004616975784,"{""clf__base__colsample_bytree"": 0.8730309932691698, ""clf__base__learning_rate"": 0.199046962929904, ""clf__base__max_depth"": 8, ""clf__base__min_child_weight"": 3, ""clf__base__n_estimators"": 800, ""clf__base__reg_lambda"": 0.012097667712699732, ""clf__base__subsample"": 0.893015156710232}",0.9988,0.95979797979798,0.9583333333333334,0.92,0.9387755102040816,0.9991922455573504,0.9995959595959596,0.9993940618056958,0.9690847860048888,0.9383691456765058,0.998769696969697,0.9759755533284604,0.9589725141151246,0.96,6.0,False,1f58d07,scikit-learn=1.9.1;imbalanced-learn=0.14.2;xgboost=3.4.1;lightgbm=4.7.0;numpy=2.5.3;pandas=3.0.6,2026-09-27T22:19:40Z
cicids2017,network_security,member_1,e3,c3_C_threshold,0,0,1,none,0.0,0.0,0.01,XGB,0,1,2027,5000,5000,50,0,0.01,0.0101010101010101,0.4193621277809143,"{""clf__base__colsample_bytree"": 0.9708534199704669, ""clf__base__learning_rate"": 0.0442673907270532, ""clf__base__max_depth"": 8, ""clf__base__min_child_weight"": 1, ""clf__base__n_estimators"": 200, ""clf__base__reg_lambda"": 0.04693946850954257, ""clf__base__subsample"": 0.9120151652522048}",0.9978,0.9295959595959596,0.9148936170212766,0.86,0.8865979381443299,0.998586715122148,0.9991919191919192,0.998889225487226,0.942743581815778,0.8859203800107439,0.9988323232323232,0.93329837870498,0.9269870821673032,0.94,3.03,False,1f58d07,scikit-learn=1.9.1;imbalanced-learn=0.14.2;xgboost=3.4.1;lightgbm=4.7.0;numpy=2.5.3;pandas=3.0.6,2026-09-27T22:19:43Z
cicids2017,network_security,member_1,e3,c3_C_threshold,0,0,1,none,0.0,0.0,0.01,XGB,1,0,3026,5000,5000,50,0,0.01,0.0101010101010101,0.1387553960084915,"{""clf__base__colsample_bytree"": 0.9004849706440361, ""clf__base__learning_rate"": 0.031081573984993328, ""clf__base__max_depth"": 6, ""clf__base__min_child_weight"": 1, ""clf__base__n_estimators"": 200, ""clf__base__reg_lambda"": 0.010196749758732969, ""clf__base__subsample"": 0.6641108817929743}",0.9976,0.9492929292929292,0.8653846153846154,0.9,0.8823529411764706,0.9989894907033144,0.9985858585858586,0.9987876338654272,0.940570287520949,0.8813139895964471,0.998359595959596,0.9300120318551242,0.9480122745657212,1.04,3.5,False,1f58d07,scikit-learn=1.9.1;imbalanced-learn=0.14.2;xgboost=3.4.1;lightgbm=4.7.0;numpy=2.5.3;pandas=3.0.6,2026-09-27T22:19:47Z
cicids2017,network_security,member_1,e3,c3_C_threshold,0,0,1,none,0.0,0.0,0.01,XGB,1,1,3027,5000,5000,50,0,0.01,0.0101010101010101,0.1097625195980072,"{""clf__base__colsample_bytree"": 0.8482827391756707, ""clf__base__learning_rate"": 0.08131230450991951, ""clf__base__max_depth"": 3, ""clf__base__min_child_weight"": 1, ""clf__base__n_estimators"": 800, ""clf__base__reg_lambda"": 4.380651853338851, ""clf__base__subsample"": 0.8913932215447226}",0.9984,0.93979797979798,0.9565217391304348,0.88,0.9166666666666666,0.998788857488898,0.9995959595959596,0.9991922455573504,0.9579294561120086,0.9166718829251668,0.9996646464646466,0.9743121292913764,0.9378936210703454,0.92,7.19,False,1f58d07,scikit-learn=1.9.1;imbalanced-learn=0.14.2;xgboost=3.4.1;lightgbm=4.7.0;numpy=2.5.3;pandas=3.0.6,2026-09-27T22:19:54Z
cicids2017,network_security,member_1,e3,c3_C_threshold,0,0,1,none,0.0,0.0,0.01,XGB,2,0,4026,5000,5000,50,0,0.01,0.0101010101010101,0.2966946959495544,"{""clf__base__colsample_bytree"": 0.7922323852494468, ""clf__base__learning_rate"": 0.032129810572726354, ""clf__base__max_depth"": 3, ""clf__base__min_child_weight"": 1, ""clf__base__n_estimators"": 200, ""clf__base__reg_lambda"": 0.0716576625462937, ""clf__base__subsample"": 0.982130570718626}",0.9986,0.9794949494949494,0.9056603773584906,0.96,0.9320388349514565,0.9995957145744896,0.998989898989899,0.9992927149641304,0.9656657749577936,0.93173571798166,0.9998060606060608,0.9831570949233572,0.9793009256762208,1.06,2.87,False,1f58d07,scikit-learn=1.9.1;imbalanced-learn=0.14.2;xgboost=3.4.1;lightgbm=4.7.0;numpy=2.5.3;pandas=3.0.6,2026-09-27T22:19:57Z
cicids2017,network_security,member_1,e3,c3_C_threshold,0,0,1,none,0.0,0.0,0.01,XGB,2,1,4027,5000,5000,50,0,0.01,0.0101010101010101,0.0901490226387977,"{""clf__base__colsample_bytree"": 0.7962534959268627, ""clf__base__learning_rate"": 0.14932277327771687, ""clf__base__max_depth"": 3, ""clf__base__min_child_weight"": 1, ""clf__base__n_estimators"": 200, ""clf__base__reg_lambda"": 0.019567811559382847, ""clf__base__subsample"": 0.9688357828106124}",0.9978,0.979090909090909,0.8421052631578947,0.96,0.897196261682243,0.9995953874165486,0.9981818181818182,0.998888102698878,0.9480421821905604,0.8980547086521173,0.9991636363636364,0.955159221068995,0.978904768327617,1.14,3.05,False,1f58d07,scikit-learn=1.9.1;imbalanced-learn=0.14.2;xgboost=3.4.1;lightgbm=4.7.0;numpy=2.5.3;pandas=3.0.6,2026-09-27T22:20:00Z
cicids2017,network_security,member_1,e3,c3_C_threshold,0,0,1,none,0.0,0.0,0.01,XGB,3,0,5026,5000,5000,50,0,0.01,0.0101010101010101,0.1894533634185791,"{""clf__base__colsample_bytree"": 0.7542890799948759, ""clf__base__learning_rate"": 0.19191750289230153, ""clf__base__max_depth"": 8, ""clf__base__min_child_weight"": 3, ""clf__base__n_estimators"": 400, ""clf__base__reg_lambda"": 0.7269417058364168, ""clf__base__subsample"": 0.9589918836811703}",0.9988,0.9696969696969696,0.94,0.94,0.94,0.9993939393939394,0.9993939393939394,0.9993939393939394,0.9696969696969696,0.9393939393939394,0.9998161616161616,0.982537984212988,0.9692421281755672,1.0,3.64,False,1f58d07,scikit-learn=1.9.1;imbalanced-learn=0.14.2;xgboost=3.4.1;lightgbm=4.7.0;numpy=2.5.3;pandas=3.0.6,2026-09-27T22:20:04Z
cicids2017,network_security,member_1,e3,c3_C_threshold,0,0,1,none,0.0,0.0,0.01,XGB,3,1,5027,5000,5000,50,0,0.01,0.0101010101010101,0.2407215982675552,"{""clf__base__colsample_bytree"": 0.7569788188513907, ""clf__base__learning_rate"": 0.22391260675549185, ""clf__base__max_depth"": 4, ""clf__base__min_child_weight"": 1, ""clf__base__n_estimators"": 800, ""clf__base__reg_lambda"": 0.013517068075739864, ""clf__base__subsample"": 0.6656234019226878}",0.9984,0.9694949494949494,0.903846153846154,0.94,0.9215686274509804,0.9993936944219888,0.998989898989899,0.9991917559102848,0.9603801916806326,0.9209414171862156,0.9984868686868688,0.9608753583261902,0.9690461831360284,1.04,5.25,False,1f58d07,scikit-learn=1.9.1;imbalanced-learn=0.14.2;xgboost=3.4.1;lightgbm=4.7.0;numpy=2.5.3;pandas=3.0.6,2026-09-27T22:20:09Z
cicids2017,network_security,member_1,e3,c3_C_threshold,0,0,1,none,0.0,0.0,0.01,XGB,4,0,6026,5000,5000,50,0,0.01,0.0101010101010101,0.1398107558488845,"{""clf__base__colsample_bytree"": 0.6019883151666798, ""clf__base__learning_rate"": 0.05495868370296514, ""clf__base__max_depth"": 3, ""clf__base__min_child_weight"": 1, ""clf__base__n_estimators"": 200, ""clf__base__reg_lambda"": 0.012258452796480747, ""clf__base__subsample"": 0.8499805869873966}",0.999,0.9796969696969696,0.9411764705882352,0.96,0.9504950495049505,0.9995958779551424,0.9993939393939394,0.9994948984745934,0.974994973989772,0.9500375200706124,0.9999313131313132,0.9938673890608876,0.9794989442659864,1.02,2.7,False,1f58d07,scikit-learn=1.9.1;imbalanced-learn=0.14.2;xgboost=3.4.1;lightgbm=4.7.0;numpy=2.5.3;pandas=3.0.6,2026-09-27T22:20:12Z
cicids2017,network_security,member_1,e3,c3_C_threshold,0,0,1,none,0.0,0.0,0.01,XGB,4,1,6027,5000,5000,50,0,0.01,0.0101010101010101,0.1332528293132782,"{""clf__base__colsample_bytree"": 0.9962576164977475, ""clf__base__learning_rate"": 0.03423548596985521, ""clf__base__max_depth"": 8, ""clf__base__min_child_weight"": 3, ""clf__base__n_estimators"": 200, ""clf__base__reg_lambda"": 0.05550509218069603, ""clf__base__subsample"": 0.9491643683623555}",0.9972,0.9688888888888888,0.8103448275862069,0.94,0.8703703703703703,0.999392958316471,0.9977777777777778,0.9985847149211484,0.9344775426457594,0.8714092617401489,0.9984242424242424,0.9270401011571168,0.9684581101478325,1.16,3.08,False,1f58d07,scikit-learn=1.9.1;imbalanced-learn=0.14.2;xgboost=3.4.1;lightgbm=4.7.0;numpy=2.5.3;pandas=3.0.6,2026-09-27T22:20:15Z
cicids2017,network_security,member_1,e3,c5_AC_smotetomek_threshold,1,0,1,none,0.0,1.0,0.01,LR,0,0,2026,5000,5000,50,0,0.5,1.0,0.9696969696969696,"{""clf__base__C"": 86.64678862932995}",0.9906,0.6883838383838383,0.5428571428571428,0.38,0.4470588235294118,0.9937562940584088,0.9967676767676767,0.9952597075138678,0.7211592655216398,0.4496427447974566,0.9921131313131312,0.4466382943326856,0.6154443249975721,0.7,32.11,False,1f58d07,scikit-learn=1.9.1;imbalanced-learn=0.14.2;xgboost=3.4.1;lightgbm=4.7.0;numpy=2.5.3;pandas=3.0.6,2026-09-27T22:00:40Z
cicids2017,network_security,member_1,e3,c5_AC_smotetomek_threshold,1,0,1,none,0.0,1.0,0.01,LR,0,1,2027,5000,5000,50,0,0.5,1.0,0.9292929292929294,"{""clf__base__C"": 33.09421283700199}",0.9826,0.8526262626262626,0.3302752293577982,0.72,0.4528301886792453,0.9971375996728684,0.9852525252525252,0.9911594350167666,0.721994811848006,0.4805296291322221,0.9243272727272728,0.2681907604816869,0.8422480740149058,2.18,22.76,False,1f58d07,scikit-learn=1.9.1;imbalanced-learn=0.14.2;xgboost=3.4.1;lightgbm=4.7.0;numpy=2.5.3;pandas=3.0.6,2026-09-27T22:01:03Z
cicids2017,network_security,member_1,e3,c5_AC_smotetomek_threshold,1,0,1,none,0.0,1.0,0.01,LR,1,0,3026,5000,5000,50,0,0.5,1.0,0.9696969696969696,"{""clf__base__C"": 95.41248660376695}",0.9884,0.7268686868686869,0.4259259259259259,0.46,0.4423076923076923,0.9945410432672868,0.9937373737373736,0.994139046079224,0.7182233691934581,0.4367855061068779,0.9877171717171718,0.300114317504674,0.6761059028874041,1.08,26.88,False,1f58d07,scikit-learn=1.9.1;imbalanced-learn=0.14.2;xgboost=3.4.1;lightgbm=4.7.0;numpy=2.5.3;pandas=3.0.6,2026-09-27T22:01:30Z
cicids2017,network_security,member_1,e3,c5_AC_smotetomek_threshold,1,0,1,none,0.0,1.0,0.01,LR,1,1,3027,5000,5000,50,0,0.5,1.0,0.9696969694366196,"{""clf__base__C"": 0.6780583147430557}",0.9804,0.6733333333333333,0.2142857142857142,0.36,0.2686567164179104,0.9934906427990235,0.9866666666666668,0.9900668964119196,0.6293618064149151,0.2683824456306878,0.915741414141414,0.1758339143250824,0.5959865770300536,1.68,26.13,False,1f58d07,scikit-learn=1.9.1;imbalanced-learn=0.14.2;xgboost=3.4.1;lightgbm=4.7.0;numpy=2.5.3;pandas=3.0.6,2026-09-27T22:01:57Z
cicids2017,network_security,member_1,e3,c5_AC_smotetomek_threshold,1,0,1,none,0.0,1.0,0.01,LR,2,0,4026,5000,5000,50,0,0.5,1.0,0.97979797979798,"{""clf__base__C"": 11.333229684537264}",0.9888,0.6874747474747475,0.4318181818181818,0.38,0.4042553191489361,0.9937449556093624,0.9949494949494948,0.9943468604885928,0.6993010898187645,0.3994554836869563,0.975850505050505,0.2724383094311758,0.6148827596223593,0.88,26.72,False,1f58d07,scikit-learn=1.9.1;imbalanced-learn=0.14.2;xgboost=3.4.1;lightgbm=4.7.0;numpy=2.5.3;pandas=3.0.6,2026-09-27T22:02:24Z
cicids2017,network_security,member_1,e3,c5_AC_smotetomek_threshold,1,0,1,none,0.0,1.0,0.01,LR,2,1,4027,5000,5000,50,0,0.5,1.0,0.8787878787878789,"{""clf__base__C"": 80.93579062656904}",0.97,0.9452525252525252,0.2395833333333333,0.92,0.3801652892561983,0.9991680532445923,0.9705050505050504,0.9846279975404796,0.6823966433983389,0.4610957769951125,0.9544808080808082,0.3108616238894855,0.944915153050604,3.84,24.17,False,1f58d07,scikit-learn=1.9.1;imbalanced-learn=0.14.2;xgboost=3.4.1;lightgbm=4.7.0;numpy=2.5.3;pandas=3.0.6,2026-09-27T22:02:48Z
cicids2017,network_security,member_1,e3,c5_AC_smotetomek_threshold,1,0,1,none,0.0,1.0,0.01,LR,3,0,5026,5000,5000,50,0,0.5,1.0,0.97979797979798,"{""clf__base__C"": 68.96511808116286}",0.9862,0.6465656565656566,0.3061224489795918,0.3,0.303030303030303,0.9929307210664512,0.9931313131313132,0.993031006968993,0.6480306549996481,0.2960774365460469,0.9760505050505052,0.2357873027260433,0.5458382488790923,0.98,25.39,False,1f58d07,scikit-learn=1.9.1;imbalanced-learn=0.14.2;xgboost=3.4.1;lightgbm=4.7.0;numpy=2.5.3;pandas=3.0.6,2026-09-27T22:03:13Z
cicids2017,network_security,member_1,e3,c5_AC_smotetomek_threshold,1,0,1,none,0.0,1.0,0.01,LR,3,1,5027,5000,5000,50,0,0.5,1.0,0.8787878787845076,"{""clf__base__C"": 1.191772378201077}",0.9522,0.9065656565656566,0.1563636363636363,0.86,0.2646153846153846,0.9985185185185184,0.9531313131313132,0.975297157622739,0.6199562711190618,0.3548795992726745,0.961660606060606,0.1478396297579561,0.9053689465035396,5.5,21.1,False,1f58d07,scikit-learn=1.9.1;imbalanced-learn=0.14.2;xgboost=3.4.1;lightgbm=4.7.0;numpy=2.5.3;pandas=3.0.6,2026-09-27T22:03:35Z
cicids2017,network_security,member_1,e3,c5_AC_smotetomek_threshold,1,0,1,none,0.0,1.0,0.01,LR,4,0,6026,5000,5000,50,0,0.5,1.0,0.9494949494949496,"{""clf__base__C"": 73.66417088381552}",0.9896,0.767070707070707,0.4821428571428571,0.54,0.5094339622641509,0.9953478964401294,0.994141414141414,0.9947442894683648,0.7520891258662579,0.505022362235838,0.9464686868686868,0.3283794047587428,0.7326911788989708,1.12,22.86,False,1f58d07,scikit-learn=1.9.1;imbalanced-learn=0.14.2;xgboost=3.4.1;lightgbm=4.7.0;numpy=2.5.3;pandas=3.0.6,2026-09-27T22:03:58Z
cicids2017,network_security,member_1,e3,c5_AC_smotetomek_threshold,1,0,1,none,0.0,1.0,0.01,LR,4,1,6027,5000,5000,50,0,0.5,1.0,0.9393939393939394,"{""clf__base__C"": 89.78839453758782}",0.9814,0.861919191919192,0.3162393162393162,0.74,0.4431137724550898,0.9973377022322344,0.9838383838383838,0.9905420522729584,0.7168279123640241,0.4764232175905223,0.9876828282828284,0.2838901898870444,0.8532528371124259,2.34,29.62,False,1f58d07,scikit-learn=1.9.1;imbalanced-learn=0.14.2;xgboost=3.4.1;lightgbm=4.7.0;numpy=2.5.3;pandas=3.0.6,2026-09-27T22:04:27Z
cicids2017,network_security,member_1,e3,c5_AC_smotetomek_threshold,1,0,1,none,0.0,1.0,0.01,RF,0,0,2026,5000,5000,50,0,0.5,1.0,0.7777777777777778,"{""clf__base__max_depth"": 16, ""clf__base__max_features"": ""log2"", ""clf__base__min_samples_leaf"": 2, ""clf__base__n_estimators"": 400}",0.9956,0.968080808080808,0.7121212121212122,0.94,0.8103448275862069,0.9993919740575598,0.996161616161616,0.9977741804937272,0.904059504039967,0.8161441871957552,0.9987919191919192,0.8995938982826599,0.9676734569016135,1.32,26.55,False,1f58d07,scikit-learn=1.9.1;imbalanced-learn=0.14.2;xgboost=3.4.1;lightgbm=4.7.0;numpy=2.5.3;pandas=3.0.6,2026-09-27T22:15:18Z
cicids2017,network_security,member_1,e3,c5_AC_smotetomek_threshold,1,0,1,none,0.0,1.0,0.01,RF,0,1,2027,5000,5000,50,0,0.5,1.0,0.6363636363636365,"{""clf__base__max_depth"": 16, ""clf__base__max_features"": ""sqrt"", ""clf__base__min_samples_leaf"": 2, ""clf__base__n_estimators"": 200}",0.9976,0.9393939393939394,0.88,0.88,0.88,0.9987878787878788,0.9987878787878788,0.9987878787878788,0.9393939393939394,0.8787878787878788,0.9970767676767676,0.8978289269720101,0.9375144443331704,1.0,21.1,False,1f58d07,scikit-learn=1.9.1;imbalanced-learn=0.14.2;xgboost=3.4.1;lightgbm=4.7.0;numpy=2.5.3;pandas=3.0.6,2026-09-27T22:15:39Z
cicids2017,network_security,member_1,e3,c5_AC_smotetomek_threshold,1,0,1,none,0.0,1.0,0.01,RF,1,0,3026,5000,5000,50,0,0.5,1.0,0.5151515151515152,"{""clf__base__max_depth"": null, ""clf__base__max_features"": ""log2"", ""clf__base__min_samples_leaf"": 1, ""clf__base__n_estimators"": 400}",0.9944,0.9773737373737372,0.6486486486486487,0.96,0.7741935483870968,0.9995939910678034,0.9947474747474748,0.9971648440664236,0.8856791962267603,0.7867070759138498,0.9981939393939394,0.8981318561534187,0.977219307912802,1.48,30.58,False,1f58d07,scikit-learn=1.9.1;imbalanced-learn=0.14.2;xgboost=3.4.1;lightgbm=4.7.0;numpy=2.5.3;pandas=3.0.6,2026-09-27T22:16:10Z
cicids2017,network_security,member_1,e3,c5_AC_smotetomek_threshold,1,0,1,none,0.0,1.0,0.01,RF,1,1,3027,5000,5000,50,0,0.5,1.0,0.6262626262626263,"{""clf__base__max_depth"": null, ""clf__base__max_features"": ""log2"", ""clf__base__min_samples_leaf"": 1, ""clf__base__n_estimators"": 200}",0.9968,0.8894949494949496,0.8863636363636364,0.78,0.8297872340425532,0.9977804681194512,0.998989898989899,0.9983848172824552,0.914086025662504,0.829903203177211,0.9976626262626264,0.9131374742716166,0.8827299254087408,0.88,17.94,False,1f58d07,scikit-learn=1.9.1;imbalanced-learn=0.14.2;xgboost=3.4.1;lightgbm=4.7.0;numpy=2.5.3;pandas=3.0.6,2026-09-27T22:16:28Z
cicids2017,network_security,member_1,e3,c5_AC_smotetomek_threshold,1,0,1,none,0.0,1.0,0.01,RF,2,0,4026,5000,5000,50,0,0.5,1.0,0.5353535353535354,"{""clf__base__max_depth"": null, ""clf__base__max_features"": ""sqrt"", ""clf__base__min_samples_leaf"": 1, ""clf__base__n_estimators"": 200}",0.9972,0.9391919191919192,0.8461538461538461,0.88,0.8627450980392157,0.9987873888439772,0.9983838383838384,0.9985855728429984,0.9306653354411072,0.861500275801563,0.99889898989899,0.9410302602819214,0.937324798443836,1.04,20.9,False,1f58d07,scikit-learn=1.9.1;imbalanced-learn=0.14.2;xgboost=3.4.1;lightgbm=4.7.0;numpy=2.5.3;pandas=3.0.6,2026-09-27T22:16:49Z
cicids2017,network_security,member_1,e3,c5_AC_smotetomek_threshold,1,0,1,none,0.0,1.0,0.01,RF,2,1,4027,5000,5000,50,0,0.5,1.0,0.5151515151515152,"{""clf__base__max_depth"": 16, ""clf__base__max_features"": ""sqrt"", ""clf__base__min_samples_leaf"": 2, ""clf__base__n_estimators"": 400}",0.996,0.9385858585858586,0.7586206896551724,0.88,0.8148148148148148,0.998785916632942,0.9971717171717172,0.9979781641730692,0.906396489493942,0.8150924201800358,0.9973858585858586,0.883598567250936,0.9367556304133492,1.16,32.99,False,1f58d07,scikit-learn=1.9.1;imbalanced-learn=0.14.2;xgboost=3.4.1;lightgbm=4.7.0;numpy=2.5.3;pandas=3.0.6,2026-09-27T22:17:22Z
cicids2017,network_security,member_1,e3,c5_AC_smotetomek_threshold,1,0,1,none,0.0,1.0,0.01,RF,3,0,5026,5000,5000,50,0,0.5,1.0,0.6464646464646465,"{""clf__base__max_depth"": 16, ""clf__base__max_features"": ""sqrt"", ""clf__base__min_samples_leaf"": 2, ""clf__base__n_estimators"": 200}",0.998,0.9593939393939396,0.8846153846153846,0.92,0.9019607843137256,0.9991915925626516,0.9987878787878788,0.9989896948878562,0.9504752396007908,0.9011277033913312,0.999559595959596,0.9622503218644908,0.9585848154883576,1.04,20.37,False,1f58d07,scikit-learn=1.9.1;imbalanced-learn=0.14.2;xgboost=3.4.1;lightgbm=4.7.0;numpy=2.5.3;pandas=3.0.6,2026-09-27T22:17:42Z
cicids2017,network_security,member_1,e3,c5_AC_smotetomek_threshold,1,0,1,none,0.0,1.0,0.01,RF,3,1,5027,5000,5000,50,0,0.5,1.0,0.4848484848484848,"{""clf__base__max_depth"": null, ""clf__base__max_features"": ""sqrt"", ""clf__base__min_samples_leaf"": 2, ""clf__base__n_estimators"": 400}",0.994,0.9771717171717172,0.631578947368421,0.96,0.7619047619047619,0.9995938261575954,0.9943434343434344,0.9969617176422928,0.8794332397735274,0.7761157080944112,0.998662626262626,0.9299350990771358,0.9770208272957628,1.52,33.2,False,1f58d07,scikit-learn=1.9.1;imbalanced-learn=0.14.2;xgboost=3.4.1;lightgbm=4.7.0;numpy=2.5.3;pandas=3.0.6,2026-09-27T22:18:16Z
cicids2017,network_security,member_1,e3,c5_AC_smotetomek_threshold,1,0,1,none,0.0,1.0,0.01,RF,4,0,6026,5000,5000,50,0,0.5,1.0,0.8585858585858587,"{""clf__base__max_depth"": 16, ""clf__base__max_features"": ""sqrt"", ""clf__base__min_samples_leaf"": 2, ""clf__base__n_estimators"": 400}",0.9968,0.938989898989899,0.8148148148148148,0.88,0.8461538461538461,0.9987868985038416,0.997979797979798,0.9983831851253032,0.9222685156395748,0.8451780095906017,0.9991272727272728,0.9303732232352756,0.9371351141762976,1.08,25.02,False,1f58d07,scikit-learn=1.9.1;imbalanced-learn=0.14.2;xgboost=3.4.1;lightgbm=4.7.0;numpy=2.5.3;pandas=3.0.6,2026-09-27T22:18:41Z
cicids2017,network_security,member_1,e3,c5_AC_smotetomek_threshold,1,0,1,none,0.0,1.0,0.01,RF,4,1,6027,5000,5000,50,0,0.5,1.0,0.5151515151515152,"{""clf__base__max_depth"": null, ""clf__base__max_features"": ""sqrt"", ""clf__base__min_samples_leaf"": 1, ""clf__base__n_estimators"": 200}",0.9978,0.9691919191919192,0.8545454545454545,0.94,0.8952380952380953,0.9993933265925176,0.9983838383838384,0.9988883274381,0.9470632113380976,0.8951661025692756,0.998230303030303,0.876589252604895,0.9687521912650356,1.1,16.28,False,1f58d07,scikit-learn=1.9.1;imbalanced-learn=0.14.2;xgboost=3.4.1;lightgbm=4.7.0;numpy=2.5.3;pandas=3.0.6,2026-09-27T22:18:57Z
cicids2017,network_security,member_1,e3,c5_AC_smotetomek_threshold,1,0,1,none,0.0,1.0,0.01,XGB,0,0,2026,5000,5000,50,0,0.5,1.0,0.929093301296234,"{""clf__base__colsample_bytree"": 0.8730309932691698, ""clf__base__learning_rate"": 0.199046962929904, ""clf__base__max_depth"": 8, ""clf__base__min_child_weight"": 3, ""clf__base__n_estimators"": 800, ""clf__base__reg_lambda"": 0.012097667712699732, ""clf__base__subsample"": 0.893015156710232}",0.9986,0.9695959595959596,0.9215686274509804,0.94,0.9306930693069309,0.9993938169327136,0.9991919191919192,0.9992928578644308,0.9649929635856808,0.930032518595131,0.9997454545454546,0.9816438701805954,0.9691441606079066,1.02,11.92,False,1f58d07,scikit-learn=1.9.1;imbalanced-learn=0.14.2;xgboost=3.4.1;lightgbm=4.7.0;numpy=2.5.3;pandas=3.0.6,2026-09-27T22:20:27Z
cicids2017,network_security,member_1,e3,c5_AC_smotetomek_threshold,1,0,1,none,0.0,1.0,0.01,XGB,0,1,2027,5000,5000,50,0,0.5,1.0,0.8178380131721497,"{""clf__base__colsample_bytree"": 0.8747685538575937, ""clf__base__learning_rate"": 0.13595931129996275, ""clf__base__max_depth"": 8, ""clf__base__min_child_weight"": 3, ""clf__base__n_estimators"": 400, ""clf__base__reg_lambda"": 0.1965471606749867, ""clf__base__subsample"": 0.6688106351596295}",0.998,0.9395959595959597,0.9166666666666666,0.88,0.8979591836734694,0.9987883683360258,0.9991919191919192,0.998990103009493,0.9484746433414812,0.8971402728436189,0.9991555555555556,0.9418758365926478,0.9377040518675862,0.96,9.41,False,1f58d07,scikit-learn=1.9.1;imbalanced-learn=0.14.2;xgboost=3.4.1;lightgbm=4.7.0;numpy=2.5.3;pandas=3.0.6,2026-09-27T22:20:37Z
cicids2017,network_security,member_1,e3,c5_AC_smotetomek_threshold,1,0,1,none,0.0,1.0,0.01,XGB,1,0,3026,5000,5000,50,0,0.5,1.0,0.939312756061554,"{""clf__base__colsample_bytree"": 0.9309234777238906, ""clf__base__learning_rate"": 0.04043516810958894, ""clf__base__max_depth"": 6, ""clf__base__min_child_weight"": 1, ""clf__base__n_estimators"": 800, ""clf__base__reg_lambda"": 0.07885568670293347, ""clf__base__subsample"": 0.6164565020946385}",0.9976,0.9492929292929292,0.8653846153846154,0.9,0.8823529411764706,0.9989894907033144,0.9985858585858586,0.9987876338654272,0.940570287520949,0.8813139895964471,0.999359595959596,0.9617452764538044,0.9480122745657212,1.04,14.24,False,1f58d07,scikit-learn=1.9.1;imbalanced-learn=0.14.2;xgboost=3.4.1;lightgbm=4.7.0;numpy=2.5.3;pandas=3.0.6,2026-09-27T22:20:51Z
cicids2017,network_security,member_1,e3,c5_AC_smotetomek_threshold,1,0,1,none,0.0,1.0,0.01,XGB,1,1,3027,5000,5000,50,0,0.5,1.0,0.535233199596405,"{""clf__base__colsample_bytree"": 0.8738352782317484, ""clf__base__learning_rate"": 0.01849946205195965, ""clf__base__max_depth"": 6, ""clf__base__min_child_weight"": 3, ""clf__base__n_estimators"": 800, ""clf__base__reg_lambda"": 0.7473652417625635, ""clf__base__subsample"": 0.7318780094224386}",0.998,0.9395959595959597,0.9166666666666666,0.88,0.8979591836734694,0.9987883683360258,0.9991919191919192,0.998990103009493,0.9484746433414812,0.8971402728436189,0.9993979797979796,0.9611566816309692,0.9377040518675862,0.96,15.19,False,1f58d07,scikit-learn=1.9.1;imbalanced-learn=0.14.2;xgboost=3.4.1;lightgbm=4.7.0;numpy=2.5.3;pandas=3.0.6,2026-09-27T22:21:06Z
cicids2017,network_security,member_1,e3,c5_AC_smotetomek_threshold,1,0,1,none,0.0,1.0,0.01,XGB,2,0,4026,5000,5000,50,0,0.5,1.0,0.6767258048057556,"{""clf__base__colsample_bytree"": 0.659630670299126, ""clf__base__learning_rate"": 0.03834557874295529, ""clf__base__max_depth"": 4, ""clf__base__min_child_weight"": 1, ""clf__base__n_estimators"": 800, ""clf__base__reg_lambda"": 0.0752355555373566, ""clf__base__subsample"": 0.6669423150701586}",0.998,0.9395959595959597,0.9166666666666666,0.88,0.8979591836734694,0.9987883683360258,0.9991919191919192,0.998990103009493,0.9484746433414812,0.8971402728436189,0.9995474747474749,0.969058842144202,0.9377040518675862,0.96,14.01,False,1f58d07,scikit-learn=1.9.1;imbalanced-learn=0.14.2;xgboost=3.4.1;lightgbm=4.7.0;numpy=2.5.3;pandas=3.0.6,2026-09-27T22:21:20Z
cicids2017,network_security,member_1,e3,c5_AC_smotetomek_threshold,1,0,1,none,0.0,1.0,0.01,XGB,2,1,4027,5000,5000,50,0,0.5,1.0,0.8981677293777466,"{""clf__base__colsample_bytree"": 0.622119288546256, ""clf__base__learning_rate"": 0.11484598443286205, ""clf__base__max_depth"": 4, ""clf__base__min_child_weight"": 5, ""clf__base__n_estimators"": 400, ""clf__base__reg_lambda"": 0.1512724105705654, ""clf__base__subsample"": 0.6247766555301236}",0.9984,0.9496969696969696,0.9375,0.9,0.9183673469387756,0.9989903069466882,0.9993939393939394,0.9991920824075944,0.9587797146731848,0.9177547092600624,0.9995050505050505,0.9609587749361664,0.948395774692478,0.96,8.78,False,1f58d07,scikit-learn=1.9.1;imbalanced-learn=0.14.2;xgboost=3.4.1;lightgbm=4.7.0;numpy=2.5.3;pandas=3.0.6,2026-09-27T22:21:29Z
cicids2017,network_security,member_1,e3,c5_AC_smotetomek_threshold,1,0,1,none,0.0,1.0,0.01,XGB,3,0,5026,5000,5000,50,0,0.5,1.0,0.7575147747993469,"{""clf__base__colsample_bytree"": 0.7808019843847107, ""clf__base__learning_rate"": 0.1307315008906521, ""clf__base__max_depth"": 3, ""clf__base__min_child_weight"": 3, ""clf__base__n_estimators"": 800, ""clf__base__reg_lambda"": 0.4515036359386654, ""clf__base__subsample"": 0.7381495117993713}",0.9986,0.9695959595959596,0.9215686274509804,0.94,0.9306930693069309,0.9993938169327136,0.9991919191919192,0.9992928578644308,0.9649929635856808,0.930032518595131,0.999779797979798,0.9785229255805528,0.9691441606079066,1.02,12.59,False,1f58d07,scikit-learn=1.9.1;imbalanced-learn=0.14.2;xgboost=3.4.1;lightgbm=4.7.0;numpy=2.5.3;pandas=3.0.6,2026-09-27T22:21:42Z
cicids2017,network_security,member_1,e3,c5_AC_smotetomek_threshold,1,0,1,none,0.0,1.0,0.01,XGB,3,1,5027,5000,5000,50,0,0.5,1.0,0.5453925728797913,"{""clf__base__colsample_bytree"": 0.8405279927109883, ""clf__base__learning_rate"": 0.03965143905411441, ""clf__base__max_depth"": 8, ""clf__base__min_child_weight"": 1, ""clf__base__n_estimators"": 400, ""clf__base__reg_lambda"": 0.025783651592417578, ""clf__base__subsample"": 0.6276769187790308}",0.9964,0.9684848484848484,0.7580645161290323,0.94,0.8392857142857143,0.9993924665856622,0.996969696969697,0.9981796116504854,0.9187326629681,0.8424453926289633,0.999480808080808,0.9703003003549104,0.968065863023542,1.24,10.61,False,1f58d07,scikit-learn=1.9.1;imbalanced-learn=0.14.2;xgboost=3.4.1;lightgbm=4.7.0;numpy=2.5.3;pandas=3.0.6,2026-09-27T22:21:53Z
cicids2017,network_security,member_1,e3,c5_AC_smotetomek_threshold,1,0,1,none,0.0,1.0,0.01,XGB,4,0,6026,5000,5000,50,0,0.5,1.0,0.5958182215690613,"{""clf__base__colsample_bytree"": 0.6430964645008799, ""clf__base__learning_rate"": 0.11900147712804574, ""clf__base__max_depth"": 6, ""clf__base__min_child_weight"": 3, ""clf__base__n_estimators"": 800, ""clf__base__reg_lambda"": 5.320668227960565, ""clf__base__subsample"": 0.8406463455818014}",0.9978,0.9691919191919192,0.8545454545454545,0.94,0.8952380952380953,0.9993933265925176,0.9983838383838384,0.9988883274381,0.9470632113380976,0.8951661025692756,0.9994666666666668,0.9725674133362208,0.9687521912650356,1.1,12.92,False,1f58d07,scikit-learn=1.9.1;imbalanced-learn=0.14.2;xgboost=3.4.1;lightgbm=4.7.0;numpy=2.5.3;pandas=3.0.6,2026-09-27T22:22:06Z
cicids2017,network_security,member_1,e3,c5_AC_smotetomek_threshold,1,0,1,none,0.0,1.0,0.01,XGB,4,1,6027,5000,5000,50,0,0.5,1.0,0.383503645658493,"{""clf__base__colsample_bytree"": 0.845628157608431, ""clf__base__learning_rate"": 0.024139440612952298, ""clf__base__max_depth"": 4, ""clf__base__min_child_weight"": 5, ""clf__base__n_estimators"": 400, ""clf__base__reg_lambda"": 1.1629742668675835, ""clf__base__subsample"": 0.8451265204139611}",0.997,0.9687878787878788,0.7966101694915254,0.94,0.8623853211009175,0.9993928354584092,0.9975757575757576,0.9984834698210494,0.9304343954609836,0.8638941604146393,0.9988868686868686,0.9435972203317646,0.9683600632622208,1.18,8.75,False,1f58d07,scikit-learn=1.9.1;imbalanced-learn=0.14.2;xgboost=3.4.1;lightgbm=4.7.0;numpy=2.5.3;pandas=3.0.6,2026-09-27T22:22:14Z
cicids2017,network_security,member_1,e3,c6_BC_weights_threshold,0,1,1,orig,1.0,0.0,0.01,LR,0,0,2026,5000,5000,50,0,0.01,1.0,0.9696969696969696,"{""clf__base__C"": 86.64678862932995}",0.9904,0.6882828282828283,0.5277777777777778,0.38,0.4418604651162791,0.9937550362610796,0.9965656565656564,0.995158361912447,0.718509413514363,0.4431606328850486,0.9906909090909092,0.3974489181721684,0.6153819541511999,0.72,12.6,False,1f58d07,scikit-learn=1.9.1;imbalanced-learn=0.14.2;xgboost=3.4.1;lightgbm=4.7.0;numpy=2.5.3;pandas=3.0.6,2026-09-27T22:04:40Z
cicids2017,network_security,member_1,e3,c6_BC_weights_threshold,0,1,1,orig,1.0,0.0,0.01,LR,0,1,2027,5000,5000,50,0,0.01,1.0,0.9292929292929294,"{""clf__base__C"": 33.09421283700199}",0.984,0.8236363636363637,0.34375,0.66,0.4520547945205479,0.9965334420880914,0.9872727272727272,0.9918814694540288,0.7219681319872884,0.4693145976912609,0.9227737373737372,0.2631259713015231,0.8072174428244226,1.92,7.95,False,1f58d07,scikit-learn=1.9.1;imbalanced-learn=0.14.2;xgboost=3.4.1;lightgbm=4.7.0;numpy=2.5.3;pandas=3.0.6,2026-09-27T22:04:48Z
cicids2017,network_security,member_1,e3,c6_BC_weights_threshold,0,1,1,orig,1.0,0.0,0.01,LR,1,0,3026,5000,5000,50,0,0.01,1.0,0.9393939393939394,"{""clf__base__C"": 95.41248660376695}",0.984,0.7543434343434343,0.3170731707317073,0.52,0.3939393939393939,0.9951199674664498,0.9886868686868688,0.9918929874341306,0.6929161906867622,0.3985079044329577,0.986080808080808,0.2750386008839581,0.7170196452798011,1.64,8.82,False,1f58d07,scikit-learn=1.9.1;imbalanced-learn=0.14.2;xgboost=3.4.1;lightgbm=4.7.0;numpy=2.5.3;pandas=3.0.6,2026-09-27T22:04:57Z
cicids2017,network_security,member_1,e3,c6_BC_weights_threshold,0,1,1,orig,1.0,0.0,0.01,LR,1,1,3027,5000,5000,50,0,0.01,1.0,0.9696969694746682,"{""clf__base__C"": 2.427560843432097}",0.9868,0.6666666666666666,0.34,0.34,0.34,0.9933333333333332,0.9933333333333332,0.9933333333333332,0.6666666666666666,0.3333333333333333,0.915539393939394,0.1769289455578219,0.5811482885919336,1.0,8.14,False,1f58d07,scikit-learn=1.9.1;imbalanced-learn=0.14.2;xgboost=3.4.1;lightgbm=4.7.0;numpy=2.5.3;pandas=3.0.6,2026-09-27T22:05:06Z
cicids2017,network_security,member_1,e3,c6_BC_weights_threshold,0,1,1,orig,1.0,0.0,0.01,LR,2,0,4026,5000,5000,50,0,0.01,1.0,0.97979797979798,"{""clf__base__C"": 11.333229684537264}",0.989,0.6875757575757575,0.4418604651162791,0.38,0.4086021505376344,0.993746217470244,0.9951515151515152,0.9944483698395076,0.701525260188571,0.4042505497614806,0.9747272727272728,0.2560505956301248,0.6149451810995642,0.86,9.1,False,1f58d07,scikit-learn=1.9.1;imbalanced-learn=0.14.2;xgboost=3.4.1;lightgbm=4.7.0;numpy=2.5.3;pandas=3.0.6,2026-09-27T22:05:15Z
cicids2017,network_security,member_1,e3,c6_BC_weights_threshold,0,1,1,orig,1.0,0.0,0.01,LR,2,1,4027,5000,5000,50,0,0.01,1.0,0.8686868686868687,"{""clf__base__C"": 80.93579062656904}",0.97,0.9551515151515152,0.2422680412371134,0.94,0.3852459016393442,0.9993757802746568,0.9703030303030304,0.9846248462484624,0.6849353739439034,0.4690086384877883,0.9556686868686868,0.2965106583980559,0.9550313337712268,3.88,10.37,False,1f58d07,scikit-learn=1.9.1;imbalanced-learn=0.14.2;xgboost=3.4.1;lightgbm=4.7.0;numpy=2.5.3;pandas=3.0.6,2026-09-27T22:05:26Z
cicids2017,network_security,member_1,e3,c6_BC_weights_threshold,0,1,1,orig,1.0,0.0,0.01,LR,3,0,5026,5000,5000,50,0,0.01,1.0,0.97979797979798,"{""clf__base__C"": 68.96511808116286}",0.9858,0.6463636363636364,0.2941176470588235,0.3,0.297029702970297,0.9929278642149928,0.9927272727272728,0.9928275583392262,0.6449286306547616,0.2898724713797257,0.97610101010101,0.2367802742226781,0.5457272045795242,1.02,8.17,False,1f58d07,scikit-learn=1.9.1;imbalanced-learn=0.14.2;xgboost=3.4.1;lightgbm=4.7.0;numpy=2.5.3;pandas=3.0.6,2026-09-27T22:05:34Z
cicids2017,network_security,member_1,e3,c6_BC_weights_threshold,0,1,1,orig,1.0,0.0,0.01,LR,3,1,5027,5000,5000,50,0,0.01,1.0,0.9696969696969696,"{""clf__base__C"": 14.586511895863424}",0.9912,0.757979797979798,0.5652173913043478,0.52,0.5416666666666666,0.9951554299555916,0.995959595959596,0.9955573505654282,0.7686120086160474,0.5377078523176104,0.9700484848484848,0.356073112477793,0.7196519922149801,0.92,7.95,False,1f58d07,scikit-learn=1.9.1;imbalanced-learn=0.14.2;xgboost=3.4.1;lightgbm=4.7.0;numpy=2.5.3;pandas=3.0.6,2026-09-27T22:05:42Z
cicids2017,network_security,member_1,e3,c6_BC_weights_threshold,0,1,1,orig,1.0,0.0,0.01,LR,4,0,6026,5000,5000,50,0,0.01,1.0,0.9393939393939394,"{""clf__base__C"": 73.66417088381552}",0.987,0.7855555555555556,0.3972602739726027,0.58,0.4715447154471545,0.9957377714633652,0.9911111111111112,0.9934190543687356,0.732481884907945,0.4737568473314454,0.9480282828282828,0.3206484849867716,0.7581849671712335,1.46,12.61,False,1f58d07,scikit-learn=1.9.1;imbalanced-learn=0.14.2;xgboost=3.4.1;lightgbm=4.7.0;numpy=2.5.3;pandas=3.0.6,2026-09-27T22:05:55Z
cicids2017,network_security,member_1,e3,c6_BC_weights_threshold,0,1,1,orig,1.0,0.0,0.01,LR,4,1,6027,5000,5000,50,0,0.01,1.0,0.9393939393939394,"{""clf__base__C"": 89.78839453758782}",0.984,0.8533333333333333,0.3529411764705882,0.72,0.4736842105263157,0.9971416904859126,0.9866666666666668,0.991876523151909,0.7327803668391124,0.4973850547103929,0.9874020202020202,0.2799251201248649,0.8428523002282191,2.04,12.9,False,1f58d07,scikit-learn=1.9.1;imbalanced-learn=0.14.2;xgboost=3.4.1;lightgbm=4.7.0;numpy=2.5.3;pandas=3.0.6,2026-09-27T22:06:08Z
cicids2017,network_security,member_1,e3,c6_BC_weights_threshold,0,1,1,orig,1.0,0.0,0.01,RF,0,0,2026,5000,5000,50,0,0.01,1.0,0.6060606060606061,"{""clf__base__max_depth"": 16, ""clf__base__max_features"": ""sqrt"", ""clf__base__min_samples_leaf"": 1, ""clf__base__n_estimators"": 400}",0.997,0.948989898989899,0.8181818181818182,0.9,0.8571428571428571,0.9989888776541962,0.997979797979798,0.9984840828701363,0.9278134700064968,0.856622890402676,0.999559595959596,0.960508085969194,0.9477245476307016,1.1,8.07,False,1f58d07,scikit-learn=1.9.1;imbalanced-learn=0.14.2;xgboost=3.4.1;lightgbm=4.7.0;numpy=2.5.3;pandas=3.0.6,2026-09-27T22:19:05Z
cicids2017,network_security,member_1,e3,c6_BC_weights_threshold,0,1,1,orig,1.0,0.0,0.01,RF,0,1,2027,5000,5000,50,0,0.01,1.0,0.7474747474747475,"{""clf__base__max_depth"": 16, ""clf__base__max_features"": ""sqrt"", ""clf__base__min_samples_leaf"": 2, ""clf__base__n_estimators"": 200}",0.9976,0.9294949494949496,0.8958333333333334,0.86,0.8775510204081632,0.9985864297253636,0.998989898989899,0.9987881236113916,0.9381695720097776,0.8765258364271754,0.9970666666666668,0.8974015282926425,0.9268933666454372,0.96,3.86,False,1f58d07,scikit-learn=1.9.1;imbalanced-learn=0.14.2;xgboost=3.4.1;lightgbm=4.7.0;numpy=2.5.3;pandas=3.0.6,2026-09-27T22:19:09Z
cicids2017,network_security,member_1,e3,c6_BC_weights_threshold,0,1,1,orig,1.0,0.0,0.01,RF,1,0,3026,5000,5000,50,0,0.01,1.0,0.4747474747474748,"{""clf__base__max_depth"": null, ""clf__base__max_features"": ""log2"", ""clf__base__min_samples_leaf"": 1, ""clf__base__n_estimators"": 400}",0.9958,0.9582828282828284,0.7301587301587301,0.92,0.8141592920353983,0.999189791371278,0.9965656565656564,0.997875998786285,0.9060176454108416,0.8176159284782452,0.9985676767676768,0.8709445446654726,0.957517834841944,1.26,7.03,False,1f58d07,scikit-learn=1.9.1;imbalanced-learn=0.14.2;xgboost=3.4.1;lightgbm=4.7.0;numpy=2.5.3;pandas=3.0.6,2026-09-27T22:19:16Z
cicids2017,network_security,member_1,e3,c6_BC_weights_threshold,0,1,1,orig,1.0,0.0,0.01,RF,1,1,3027,5000,5000,50,0,0.01,1.0,0.6363636363636365,"{""clf__base__max_depth"": null, ""clf__base__max_features"": ""log2"", ""clf__base__min_samples_leaf"": 1, ""clf__base__n_estimators"": 200}",0.9972,0.86989898989899,0.9736842105263158,0.74,0.8409090909090909,0.9973800886739218,0.9997979797979798,0.998587570621469,0.91974833076528,0.8475797347756002,0.998119191919192,0.9196563890758278,0.8601456301409112,0.76,3.72,False,1f58d07,scikit-learn=1.9.1;imbalanced-learn=0.14.2;xgboost=3.4.1;lightgbm=4.7.0;numpy=2.5.3;pandas=3.0.6,2026-09-27T22:19:20Z
cicids2017,network_security,member_1,e3,c6_BC_weights_threshold,0,1,1,orig,1.0,0.0,0.01,RF,2,0,4026,5000,5000,50,0,0.01,1.0,0.4848484848484848,"{""clf__base__max_depth"": null, ""clf__base__max_features"": ""sqrt"", ""clf__base__min_samples_leaf"": 1, ""clf__base__n_estimators"": 200}",0.998,0.9692929292929292,0.8703703703703703,0.94,0.903846153846154,0.9993934492519208,0.9985858585858586,0.9989894907033144,0.951417822274734,0.9035197958025624,0.9995535353535354,0.963344484581762,0.9688501984675996,1.08,4.48,False,1f58d07,scikit-learn=1.9.1;imbalanced-learn=0.14.2;xgboost=3.4.1;lightgbm=4.7.0;numpy=2.5.3;pandas=3.0.6,2026-09-27T22:19:25Z
cicids2017,network_security,member_1,e3,c6_BC_weights_threshold,0,1,1,orig,1.0,0.0,0.01,RF,2,1,4027,5000,5000,50,0,0.01,1.0,0.7575757575757577,"{""clf__base__max_depth"": 16, ""clf__base__max_features"": ""sqrt"", ""clf__base__min_samples_leaf"": 2, ""clf__base__n_estimators"": 400}",0.9966,0.9190909090909092,0.8235294117647058,0.84,0.8316831683168316,0.9983835118205698,0.9981818181818182,0.9982826548136176,0.9149829115652246,0.830007511217724,0.9981333333333332,0.8969854362189612,0.9156815643403154,1.02,7.93,False,1f58d07,scikit-learn=1.9.1;imbalanced-learn=0.14.2;xgboost=3.4.1;lightgbm=4.7.0;numpy=2.5.3;pandas=3.0.6,2026-09-27T22:19:33Z
cicids2017,network_security,member_1,e3,c6_BC_weights_threshold,0,1,1,orig,1.0,0.0,0.01,RF,3,0,5026,5000,5000,50,0,0.01,1.0,0.7474747474747475,"{""clf__base__max_depth"": 16, ""clf__base__max_features"": ""sqrt"", ""clf__base__min_samples_leaf"": 2, ""clf__base__n_estimators"": 400}",0.9984,0.9595959595959596,0.92,0.92,0.92,0.9991919191919192,0.9991919191919192,0.9991919191919192,0.9595959595959596,0.9191919191919192,0.9994949494949495,0.9405739822288322,0.958778684398316,1.0,7.35,False,1f58d07,scikit-learn=1.9.1;imbalanced-learn=0.14.2;xgboost=3.4.1;lightgbm=4.7.0;numpy=2.5.3;pandas=3.0.6,2026-09-27T22:19:40Z
cicids2017,network_security,member_1,e3,c6_BC_weights_threshold,0,1,1,orig,1.0,0.0,0.01,RF,3,1,5027,5000,5000,50,0,0.01,1.0,0.5454545454545455,"{""clf__base__max_depth"": null, ""clf__base__max_features"": ""log2"", ""clf__base__min_samples_leaf"": 1, ""clf__base__n_estimators"": 400}",0.997,0.9588888888888888,0.8070175438596491,0.92,0.8598130841121495,0.9991907748330972,0.9977777777777778,0.9984837764075608,0.9291484302598552,0.8601860724028187,0.9988969696969696,0.9328209397110232,0.9580999715872848,1.14,6.52,False,1f58d07,scikit-learn=1.9.1;imbalanced-learn=0.14.2;xgboost=3.4.1;lightgbm=4.7.0;numpy=2.5.3;pandas=3.0.6,2026-09-27T22:19:47Z
cicids2017,network_security,member_1,e3,c6_BC_weights_threshold,0,1,1,orig,1.0,0.0,0.01,RF,4,0,6026,5000,5000,50,0,0.01,1.0,0.6262626262626263,"{""clf__base__max_depth"": null, ""clf__base__max_features"": ""sqrt"", ""clf__base__min_samples_leaf"": 2, ""clf__base__n_estimators"": 400}",0.9962,0.9485858585858586,0.7627118644067796,0.9,0.8256880733944955,0.9989880590973488,0.9971717171717172,0.9980790617733292,0.9118835675839124,0.8266653666023299,0.9993212121212122,0.9485865476620104,0.9473407757795216,1.18,7.05,False,1f58d07,scikit-learn=1.9.1;imbalanced-learn=0.14.2;xgboost=3.4.1;lightgbm=4.7.0;numpy=2.5.3;pandas=3.0.6,2026-09-27T22:19:54Z
cicids2017,network_security,member_1,e3,c6_BC_weights_threshold,0,1,1,orig,1.0,0.0,0.01,RF,4,1,6027,5000,5000,50,0,0.01,1.0,0.494949494949495,"{""clf__base__max_depth"": null, ""clf__base__max_features"": ""sqrt"", ""clf__base__min_samples_leaf"": 1, ""clf__base__n_estimators"": 200}",0.9978,0.9691919191919192,0.8545454545454545,0.94,0.8952380952380953,0.9993933265925176,0.9983838383838384,0.9988883274381,0.9470632113380976,0.8951661025692756,0.9986787878787878,0.8770837248734347,0.9687521912650356,1.1,3.94,False,1f58d07,scikit-learn=1.9.1;imbalanced-learn=0.14.2;xgboost=3.4.1;lightgbm=4.7.0;numpy=2.5.3;pandas=3.0.6,2026-09-27T22:19:58Z
cicids2017,network_security,member_1,e3,c6_BC_weights_threshold,0,1,1,orig,1.0,0.0,0.01,XGB,0,0,2026,5000,5000,50,0,0.01,1.0,0.5048930644989014,"{""clf__base__colsample_bytree"": 0.8730309932691698, ""clf__base__learning_rate"": 0.199046962929904, ""clf__base__max_depth"": 8, ""clf__base__min_child_weight"": 3, ""clf__base__n_estimators"": 800, ""clf__base__reg_lambda"": 0.012097667712699732, ""clf__base__subsample"": 0.893015156710232}",0.9992,0.9797979797979798,0.96,0.96,0.96,0.9995959595959596,0.9995959595959596,0.9995959595959596,0.9797979797979798,0.9595959595959596,0.999761616161616,0.9880143755615456,0.9795979385503631,1.0,4.95,False,1f58d07,scikit-learn=1.9.1;imbalanced-learn=0.14.2;xgboost=3.4.1;lightgbm=4.7.0;numpy=2.5.3;pandas=3.0.6,2026-09-27T22:22:19Z
cicids2017,network_security,member_1,e3,c6_BC_weights_threshold,0,1,1,orig,1.0,0.0,0.01,XGB,0,1,2027,5000,5000,50,0,0.01,1.0,0.5251591205596924,"{""clf__base__colsample_bytree"": 0.9206269033670733, ""clf__base__learning_rate"": 0.21639357680112015, ""clf__base__max_depth"": 3, ""clf__base__min_child_weight"": 1, ""clf__base__n_estimators"": 200, ""clf__base__reg_lambda"": 0.39950328397895196, ""clf__base__subsample"": 0.643985800858856}",0.9984,0.9694949494949494,0.903846153846154,0.94,0.9215686274509804,0.9993936944219888,0.998989898989899,0.9991917559102848,0.9603801916806326,0.9209414171862156,0.9993272727272728,0.9258432409505474,0.9690461831360284,1.04,2.4,False,1f58d07,scikit-learn=1.9.1;imbalanced-learn=0.14.2;xgboost=3.4.1;lightgbm=4.7.0;numpy=2.5.3;pandas=3.0.6,2026-09-27T22:22:22Z
cicids2017,network_security,member_1,e3,c6_BC_weights_threshold,0,1,1,orig,1.0,0.0,0.01,XGB,1,0,3026,5000,5000,50,0,0.01,1.0,0.6059563159942627,"{""clf__base__colsample_bytree"": 0.6750002232167834, ""clf__base__learning_rate"": 0.055707861774863386, ""clf__base__max_depth"": 4, ""clf__base__min_child_weight"": 1, ""clf__base__n_estimators"": 800, ""clf__base__reg_lambda"": 0.08372426491886341, ""clf__base__subsample"": 0.7362258226856279}",0.9978,0.9592929292929292,0.8679245283018868,0.92,0.8932038834951457,0.9991914291489792,0.9985858585858586,0.9988885520864909,0.9460462177908182,0.8924799472640842,0.9993717171717172,0.9576004442426708,0.9584878663285152,1.06,5.73,False,1f58d07,scikit-learn=1.9.1;imbalanced-learn=0.14.2;xgboost=3.4.1;lightgbm=4.7.0;numpy=2.5.3;pandas=3.0.6,2026-09-27T22:22:28Z
cicids2017,network_security,member_1,e3,c6_BC_weights_threshold,0,1,1,orig,1.0,0.0,0.01,XGB,1,1,3027,5000,5000,50,0,0.01,1.0,0.484790176153183,"{""clf__base__colsample_bytree"": 0.8482827391756707, ""clf__base__learning_rate"": 0.08131230450991951, ""clf__base__max_depth"": 3, ""clf__base__min_child_weight"": 1, ""clf__base__n_estimators"": 800, ""clf__base__reg_lambda"": 4.380651853338851, ""clf__base__subsample"": 0.8913932215447226}",0.998,0.9395959595959597,0.9166666666666666,0.88,0.8979591836734694,0.9987883683360258,0.9991919191919192,0.998990103009493,0.9484746433414812,0.8971402728436189,0.9993656565656566,0.9592606694924206,0.9377040518675862,0.96,6.31,False,1f58d07,scikit-learn=1.9.1;imbalanced-learn=0.14.2;xgboost=3.4.1;lightgbm=4.7.0;numpy=2.5.3;pandas=3.0.6,2026-09-27T22:22:34Z
cicids2017,network_security,member_1,e3,c6_BC_weights_threshold,0,1,1,orig,1.0,0.0,0.01,XGB,2,0,4026,5000,5000,50,0,0.01,1.0,0.4746378362178802,"{""clf__base__colsample_bytree"": 0.659630670299126, ""clf__base__learning_rate"": 0.03834557874295529, ""clf__base__max_depth"": 4, ""clf__base__min_child_weight"": 1, ""clf__base__n_estimators"": 800, ""clf__base__reg_lambda"": 0.0752355555373566, ""clf__base__subsample"": 0.6669423150701586}",0.9988,0.9696969696969696,0.94,0.94,0.94,0.9993939393939394,0.9993939393939394,0.9993939393939394,0.9696969696969696,0.9393939393939394,0.9997818181818182,0.983536609491268,0.9692421281755672,1.0,6.24,False,1f58d07,scikit-learn=1.9.1;imbalanced-learn=0.14.2;xgboost=3.4.1;lightgbm=4.7.0;numpy=2.5.3;pandas=3.0.6,2026-09-27T22:22:40Z
cicids2017,network_security,member_1,e3,c6_BC_weights_threshold,0,1,1,orig,1.0,0.0,0.01,XGB,2,1,4027,5000,5000,50,0,0.01,1.0,0.8786513209342957,"{""clf__base__colsample_bytree"": 0.6559882439510808, ""clf__base__learning_rate"": 0.08120637239751023, ""clf__base__max_depth"": 4, ""clf__base__min_child_weight"": 1, ""clf__base__n_estimators"": 800, ""clf__base__reg_lambda"": 0.12873875292508413, ""clf__base__subsample"": 0.9865367520977653}",0.9992,0.9797979797979798,0.96,0.96,0.96,0.9995959595959596,0.9995959595959596,0.9995959595959596,0.9797979797979798,0.9595959595959596,0.9996323232323232,0.9682077512167834,0.9795979385503631,1.0,5.36,False,1f58d07,scikit-learn=1.9.1;imbalanced-learn=0.14.2;xgboost=3.4.1;lightgbm=4.7.0;numpy=2.5.3;pandas=3.0.6,2026-09-27T22:22:46Z
cicids2017,network_security,member_1,e3,c6_BC_weights_threshold,0,1,1,orig,1.0,0.0,0.01,XGB,3,0,5026,5000,5000,50,0,0.01,1.0,0.4947765171527862,"{""clf__base__colsample_bytree"": 0.7808019843847107, ""clf__base__learning_rate"": 0.1307315008906521, ""clf__base__max_depth"": 3, ""clf__base__min_child_weight"": 3, ""clf__base__n_estimators"": 800, ""clf__base__reg_lambda"": 0.4515036359386654, ""clf__base__subsample"": 0.7381495117993713}",0.9988,0.9696969696969696,0.94,0.94,0.94,0.9993939393939394,0.9993939393939394,0.9993939393939394,0.9696969696969696,0.9393939393939394,0.999719191919192,0.9782270614764084,0.9692421281755672,1.0,5.03,False,1f58d07,scikit-learn=1.9.1;imbalanced-learn=0.14.2;xgboost=3.4.1;lightgbm=4.7.0;numpy=2.5.3;pandas=3.0.6,2026-09-27T22:22:51Z
cicids2017,network_security,member_1,e3,c6_BC_weights_threshold,0,1,1,orig,1.0,0.0,0.01,XGB,3,1,5027,5000,5000,50,0,0.01,1.0,0.313068687915802,"{""clf__base__colsample_bytree"": 0.8618637240825485, ""clf__base__learning_rate"": 0.24920359397357883, ""clf__base__max_depth"": 6, ""clf__base__min_child_weight"": 1, ""clf__base__n_estimators"": 800, ""clf__base__reg_lambda"": 0.2723466933997092, ""clf__base__subsample"": 0.7486647947789067}",0.9984,0.9694949494949494,0.903846153846154,0.94,0.9215686274509804,0.9993936944219888,0.998989898989899,0.9991917559102848,0.9603801916806326,0.9209414171862156,0.9993757575757576,0.9656018000405756,0.9690461831360284,1.04,4.59,False,1f58d07,scikit-learn=1.9.1;imbalanced-learn=0.14.2;xgboost=3.4.1;lightgbm=4.7.0;numpy=2.5.3;pandas=3.0.6,2026-09-27T22:22:56Z
cicids2017,network_security,member_1,e3,c6_BC_weights_threshold,0,1,1,orig,1.0,0.0,0.01,XGB,4,0,6026,5000,5000,50,0,0.01,1.0,0.7775396704673767,"{""clf__base__colsample_bytree"": 0.708267051973608, ""clf__base__learning_rate"": 0.28455392508376126, ""clf__base__max_depth"": 6, ""clf__base__min_child_weight"": 3, ""clf__base__n_estimators"": 800, ""clf__base__reg_lambda"": 9.393317723633603, ""clf__base__subsample"": 0.7134007472138406}",0.9986,0.94979797979798,0.9574468085106383,0.9,0.9278350515463918,0.9989905108015344,0.9995959595959596,0.9992931434918711,0.9635640975191316,0.9275813430961304,0.9998666666666668,0.9885904835052302,0.9484916254961684,0.94,5.15,False,1f58d07,scikit-learn=1.9.1;imbalanced-learn=0.14.2;xgboost=3.4.1;lightgbm=4.7.0;numpy=2.5.3;pandas=3.0.6,2026-09-27T22:23:01Z
cicids2017,network_security,member_1,e3,c6_BC_weights_threshold,0,1,1,orig,1.0,0.0,0.01,XGB,4,1,6027,5000,5000,50,0,0.01,1.0,0.4342958331108093,"{""clf__base__colsample_bytree"": 0.9962576164977475, ""clf__base__learning_rate"": 0.03423548596985521, ""clf__base__max_depth"": 8, ""clf__base__min_child_weight"": 3, ""clf__base__n_estimators"": 200, ""clf__base__reg_lambda"": 0.05550509218069603, ""clf__base__subsample"": 0.9491643683623555}",0.9974,0.968989898989899,0.8245614035087719,0.94,0.8785046728971962,0.999393081124823,0.997979797979798,0.9986859395532196,0.938595306225208,0.879120390527468,0.9983616161616162,0.928072474414995,0.9685561471081632,1.14,3.49,False,1f58d07,scikit-learn=1.9.1;imbalanced-learn=0.14.2;xgboost=3.4.1;lightgbm=4.7.0;numpy=2.5.3;pandas=3.0.6,2026-09-27T22:23:04Z
cicids2017,network_security,member_1,e3,c7_ABC_full,1,1,1,orig,1.0,1.0,0.01,LR,0,0,2026,5000,5000,50,0,0.5,99.0,0.98989898989899,"{""clf__base__C"": 86.64678862932995}",0.9458,0.9726262626262626,0.1557632398753894,1.0,0.2695417789757412,1.0,0.9452525252525252,0.9718558521134074,0.6206988155445743,0.3837129080884909,0.9710262626262626,0.1453389558039138,0.9722409810600072,6.419999999999999,18.86,False,1f58d07,scikit-learn=1.9.1;imbalanced-learn=0.14.2;xgboost=3.4.1;lightgbm=4.7.0;numpy=2.5.3;pandas=3.0.6,2026-09-27T22:06:27Z
cicids2017,network_security,member_1,e3,c7_ABC_full,1,1,1,orig,1.0,1.0,0.01,LR,0,1,2027,5000,5000,50,0,0.5,99.0,0.9898989820735477,"{""clf__base__C"": 33.09421283700199}",0.9454,0.9130303030303032,0.1414790996784566,0.88,0.2437673130193905,0.99872040946897,0.946060606060606,0.971677559912854,0.6077224364661222,0.3403135194136763,0.909212121212121,0.115144209554879,0.9124326459160332,6.22,18.47,False,1f58d07,scikit-learn=1.9.1;imbalanced-learn=0.14.2;xgboost=3.4.1;lightgbm=4.7.0;numpy=2.5.3;pandas=3.0.6,2026-09-27T22:06:46Z
cicids2017,network_security,member_1,e3,c7_ABC_full,1,1,1,orig,1.0,1.0,0.01,LR,1,0,3026,5000,5000,50,0,0.5,99.0,0.98989898989899,"{""clf__base__C"": 95.41248660376695}",0.944,0.9717171717171718,0.1515151515151515,1.0,0.2631578947368421,1.0,0.9434343434343434,0.9708939708939708,0.6170259328154065,0.3780801469133919,0.9681777777777778,0.1367179036955051,0.97130548409568,6.6000000000000005,20.22,False,1f58d07,scikit-learn=1.9.1;imbalanced-learn=0.14.2;xgboost=3.4.1;lightgbm=4.7.0;numpy=2.5.3;pandas=3.0.6,2026-09-27T22:07:06Z
cicids2017,network_security,member_1,e3,c7_ABC_full,1,1,1,orig,1.0,1.0,0.01,LR,1,1,3027,5000,5000,50,0,0.5,99.0,0.9898989893228034,"{""clf__base__C"": 4.686201792798966}",0.938,0.9290909090909092,0.1306818181818181,0.92,0.2288557213930348,0.9991394148020654,0.9381818181818182,0.9677016045009376,0.5982786629469863,0.3337816977617476,0.9098949494949494,0.1156543193120011,0.9290464319544384,7.04,21.87,False,1f58d07,scikit-learn=1.9.1;imbalanced-learn=0.14.2;xgboost=3.4.1;lightgbm=4.7.0;numpy=2.5.3;pandas=3.0.6,2026-09-27T22:07:28Z
cicids2017,network_security,member_1,e3,c7_ABC_full,1,1,1,orig,1.0,1.0,0.01,LR,2,0,4026,5000,5000,50,0,0.5,99.0,0.97979797979798,"{""clf__base__C"": 11.333229684537264}",0.9412,0.9505050505050504,0.1411764705882353,0.96,0.2461538461538461,0.9995708154506436,0.941010101010101,0.9694068678459936,0.60778035699992,0.3561105536357888,0.9574262626262626,0.1169214471113025,0.9504576250258068,6.800000000000001,20.71,False,1f58d07,scikit-learn=1.9.1;imbalanced-learn=0.14.2;xgboost=3.4.1;lightgbm=4.7.0;numpy=2.5.3;pandas=3.0.6,2026-09-27T22:07:49Z
cicids2017,network_security,member_1,e3,c7_ABC_full,1,1,1,orig,1.0,1.0,0.01,LR,2,1,4027,5000,5000,50,0,0.5,99.0,0.98989898989899,"{""clf__base__C"": 80.93579062656904}",0.9436,0.9715151515151514,0.1506024096385542,1.0,0.2617801047120419,1.0,0.943030303030303,0.9706799750467872,0.6162300398794146,0.3768589072830037,0.9705616161616162,0.1793049889113579,0.971097473495994,6.64,18.73,False,1f58d07,scikit-learn=1.9.1;imbalanced-learn=0.14.2;xgboost=3.4.1;lightgbm=4.7.0;numpy=2.5.3;pandas=3.0.6,2026-09-27T22:08:08Z
cicids2017,network_security,member_1,e3,c7_ABC_full,1,1,1,orig,1.0,1.0,0.01,LR,3,0,5026,5000,5000,50,0,0.5,99.0,0.9898989898957768,"{""clf__base__C"": 68.96511808116286}",0.9458,0.9528282828282828,0.1514195583596214,0.96,0.2615803814713896,0.9995729233397396,0.9456565656565656,0.971867538669158,0.6167239600702739,0.3697936349043951,0.9498727272727272,0.1147860137390751,0.9528012925213226,6.34,17.64,False,1f58d07,scikit-learn=1.9.1;imbalanced-learn=0.14.2;xgboost=3.4.1;lightgbm=4.7.0;numpy=2.5.3;pandas=3.0.6,2026-09-27T22:08:26Z
cicids2017,network_security,member_1,e3,c7_ABC_full,1,1,1,orig,1.0,1.0,0.01,LR,3,1,5027,5000,5000,50,0,0.5,99.0,0.98989898989899,"{""clf__base__C"": 14.586511895863424}",0.9384,0.9292929292929292,0.1314285714285714,0.92,0.23,0.9991397849462366,0.9385858585858586,0.9679166666666666,0.5989583333333334,0.3348195698614536,0.9393656565656566,0.1341592151976613,0.9292464634847905,7.000000000000001,17.79,False,1f58d07,scikit-learn=1.9.1;imbalanced-learn=0.14.2;xgboost=3.4.1;lightgbm=4.7.0;numpy=2.5.3;pandas=3.0.6,2026-09-27T22:08:44Z
cicids2017,network_security,member_1,e3,c7_ABC_full,1,1,1,orig,1.0,1.0,0.01,LR,4,0,6026,5000,5000,50,0,0.5,99.0,0.9797979724129324,"{""clf__base__C"": 73.66417088381552}",0.9398,0.9596969696969696,0.1404011461318051,0.98,0.2456140350877192,0.9997849924747366,0.9393939393939394,0.968649099052182,0.6071315670699506,0.3590073623505418,0.9662020202020202,0.166314363830961,0.9594821835792788,6.98,16.95,False,1f58d07,scikit-learn=1.9.1;imbalanced-learn=0.14.2;xgboost=3.4.1;lightgbm=4.7.0;numpy=2.5.3;pandas=3.0.6,2026-09-27T22:09:01Z
cicids2017,network_security,member_1,e3,c7_ABC_full,1,1,1,orig,1.0,1.0,0.01,LR,4,1,6027,5000,5000,50,0,0.5,99.0,0.9898989898976912,"{""clf__base__C"": 89.78839453758782}",0.9444,0.9719191919191918,0.1524390243902439,1.0,0.2645502645502645,1.0,0.9438383838383838,0.9711078777800872,0.6178290711651759,0.3793122755914812,0.9715434343434344,0.1474534185358254,0.9715134501582486,6.5600000000000005,18.23,False,1f58d07,scikit-learn=1.9.1;imbalanced-learn=0.14.2;xgboost=3.4.1;lightgbm=4.7.0;numpy=2.5.3;pandas=3.0.6,2026-09-27T22:09:19Z
cicids2017,network_security,member_1,e3,c7_ABC_full,1,1,1,orig,1.0,1.0,0.01,RF,0,0,2026,5000,5000,50,0,0.5,99.0,0.9696969696969696,"{""clf__base__max_depth"": 16, ""clf__base__max_features"": ""sqrt"", ""clf__base__min_samples_leaf"": 1, ""clf__base__n_estimators"": 200}",0.9962,0.9782828282828282,0.7384615384615385,0.96,0.8347826086956521,0.9995947315096252,0.9965656565656564,0.9980778958017198,0.916430252248686,0.840237633332003,0.9990181818181818,0.9065434379049156,0.9781119722726178,1.2999999999999998,11.91,False,1f58d07,scikit-learn=1.9.1;imbalanced-learn=0.14.2;xgboost=3.4.1;lightgbm=4.7.0;numpy=2.5.3;pandas=3.0.6,2026-09-27T22:20:10Z
cicids2017,network_security,member_1,e3,c7_ABC_full,1,1,1,orig,1.0,1.0,0.01,RF,0,1,2027,5000,5000,50,0,0.5,99.0,0.9696969696969696,"{""clf__base__max_depth"": null, ""clf__base__max_features"": ""log2"", ""clf__base__min_samples_leaf"": 2, ""clf__base__n_estimators"": 200}",0.9972,0.9094949494949496,0.8913043478260869,0.82,0.8541666666666666,0.9981832862333468,0.998989898989899,0.9985864297253636,0.9263765481960152,0.8535112111572407,0.994420202020202,0.8902834424013731,0.9050810555810552,0.92,9.63,False,1f58d07,scikit-learn=1.9.1;imbalanced-learn=0.14.2;xgboost=3.4.1;lightgbm=4.7.0;numpy=2.5.3;pandas=3.0.6,2026-09-27T22:20:20Z
cicids2017,network_security,member_1,e3,c7_ABC_full,1,1,1,orig,1.0,1.0,0.01,RF,1,0,3026,5000,5000,50,0,0.5,99.0,0.9393939393939394,"{""clf__base__max_depth"": null, ""clf__base__max_features"": ""log2"", ""clf__base__min_samples_leaf"": 1, ""clf__base__n_estimators"": 400}",0.9944,0.9476767676767676,0.6617647058823529,0.9,0.7627118644067796,0.998986212489862,0.9953535353535352,0.9971665654725764,0.8799392149396781,0.7691590672628504,0.9984080808080807,0.8438186347688414,0.946476720167053,1.36,17.32,False,1f58d07,scikit-learn=1.9.1;imbalanced-learn=0.14.2;xgboost=3.4.1;lightgbm=4.7.0;numpy=2.5.3;pandas=3.0.6,2026-09-27T22:20:37Z
cicids2017,network_security,member_1,e3,c7_ABC_full,1,1,1,orig,1.0,1.0,0.01,RF,1,1,3027,5000,5000,50,0,0.5,99.0,0.9494949494949496,"{""clf__base__max_depth"": null, ""clf__base__max_features"": ""log2"", ""clf__base__min_samples_leaf"": 1, ""clf__base__n_estimators"": 200}",0.9974,0.9491919191919193,0.8490566037735849,0.9,0.8737864077669902,0.998989286436224,0.9983838383838384,0.998686470647671,0.9362364392073306,0.8728520619052963,0.9944101010101012,0.9140936784248852,0.9479163752913304,1.06,9.86,False,1f58d07,scikit-learn=1.9.1;imbalanced-learn=0.14.2;xgboost=3.4.1;lightgbm=4.7.0;numpy=2.5.3;pandas=3.0.6,2026-09-27T22:20:47Z
cicids2017,network_security,member_1,e3,c7_ABC_full,1,1,1,orig,1.0,1.0,0.01,RF,2,0,4026,5000,5000,50,0,0.5,99.0,0.98989898989899,"{""clf__base__max_depth"": null, ""clf__base__max_features"": ""sqrt"", ""clf__base__min_samples_leaf"": 1, ""clf__base__n_estimators"": 200}",0.997,0.8994949494949496,0.8888888888888888,0.8,0.8421052631578947,0.9979818365287588,0.998989898989899,0.9984856133266028,0.9202954382422488,0.8417842664950117,0.9993252525252526,0.9435193538304916,0.8939753459642605,0.8999999999999999,10.87,False,1f58d07,scikit-learn=1.9.1;imbalanced-learn=0.14.2;xgboost=3.4.1;lightgbm=4.7.0;numpy=2.5.3;pandas=3.0.6,2026-09-27T22:20:58Z
cicids2017,network_security,member_1,e3,c7_ABC_full,1,1,1,orig,1.0,1.0,0.01,RF,2,1,4027,5000,5000,50,0,0.5,99.0,0.9494949494949496,"{""clf__base__max_depth"": 16, ""clf__base__max_features"": ""log2"", ""clf__base__min_samples_leaf"": 1, ""clf__base__n_estimators"": 400}",0.9966,0.9388888888888888,0.8,0.88,0.8380952380952381,0.9987866531850352,0.9977777777777778,0.9982819605861546,0.9181885993406964,0.8373512843193762,0.9987272727272728,0.8817787246924925,0.9370402576434188,1.1,16.54,False,1f58d07,scikit-learn=1.9.1;imbalanced-learn=0.14.2;xgboost=3.4.1;lightgbm=4.7.0;numpy=2.5.3;pandas=3.0.6,2026-09-27T22:21:15Z
cicids2017,network_security,member_1,e3,c7_ABC_full,1,1,1,orig,1.0,1.0,0.01,RF,3,0,5026,5000,5000,50,0,0.5,99.0,0.969677194245031,"{""clf__base__max_depth"": 8, ""clf__base__max_features"": ""log2"", ""clf__base__min_samples_leaf"": 1, ""clf__base__n_estimators"": 200}",0.9974,0.968989898989899,0.8245614035087719,0.94,0.8785046728971962,0.999393081124823,0.997979797979798,0.9986859395532196,0.938595306225208,0.879120390527468,0.9993535353535354,0.935757811293725,0.9685561471081632,1.14,10.07,False,1f58d07,scikit-learn=1.9.1;imbalanced-learn=0.14.2;xgboost=3.4.1;lightgbm=4.7.0;numpy=2.5.3;pandas=3.0.6,2026-09-27T22:21:25Z
cicids2017,network_security,member_1,e3,c7_ABC_full,1,1,1,orig,1.0,1.0,0.01,RF,3,1,5027,5000,5000,50,0,0.5,99.0,0.9292929292929294,"{""clf__base__max_depth"": null, ""clf__base__max_features"": ""log2"", ""clf__base__min_samples_leaf"": 1, ""clf__base__n_estimators"": 400}",0.9942,0.9772727272727272,0.64,0.96,0.768,0.9995939086294416,0.9945454545454544,0.9970632911392404,0.8825316455696203,0.7813587257061857,0.9990767676767676,0.919131191317407,0.977120072643908,1.5,16.21,False,1f58d07,scikit-learn=1.9.1;imbalanced-learn=0.14.2;xgboost=3.4.1;lightgbm=4.7.0;numpy=2.5.3;pandas=3.0.6,2026-09-27T22:21:41Z
cicids2017,network_security,member_1,e3,c7_ABC_full,1,1,1,orig,1.0,1.0,0.01,RF,4,0,6026,5000,5000,50,0,0.5,99.0,0.9494846890077686,"{""clf__base__max_depth"": 8, ""clf__base__max_features"": ""sqrt"", ""clf__base__min_samples_leaf"": 1, ""clf__base__n_estimators"": 200}",0.9958,0.978080808080808,0.7164179104477612,0.96,0.8205128205128205,0.9995945672004866,0.996161616161616,0.9978751391277952,0.909193979820308,0.8274198739576126,0.9988262626262624,0.9033401352625128,0.977913672833728,1.34,10.77,False,1f58d07,scikit-learn=1.9.1;imbalanced-learn=0.14.2;xgboost=3.4.1;lightgbm=4.7.0;numpy=2.5.3;pandas=3.0.6,2026-09-27T22:21:52Z
cicids2017,network_security,member_1,e3,c7_ABC_full,1,1,1,orig,1.0,1.0,0.01,RF,4,1,6027,5000,5000,50,0,0.5,99.0,0.9595959595959596,"{""clf__base__max_depth"": null, ""clf__base__max_features"": ""sqrt"", ""clf__base__min_samples_leaf"": 1, ""clf__base__n_estimators"": 200}",0.998,0.9692929292929292,0.8703703703703703,0.94,0.903846153846154,0.9993934492519208,0.9985858585858586,0.9989894907033144,0.951417822274734,0.9035197958025624,0.9990181818181818,0.893191057994084,0.9688501984675996,1.08,10.92,False,1f58d07,scikit-learn=1.9.1;imbalanced-learn=0.14.2;xgboost=3.4.1;lightgbm=4.7.0;numpy=2.5.3;pandas=3.0.6,2026-09-27T22:22:03Z
cicids2017,network_security,member_1,e3,c7_ABC_full,1,1,1,orig,1.0,1.0,0.01,XGB,0,0,2026,5000,5000,50,0,0.5,99.0,0.9898750185966492,"{""clf__base__colsample_bytree"": 0.6299297262516527, ""clf__base__learning_rate"": 0.24209961404115907, ""clf__base__max_depth"": 3, ""clf__base__min_child_weight"": 1, ""clf__base__n_estimators"": 400, ""clf__base__reg_lambda"": 0.013825769701893902, ""clf__base__subsample"": 0.7881804586451416}",0.993,0.9964646464646464,0.5882352941176471,1.0,0.7407407407407407,1.0,0.9929292929292928,0.996452103395844,0.8685964220682922,0.7642486864001076,0.9982464646464646,0.712407199809949,0.9964583749105091,1.7000000000000002,7.51,False,1f58d07,scikit-learn=1.9.1;imbalanced-learn=0.14.2;xgboost=3.4.1;lightgbm=4.7.0;numpy=2.5.3;pandas=3.0.6,2026-09-27T22:23:12Z
cicids2017,network_security,member_1,e3,c7_ABC_full,1,1,1,orig,1.0,1.0,0.01,XGB,0,1,2027,5000,5000,50,0,0.5,99.0,0.9898268580436708,"{""clf__base__colsample_bytree"": 0.9708534199704669, ""clf__base__learning_rate"": 0.0442673907270532, ""clf__base__max_depth"": 8, ""clf__base__min_child_weight"": 1, ""clf__base__n_estimators"": 200, ""clf__base__reg_lambda"": 0.04693946850954257, ""clf__base__subsample"": 0.9120151652522048}",0.9976,0.9096969696969696,0.9318181818181818,0.82,0.8723404255319149,0.99818401937046,0.9993939393939394,0.9987886129618412,0.935564519246878,0.8729479751262365,0.9978848484848486,0.919897024875546,0.9052640666142836,0.88,6.79,False,1f58d07,scikit-learn=1.9.1;imbalanced-learn=0.14.2;xgboost=3.4.1;lightgbm=4.7.0;numpy=2.5.3;pandas=3.0.6,2026-09-27T22:23:19Z
cicids2017,network_security,member_1,e3,c7_ABC_full,1,1,1,orig,1.0,1.0,0.01,XGB,1,0,3026,5000,5000,50,0,0.5,99.0,0.989887535572052,"{""clf__base__colsample_bytree"": 0.6427066924659094, ""clf__base__learning_rate"": 0.14362393914105898, ""clf__base__max_depth"": 6, ""clf__base__min_child_weight"": 1, ""clf__base__n_estimators"": 400, ""clf__base__reg_lambda"": 0.614643025252804, ""clf__base__subsample"": 0.9355678497997515}",0.9966,0.9586868686868688,0.7796610169491526,0.92,0.8440366972477065,0.999190447277879,0.9973737373737374,0.9982812657971892,0.921158981522448,0.8452797635084845,0.9989737373737376,0.9438835025419116,0.9579059653138392,1.18,7.62,False,1f58d07,scikit-learn=1.9.1;imbalanced-learn=0.14.2;xgboost=3.4.1;lightgbm=4.7.0;numpy=2.5.3;pandas=3.0.6,2026-09-27T22:23:27Z
cicids2017,network_security,member_1,e3,c7_ABC_full,1,1,1,orig,1.0,1.0,0.01,XGB,1,1,3027,5000,5000,50,0,0.5,99.0,0.9898349046707152,"{""clf__base__colsample_bytree"": 0.7104807071006849, ""clf__base__learning_rate"": 0.04849185141838699, ""clf__base__max_depth"": 6, ""clf__base__min_child_weight"": 1, ""clf__base__n_estimators"": 800, ""clf__base__reg_lambda"": 0.10018170767019599, ""clf__base__subsample"": 0.8054452821394007}",0.998,0.9296969696969696,0.9347826086956522,0.86,0.8958333333333334,0.9985870004037142,0.9993939393939394,0.9989903069466882,0.9474118201400108,0.8956183256691914,0.9984,0.9375668495510118,0.9270807882157778,0.92,11.11,False,1f58d07,scikit-learn=1.9.1;imbalanced-learn=0.14.2;xgboost=3.4.1;lightgbm=4.7.0;numpy=2.5.3;pandas=3.0.6,2026-09-27T22:23:38Z
cicids2017,network_security,member_1,e3,c7_ABC_full,1,1,1,orig,1.0,1.0,0.01,XGB,2,0,4026,5000,5000,50,0,0.5,99.0,0.9898196458816528,"{""clf__base__colsample_bytree"": 0.659630670299126, ""clf__base__learning_rate"": 0.03834557874295529, ""clf__base__max_depth"": 4, ""clf__base__min_child_weight"": 1, ""clf__base__n_estimators"": 800, ""clf__base__reg_lambda"": 0.0752355555373566, ""clf__base__subsample"": 0.6669423150701586}",0.9986,0.9794949494949494,0.9056603773584906,0.96,0.9320388349514565,0.9995957145744896,0.998989898989899,0.9992927149641304,0.9656657749577936,0.93173571798166,0.9997555555555556,0.9809320764203118,0.9793009256762208,1.06,11.34,False,1f58d07,scikit-learn=1.9.1;imbalanced-learn=0.14.2;xgboost=3.4.1;lightgbm=4.7.0;numpy=2.5.3;pandas=3.0.6,2026-09-27T22:23:49Z
cicids2017,network_security,member_1,e3,c7_ABC_full,1,1,1,orig,1.0,1.0,0.01,XGB,2,1,4027,5000,5000,50,0,0.5,99.0,0.9797428846359252,"{""clf__base__colsample_bytree"": 0.6559882439510808, ""clf__base__learning_rate"": 0.08120637239751023, ""clf__base__max_depth"": 4, ""clf__base__min_child_weight"": 1, ""clf__base__n_estimators"": 800, ""clf__base__reg_lambda"": 0.12873875292508413, ""clf__base__subsample"": 0.9865367520977653}",0.9968,0.9587878787878787,0.7931034482758621,0.92,0.8518518518518519,0.999190611088628,0.9975757575757576,0.9983825313384552,0.9251171915951536,0.8526369812201112,0.9994767676767676,0.958595800394412,0.958002973361616,1.16,10.97,False,1f58d07,scikit-learn=1.9.1;imbalanced-learn=0.14.2;xgboost=3.4.1;lightgbm=4.7.0;numpy=2.5.3;pandas=3.0.6,2026-09-27T22:24:00Z
cicids2017,network_security,member_1,e3,c7_ABC_full,1,1,1,orig,1.0,1.0,0.01,XGB,3,0,5026,5000,5000,50,0,0.5,99.0,0.9898752570152284,"{""clf__base__colsample_bytree"": 0.966186289625362, ""clf__base__learning_rate"": 0.29511899190869545, ""clf__base__max_depth"": 6, ""clf__base__min_child_weight"": 1, ""clf__base__n_estimators"": 200, ""clf__base__reg_lambda"": 1.784943962718507, ""clf__base__subsample"": 0.76926012218394}",0.9966,0.9586868686868688,0.7796610169491526,0.92,0.8440366972477065,0.999190447277879,0.9973737373737374,0.9982812657971892,0.921158981522448,0.8452797635084845,0.9994222222222222,0.9412512125011016,0.9579059653138392,1.18,6.08,False,1f58d07,scikit-learn=1.9.1;imbalanced-learn=0.14.2;xgboost=3.4.1;lightgbm=4.7.0;numpy=2.5.3;pandas=3.0.6,2026-09-27T22:24:06Z
cicids2017,network_security,member_1,e3,c7_ABC_full,1,1,1,orig,1.0,1.0,0.01,XGB,3,1,5027,5000,5000,50,0,0.5,99.0,0.9898771047592164,"{""clf__base__colsample_bytree"": 0.8618637240825485, ""clf__base__learning_rate"": 0.24920359397357883, ""clf__base__max_depth"": 6, ""clf__base__min_child_weight"": 1, ""clf__base__n_estimators"": 800, ""clf__base__reg_lambda"": 0.2723466933997092, ""clf__base__subsample"": 0.7486647947789067}",0.9976,0.978989898989899,0.8275862068965517,0.96,0.8888888888888888,0.999595305544314,0.997979797979798,0.9987868985038416,0.9438378936963652,0.8901815422601865,0.9997858585858588,0.9815359629998476,0.9788057039375108,1.16,10.91,False,1f58d07,scikit-learn=1.9.1;imbalanced-learn=0.14.2;xgboost=3.4.1;lightgbm=4.7.0;numpy=2.5.3;pandas=3.0.6,2026-09-27T22:24:17Z
cicids2017,network_security,member_1,e3,c7_ABC_full,1,1,1,orig,1.0,1.0,0.01,XGB,4,0,6026,5000,5000,50,0,0.5,99.0,0.9898427128791808,"{""clf__base__colsample_bytree"": 0.8054931707609041, ""clf__base__learning_rate"": 0.0741136801321364, ""clf__base__max_depth"": 3, ""clf__base__min_child_weight"": 1, ""clf__base__n_estimators"": 200, ""clf__base__reg_lambda"": 0.6105355904706413, ""clf__base__subsample"": 0.8743098875360427}",0.9968,0.9884848484848484,0.765625,0.98,0.8596491228070176,0.9997974068071313,0.996969696969697,0.9983815496661946,0.929015336236606,0.8647511184336099,0.9996444444444444,0.9727058493910776,0.9884484321553164,1.28,6.18,False,1f58d07,scikit-learn=1.9.1;imbalanced-learn=0.14.2;xgboost=3.4.1;lightgbm=4.7.0;numpy=2.5.3;pandas=3.0.6,2026-09-27T22:24:24Z
cicids2017,network_security,member_1,e3,c7_ABC_full,1,1,1,orig,1.0,1.0,0.01,XGB,4,1,6027,5000,5000,50,0,0.5,99.0,0.979664146900177,"{""clf__base__colsample_bytree"": 0.7400831131827571, ""clf__base__learning_rate"": 0.021664971667522914, ""clf__base__max_depth"": 8, ""clf__base__min_child_weight"": 1, ""clf__base__n_estimators"": 400, ""clf__base__reg_lambda"": 0.0421316488972222, ""clf__base__subsample"": 0.6098935341153626}",0.9974,0.968989898989899,0.8245614035087719,0.94,0.8785046728971962,0.999393081124823,0.997979797979798,0.9986859395532196,0.938595306225208,0.879120390527468,0.9992505050505052,0.9614139334163192,0.9685561471081632,1.14,8.99,False,1f58d07,scikit-learn=1.9.1;imbalanced-learn=0.14.2;xgboost=3.4.1;lightgbm=4.7.0;numpy=2.5.3;pandas=3.0.6,2026-09-27T22:24:33Z
